-- MySQL dump 10.13  Distrib 8.0.40, for Win64 (x86_64)
--
-- Host: localhost    Database: bookingsystem
-- ------------------------------------------------------
-- Server version	9.1.0

/*!40101 SET @OLD_CHARACTER_SET_CLIENT=@@CHARACTER_SET_CLIENT */;
/*!40101 SET @OLD_CHARACTER_SET_RESULTS=@@CHARACTER_SET_RESULTS */;
/*!40101 SET @OLD_COLLATION_CONNECTION=@@COLLATION_CONNECTION */;
/*!50503 SET NAMES utf8 */;
/*!40103 SET @OLD_TIME_ZONE=@@TIME_ZONE */;
/*!40103 SET TIME_ZONE='+00:00' */;
/*!40014 SET @OLD_UNIQUE_CHECKS=@@UNIQUE_CHECKS, UNIQUE_CHECKS=0 */;
/*!40014 SET @OLD_FOREIGN_KEY_CHECKS=@@FOREIGN_KEY_CHECKS, FOREIGN_KEY_CHECKS=0 */;
/*!40101 SET @OLD_SQL_MODE=@@SQL_MODE, SQL_MODE='NO_AUTO_VALUE_ON_ZERO' */;
/*!40111 SET @OLD_SQL_NOTES=@@SQL_NOTES, SQL_NOTES=0 */;

--
-- Table structure for table `auth_group`
--

DROP TABLE IF EXISTS `auth_group`;
/*!40101 SET @saved_cs_client     = @@character_set_client */;
/*!50503 SET character_set_client = utf8mb4 */;
CREATE TABLE `auth_group` (
  `id` int NOT NULL AUTO_INCREMENT,
  `name` varchar(150) NOT NULL,
  PRIMARY KEY (`id`),
  UNIQUE KEY `name` (`name`)
) ENGINE=InnoDB DEFAULT CHARSET=utf8mb3;
/*!40101 SET character_set_client = @saved_cs_client */;

--
-- Dumping data for table `auth_group`
--

LOCK TABLES `auth_group` WRITE;
/*!40000 ALTER TABLE `auth_group` DISABLE KEYS */;
/*!40000 ALTER TABLE `auth_group` ENABLE KEYS */;
UNLOCK TABLES;

--
-- Table structure for table `auth_group_permissions`
--

DROP TABLE IF EXISTS `auth_group_permissions`;
/*!40101 SET @saved_cs_client     = @@character_set_client */;
/*!50503 SET character_set_client = utf8mb4 */;
CREATE TABLE `auth_group_permissions` (
  `id` bigint NOT NULL AUTO_INCREMENT,
  `group_id` int NOT NULL,
  `permission_id` int NOT NULL,
  PRIMARY KEY (`id`),
  UNIQUE KEY `auth_group_permissions_group_id_permission_id_0cd325b0_uniq` (`group_id`,`permission_id`),
  KEY `auth_group_permissio_permission_id_84c5c92e_fk_auth_perm` (`permission_id`),
  CONSTRAINT `auth_group_permissio_permission_id_84c5c92e_fk_auth_perm` FOREIGN KEY (`permission_id`) REFERENCES `auth_permission` (`id`),
  CONSTRAINT `auth_group_permissions_group_id_b120cbf9_fk_auth_group_id` FOREIGN KEY (`group_id`) REFERENCES `auth_group` (`id`)
) ENGINE=InnoDB DEFAULT CHARSET=utf8mb3;
/*!40101 SET character_set_client = @saved_cs_client */;

--
-- Dumping data for table `auth_group_permissions`
--

LOCK TABLES `auth_group_permissions` WRITE;
/*!40000 ALTER TABLE `auth_group_permissions` DISABLE KEYS */;
/*!40000 ALTER TABLE `auth_group_permissions` ENABLE KEYS */;
UNLOCK TABLES;

--
-- Table structure for table `auth_permission`
--

DROP TABLE IF EXISTS `auth_permission`;
/*!40101 SET @saved_cs_client     = @@character_set_client */;
/*!50503 SET character_set_client = utf8mb4 */;
CREATE TABLE `auth_permission` (
  `id` int NOT NULL AUTO_INCREMENT,
  `name` varchar(255) NOT NULL,
  `content_type_id` int NOT NULL,
  `codename` varchar(100) NOT NULL,
  PRIMARY KEY (`id`),
  UNIQUE KEY `auth_permission_content_type_id_codename_01ab375a_uniq` (`content_type_id`,`codename`),
  CONSTRAINT `auth_permission_content_type_id_2f476e4b_fk_django_co` FOREIGN KEY (`content_type_id`) REFERENCES `django_content_type` (`id`)
) ENGINE=InnoDB AUTO_INCREMENT=65 DEFAULT CHARSET=utf8mb3;
/*!40101 SET character_set_client = @saved_cs_client */;

--
-- Dumping data for table `auth_permission`
--

LOCK TABLES `auth_permission` WRITE;
/*!40000 ALTER TABLE `auth_permission` DISABLE KEYS */;
INSERT INTO `auth_permission` VALUES (1,'Can add log entry',1,'add_logentry'),(2,'Can change log entry',1,'change_logentry'),(3,'Can delete log entry',1,'delete_logentry'),(4,'Can view log entry',1,'view_logentry'),(5,'Can add permission',2,'add_permission'),(6,'Can change permission',2,'change_permission'),(7,'Can delete permission',2,'delete_permission'),(8,'Can view permission',2,'view_permission'),(9,'Can add group',3,'add_group'),(10,'Can change group',3,'change_group'),(11,'Can delete group',3,'delete_group'),(12,'Can view group',3,'view_group'),(13,'Can add user',4,'add_user'),(14,'Can change user',4,'change_user'),(15,'Can delete user',4,'delete_user'),(16,'Can view user',4,'view_user'),(17,'Can add content type',5,'add_contenttype'),(18,'Can change content type',5,'change_contenttype'),(19,'Can delete content type',5,'delete_contenttype'),(20,'Can view content type',5,'view_contenttype'),(21,'Can add session',6,'add_session'),(22,'Can change session',6,'change_session'),(23,'Can delete session',6,'delete_session'),(24,'Can view session',6,'view_session'),(25,'Can add bus',7,'add_bus'),(26,'Can change bus',7,'change_bus'),(27,'Can delete bus',7,'delete_bus'),(28,'Can view bus',7,'view_bus'),(29,'Can add bus station',8,'add_busstation'),(30,'Can change bus station',8,'change_busstation'),(31,'Can delete bus station',8,'delete_busstation'),(32,'Can view bus station',8,'view_busstation'),(33,'Can add booking',9,'add_booking'),(34,'Can change booking',9,'change_booking'),(35,'Can delete booking',9,'delete_booking'),(36,'Can view booking',9,'view_booking'),(37,'Can add cancellation request',10,'add_cancellationrequest'),(38,'Can change cancellation request',10,'change_cancellationrequest'),(39,'Can delete cancellation request',10,'delete_cancellationrequest'),(40,'Can view cancellation request',10,'view_cancellationrequest'),(41,'Can add route',11,'add_route'),(42,'Can change route',11,'change_route'),(43,'Can delete route',11,'delete_route'),(44,'Can view route',11,'view_route'),(45,'Can add schedule',12,'add_schedule'),(46,'Can change schedule',12,'change_schedule'),(47,'Can delete schedule',12,'delete_schedule'),(48,'Can view schedule',12,'view_schedule'),(49,'Can add seat',13,'add_seat'),(50,'Can change seat',13,'change_seat'),(51,'Can delete seat',13,'delete_seat'),(52,'Can view seat',13,'view_seat'),(53,'Can add trip',14,'add_trip'),(54,'Can change trip',14,'change_trip'),(55,'Can delete trip',14,'delete_trip'),(56,'Can view trip',14,'view_trip'),(57,'Can add price list',15,'add_pricelist'),(58,'Can change price list',15,'change_pricelist'),(59,'Can delete price list',15,'delete_pricelist'),(60,'Can view price list',15,'view_pricelist'),(61,'Can add seat trip',16,'add_seattrip'),(62,'Can change seat trip',16,'change_seattrip'),(63,'Can delete seat trip',16,'delete_seattrip'),(64,'Can view seat trip',16,'view_seattrip');
/*!40000 ALTER TABLE `auth_permission` ENABLE KEYS */;
UNLOCK TABLES;

--
-- Table structure for table `auth_user`
--

DROP TABLE IF EXISTS `auth_user`;
/*!40101 SET @saved_cs_client     = @@character_set_client */;
/*!50503 SET character_set_client = utf8mb4 */;
CREATE TABLE `auth_user` (
  `id` int NOT NULL AUTO_INCREMENT,
  `password` varchar(128) NOT NULL,
  `last_login` datetime(6) DEFAULT NULL,
  `is_superuser` tinyint(1) NOT NULL,
  `username` varchar(150) NOT NULL,
  `first_name` varchar(150) NOT NULL,
  `last_name` varchar(150) NOT NULL,
  `email` varchar(254) NOT NULL,
  `is_staff` tinyint(1) NOT NULL,
  `is_active` tinyint(1) NOT NULL,
  `date_joined` datetime(6) NOT NULL,
  PRIMARY KEY (`id`),
  UNIQUE KEY `username` (`username`)
) ENGINE=InnoDB AUTO_INCREMENT=2 DEFAULT CHARSET=utf8mb3;
/*!40101 SET character_set_client = @saved_cs_client */;

--
-- Dumping data for table `auth_user`
--

LOCK TABLES `auth_user` WRITE;
/*!40000 ALTER TABLE `auth_user` DISABLE KEYS */;
INSERT INTO `auth_user` VALUES (1,'pbkdf2_sha256$870000$Yqik2JSTjwXXg66nhnUyRt$bxEwt7QawU+JgBN/qJSySw/Pc1H+32s81LAN3jakrKQ=','2025-03-26 00:28:54.527727',1,'admin','','','quockhanh08042004@gmail.com',1,1,'2025-03-26 00:28:29.441104');
/*!40000 ALTER TABLE `auth_user` ENABLE KEYS */;
UNLOCK TABLES;

--
-- Table structure for table `auth_user_groups`
--

DROP TABLE IF EXISTS `auth_user_groups`;
/*!40101 SET @saved_cs_client     = @@character_set_client */;
/*!50503 SET character_set_client = utf8mb4 */;
CREATE TABLE `auth_user_groups` (
  `id` bigint NOT NULL AUTO_INCREMENT,
  `user_id` int NOT NULL,
  `group_id` int NOT NULL,
  PRIMARY KEY (`id`),
  UNIQUE KEY `auth_user_groups_user_id_group_id_94350c0c_uniq` (`user_id`,`group_id`),
  KEY `auth_user_groups_group_id_97559544_fk_auth_group_id` (`group_id`),
  CONSTRAINT `auth_user_groups_group_id_97559544_fk_auth_group_id` FOREIGN KEY (`group_id`) REFERENCES `auth_group` (`id`),
  CONSTRAINT `auth_user_groups_user_id_6a12ed8b_fk_auth_user_id` FOREIGN KEY (`user_id`) REFERENCES `auth_user` (`id`)
) ENGINE=InnoDB DEFAULT CHARSET=utf8mb3;
/*!40101 SET character_set_client = @saved_cs_client */;

--
-- Dumping data for table `auth_user_groups`
--

LOCK TABLES `auth_user_groups` WRITE;
/*!40000 ALTER TABLE `auth_user_groups` DISABLE KEYS */;
/*!40000 ALTER TABLE `auth_user_groups` ENABLE KEYS */;
UNLOCK TABLES;

--
-- Table structure for table `auth_user_user_permissions`
--

DROP TABLE IF EXISTS `auth_user_user_permissions`;
/*!40101 SET @saved_cs_client     = @@character_set_client */;
/*!50503 SET character_set_client = utf8mb4 */;
CREATE TABLE `auth_user_user_permissions` (
  `id` bigint NOT NULL AUTO_INCREMENT,
  `user_id` int NOT NULL,
  `permission_id` int NOT NULL,
  PRIMARY KEY (`id`),
  UNIQUE KEY `auth_user_user_permissions_user_id_permission_id_14a6b632_uniq` (`user_id`,`permission_id`),
  KEY `auth_user_user_permi_permission_id_1fbb5f2c_fk_auth_perm` (`permission_id`),
  CONSTRAINT `auth_user_user_permi_permission_id_1fbb5f2c_fk_auth_perm` FOREIGN KEY (`permission_id`) REFERENCES `auth_permission` (`id`),
  CONSTRAINT `auth_user_user_permissions_user_id_a95ead1b_fk_auth_user_id` FOREIGN KEY (`user_id`) REFERENCES `auth_user` (`id`)
) ENGINE=InnoDB DEFAULT CHARSET=utf8mb3;
/*!40101 SET character_set_client = @saved_cs_client */;

--
-- Dumping data for table `auth_user_user_permissions`
--

LOCK TABLES `auth_user_user_permissions` WRITE;
/*!40000 ALTER TABLE `auth_user_user_permissions` DISABLE KEYS */;
/*!40000 ALTER TABLE `auth_user_user_permissions` ENABLE KEYS */;
UNLOCK TABLES;

--
-- Table structure for table `booking_booking`
--

DROP TABLE IF EXISTS `booking_booking`;
/*!40101 SET @saved_cs_client     = @@character_set_client */;
/*!50503 SET character_set_client = utf8mb4 */;
CREATE TABLE `booking_booking` (
  `id` bigint NOT NULL AUTO_INCREMENT,
  `booking_code` varchar(20) NOT NULL,
  `passenger_name` varchar(100) NOT NULL,
  `passenger_phone` varchar(20) NOT NULL,
  `passenger_email` varchar(254) NOT NULL,
  `passenger_identity` varchar(20) DEFAULT NULL,
  `booking_status` varchar(10) NOT NULL,
  `payment_method` varchar(10) NOT NULL,
  `payment_status` varchar(10) NOT NULL,
  `total_price` decimal(10,2) NOT NULL,
  `booking_time` datetime(6) NOT NULL,
  `updated_at` datetime(6) NOT NULL,
  `dropoff_station_id` bigint NOT NULL,
  `pickup_station_id` bigint NOT NULL,
  `seat_id` bigint NOT NULL,
  `trip_id` bigint NOT NULL,
  PRIMARY KEY (`id`),
  UNIQUE KEY `booking_code` (`booking_code`),
  KEY `booking_booking_seat_id_b59d2954_fk_booking_seat_id` (`seat_id`),
  KEY `booking_booking_trip_id_bb76bd3d_fk_booking_trip_id` (`trip_id`),
  KEY `booking_booking_dropoff_station_id_956903bb_fk_booking_b` (`dropoff_station_id`),
  KEY `booking_booking_pickup_station_id_cbee17af_fk_booking_b` (`pickup_station_id`),
  CONSTRAINT `booking_booking_dropoff_station_id_956903bb_fk_booking_b` FOREIGN KEY (`dropoff_station_id`) REFERENCES `booking_busstation` (`id`),
  CONSTRAINT `booking_booking_pickup_station_id_cbee17af_fk_booking_b` FOREIGN KEY (`pickup_station_id`) REFERENCES `booking_busstation` (`id`),
  CONSTRAINT `booking_booking_seat_id_b59d2954_fk_booking_seat_id` FOREIGN KEY (`seat_id`) REFERENCES `booking_seat` (`id`),
  CONSTRAINT `booking_booking_trip_id_bb76bd3d_fk_booking_trip_id` FOREIGN KEY (`trip_id`) REFERENCES `booking_trip` (`id`)
) ENGINE=InnoDB DEFAULT CHARSET=utf8mb3;
/*!40101 SET character_set_client = @saved_cs_client */;

--
-- Dumping data for table `booking_booking`
--

LOCK TABLES `booking_booking` WRITE;
/*!40000 ALTER TABLE `booking_booking` DISABLE KEYS */;
/*!40000 ALTER TABLE `booking_booking` ENABLE KEYS */;
UNLOCK TABLES;

--
-- Table structure for table `booking_bus`
--

DROP TABLE IF EXISTS `booking_bus`;
/*!40101 SET @saved_cs_client     = @@character_set_client */;
/*!50503 SET character_set_client = utf8mb4 */;
CREATE TABLE `booking_bus` (
  `id` bigint NOT NULL AUTO_INCREMENT,
  `license_plate` varchar(20) NOT NULL,
  `bus_type` varchar(10) NOT NULL,
  `total_seats` int NOT NULL,
  `amenities` longtext,
  `created_at` datetime(6) NOT NULL,
  `updated_at` datetime(6) NOT NULL,
  `surcharge` int NOT NULL,
  PRIMARY KEY (`id`),
  UNIQUE KEY `license_plate` (`license_plate`)
) ENGINE=InnoDB AUTO_INCREMENT=15 DEFAULT CHARSET=utf8mb3;
/*!40101 SET character_set_client = @saved_cs_client */;

--
-- Dumping data for table `booking_bus`
--

LOCK TABLES `booking_bus` WRITE;
/*!40000 ALTER TABLE `booking_bus` DISABLE KEYS */;
INSERT INTO `booking_bus` VALUES (1,'43A-23412','Sitting',44,'','2025-03-26 23:12:04.000000','2025-03-27 08:17:33.552920',0),(2,'43A-55443','Sleeper',44,'','2025-03-26 23:12:23.000000','2025-03-27 08:14:56.649899',50),(3,'37A-35213','SleeperVIP',32,'','2025-03-26 23:12:50.000000','2025-03-27 08:10:35.907752',100),(4,'43A-99889','SleeperVIP',32,'','2025-03-26 23:14:02.000000','2025-03-27 08:10:26.158008',100),(5,'37A-35453','Sitting',29,'','2025-03-26 23:14:24.000000','2025-03-27 08:02:08.004110',0),(6,'37A-12123','Sleeper',44,'','2025-03-27 08:15:34.000000','2025-03-27 08:16:14.601857',50),(7,'43A-99999','SleeperVIP',32,'','2025-03-27 08:45:50.000000','2025-03-27 08:46:16.395877',100),(8,'29A-87877','SleeperVIP',32,'','2025-03-28 02:20:34.000000','2025-03-28 02:21:11.681728',100),(9,'29A-90901','Sleeper',44,'','2025-03-28 02:21:11.000000','2025-03-28 02:21:39.536982',50),(10,'43D-95454','Sitting',29,'','2025-03-28 02:21:39.000000','2025-03-28 02:22:09.323709',0),(11,'43A-99882','SleeperVIP',32,'','2025-03-28 02:22:09.000000','2025-03-28 02:22:30.087302',100),(12,'43A-23466','Sleeper',44,'','2025-03-28 02:22:30.000000','2025-03-28 02:22:44.758474',50),(13,'75C-66666','Sitting',44,'','2025-03-28 02:22:44.000000','2025-03-28 02:23:15.481135',0),(14,'75A-90999','Sleeper',44,'','2025-03-28 02:23:40.000000','2025-03-28 02:23:49.071290',50);
/*!40000 ALTER TABLE `booking_bus` ENABLE KEYS */;
UNLOCK TABLES;

--
-- Table structure for table `booking_busstation`
--

DROP TABLE IF EXISTS `booking_busstation`;
/*!40101 SET @saved_cs_client     = @@character_set_client */;
/*!50503 SET character_set_client = utf8mb4 */;
CREATE TABLE `booking_busstation` (
  `id` bigint NOT NULL AUTO_INCREMENT,
  `station_name` varchar(100) NOT NULL,
  `address` longtext NOT NULL,
  `province` varchar(50) NOT NULL,
  `created_at` datetime(6) NOT NULL,
  `updated_at` datetime(6) NOT NULL,
  PRIMARY KEY (`id`)
) ENGINE=InnoDB AUTO_INCREMENT=18 DEFAULT CHARSET=utf8mb3;
/*!40101 SET character_set_client = @saved_cs_client */;

--
-- Dumping data for table `booking_busstation`
--

LOCK TABLES `booking_busstation` WRITE;
/*!40000 ALTER TABLE `booking_busstation` DISABLE KEYS */;
INSERT INTO `booking_busstation` VALUES (9,'Bến xe trung tâm Đà Nẵng','185 Tôn Đức Thắng, Liên Chiểu, Đà Nẵng','DNANG','2025-03-26 22:58:31.000000','2025-03-26 22:59:11.806712'),(10,'Đường tránh Huế','Ngã ba đường tránh Tp Huế, Huế, Thừa Thiên Huế','TTTHUE','2025-03-26 22:59:11.000000','2025-03-26 22:59:44.308270'),(11,'Bến xe Đồng Hới','156 Trần Hưng Đạo, Đồng Phú, Đồng Hới, Quảng Bình','QBINH','2025-03-26 22:59:44.000000','2025-03-26 23:00:19.173568'),(12,'Bến xe Quảng Ngãi','2 Trần Khánh Dư, phường Nghĩa Chánh, Tp Quảng Ngãi, Tỉnh Quảng Ngãi','QNGAI','2025-03-26 23:00:19.000000','2025-03-26 23:01:26.652917'),(13,'Bến xe Đô Lương','Xã Yên Sơn, Đô Lương, Nghệ An','NAN','2025-03-26 23:01:26.000000','2025-03-26 23:01:57.728882'),(14,'Bến xe Con Cuông','Thị trấn Con Cuông, Con Cuông, Nghệ An','NAN','2025-03-26 23:01:57.000000','2025-03-26 23:02:26.191530'),(15,'Bến xe Miền Tây','395 Đ. Kinh Dương Vương, An Lạc, Bình Tân, Hồ Chí Minh','HCMINH','2025-03-26 23:02:26.000000','2025-03-26 23:03:47.461996'),(16,'Bến Xe Miền Đông','292 Đ. Đinh Bộ Lĩnh, Phường 26, Bình Thạnh, Hồ Chí Minh','HCMINH','2025-03-26 23:03:47.000000','2025-03-26 23:04:15.557686'),(17,'Bến xe Nước Ngầm','1 Đ. Ngọc Hồi, Hoàng Liệt, Hoàng Mai, Hà Nội','HNOI','2025-03-26 23:04:15.000000','2025-03-26 23:05:13.830097');
/*!40000 ALTER TABLE `booking_busstation` ENABLE KEYS */;
UNLOCK TABLES;

--
-- Table structure for table `booking_cancellationrequest`
--

DROP TABLE IF EXISTS `booking_cancellationrequest`;
/*!40101 SET @saved_cs_client     = @@character_set_client */;
/*!50503 SET character_set_client = utf8mb4 */;
CREATE TABLE `booking_cancellationrequest` (
  `id` bigint NOT NULL AUTO_INCREMENT,
  `request_time` datetime(6) NOT NULL,
  `status` varchar(10) NOT NULL,
  `refund_amount` decimal(10,2) DEFAULT NULL,
  `refund_method` varchar(12) DEFAULT NULL,
  `refund_status` varchar(10) DEFAULT NULL,
  `notes` longtext,
  `booking_id` bigint NOT NULL,
  PRIMARY KEY (`id`),
  KEY `booking_cancellation_booking_id_7085d164_fk_booking_b` (`booking_id`),
  CONSTRAINT `booking_cancellation_booking_id_7085d164_fk_booking_b` FOREIGN KEY (`booking_id`) REFERENCES `booking_booking` (`id`)
) ENGINE=InnoDB DEFAULT CHARSET=utf8mb3;
/*!40101 SET character_set_client = @saved_cs_client */;

--
-- Dumping data for table `booking_cancellationrequest`
--

LOCK TABLES `booking_cancellationrequest` WRITE;
/*!40000 ALTER TABLE `booking_cancellationrequest` DISABLE KEYS */;
/*!40000 ALTER TABLE `booking_cancellationrequest` ENABLE KEYS */;
UNLOCK TABLES;

--
-- Table structure for table `booking_route`
--

DROP TABLE IF EXISTS `booking_route`;
/*!40101 SET @saved_cs_client     = @@character_set_client */;
/*!50503 SET character_set_client = utf8mb4 */;
CREATE TABLE `booking_route` (
  `id` bigint NOT NULL AUTO_INCREMENT,
  `route_name` varchar(100) NOT NULL,
  `distance_km` decimal(10,2) NOT NULL,
  `estimated_duration_minutes` int NOT NULL,
  `created_at` datetime(6) NOT NULL,
  `updated_at` datetime(6) NOT NULL,
  `arrival_station_id` bigint NOT NULL,
  `departure_station_id` bigint NOT NULL,
  `base_price` int NOT NULL,
  PRIMARY KEY (`id`),
  KEY `booking_route_arrival_station_id_c7f698f7_fk_booking_b` (`arrival_station_id`),
  KEY `booking_route_departure_station_id_41ae0501_fk_booking_b` (`departure_station_id`),
  CONSTRAINT `booking_route_arrival_station_id_c7f698f7_fk_booking_b` FOREIGN KEY (`arrival_station_id`) REFERENCES `booking_busstation` (`id`),
  CONSTRAINT `booking_route_departure_station_id_41ae0501_fk_booking_b` FOREIGN KEY (`departure_station_id`) REFERENCES `booking_busstation` (`id`)
) ENGINE=InnoDB AUTO_INCREMENT=11 DEFAULT CHARSET=utf8mb3;
/*!40101 SET character_set_client = @saved_cs_client */;

--
-- Dumping data for table `booking_route`
--

LOCK TABLES `booking_route` WRITE;
/*!40000 ALTER TABLE `booking_route` DISABLE KEYS */;
INSERT INTO `booking_route` VALUES (1,'Đà Nẵng - Nghệ An',540.00,630,'2025-03-28 01:51:46.000000','2025-03-29 06:16:21.134036',13,9,350),(2,'Đà Nẵng - Nghệ An',600.00,720,'2025-03-28 01:55:24.000000','2025-03-28 01:56:32.178218',14,9,400),(3,'Đà Nẵng - Hà Nội',759.00,750,'2025-03-28 01:56:32.000000','2025-03-28 01:59:21.338589',17,9,450),(4,'Đà Nẵng - Thành Phố Hồ Chí Minh',917.00,1080,'2025-03-28 01:59:21.000000','2025-03-28 02:02:34.942605',16,9,700),(5,'Thành Phố Hồ Chí Minh - Đà Nẵng',917.00,1080,'2025-03-28 02:02:34.000000','2025-03-28 02:04:25.210490',9,16,700),(6,'Đà Nẵng - Thừa Thiên Huế',100.00,120,'2025-03-28 02:04:25.000000','2025-03-28 02:05:46.892116',10,9,250),(7,'Thừa Thiên Huế - Đà Nẵng',100.00,120,'2025-03-28 02:05:46.000000','2025-03-28 02:06:16.164618',9,10,250),(8,'Hà Nội - Đà Nẵng',759.00,750,'2025-03-28 02:06:16.000000','2025-03-28 02:07:46.958097',9,17,450),(9,'Đà Nãng - Quảng Ngãi',145.00,150,'2025-03-28 02:07:46.000000','2025-03-28 05:16:09.325720',12,9,300),(10,'Quãng Ngãi - Đà Nẵng',145.00,150,'2025-03-28 02:09:30.000000','2025-03-28 02:10:12.815566',9,12,300);
/*!40000 ALTER TABLE `booking_route` ENABLE KEYS */;
UNLOCK TABLES;

--
-- Table structure for table `booking_schedule`
--

DROP TABLE IF EXISTS `booking_schedule`;
/*!40101 SET @saved_cs_client     = @@character_set_client */;
/*!50503 SET character_set_client = utf8mb4 */;
CREATE TABLE `booking_schedule` (
  `id` bigint NOT NULL AUTO_INCREMENT,
  `departure_time` time(6) NOT NULL,
  `arrival_time` time(6) NOT NULL,
  `is_active` tinyint(1) NOT NULL,
  `created_at` datetime(6) NOT NULL,
  `updated_at` datetime(6) NOT NULL,
  `bus_id` bigint NOT NULL,
  `route_id` bigint NOT NULL,
  PRIMARY KEY (`id`),
  KEY `booking_schedule_bus_id_3ee7200c_fk_booking_bus_id` (`bus_id`),
  KEY `booking_schedule_route_id_fcab1b3e_fk_booking_route_id` (`route_id`),
  CONSTRAINT `booking_schedule_bus_id_3ee7200c_fk_booking_bus_id` FOREIGN KEY (`bus_id`) REFERENCES `booking_bus` (`id`),
  CONSTRAINT `booking_schedule_route_id_fcab1b3e_fk_booking_route_id` FOREIGN KEY (`route_id`) REFERENCES `booking_route` (`id`)
) ENGINE=InnoDB AUTO_INCREMENT=10 DEFAULT CHARSET=utf8mb3;
/*!40101 SET character_set_client = @saved_cs_client */;

--
-- Dumping data for table `booking_schedule`
--

LOCK TABLES `booking_schedule` WRITE;
/*!40000 ALTER TABLE `booking_schedule` DISABLE KEYS */;
INSERT INTO `booking_schedule` VALUES (1,'18:00:00.000000','04:30:00.000000',1,'2025-03-28 02:10:18.000000','2025-03-28 02:24:40.927344',13,1),(2,'19:00:00.000000','07:00:00.000000',1,'2025-03-28 02:13:19.000000','2025-03-28 02:24:34.870569',8,2),(3,'20:00:00.000000','08:30:00.000000',1,'2025-03-28 02:14:30.000000','2025-03-28 02:24:19.469472',11,8),(4,'06:00:00.000000','08:00:00.000000',1,'2025-03-28 02:15:56.000000','2025-03-28 02:16:40.037416',2,7),(5,'14:00:00.000000','16:00:00.000000',1,'2025-03-28 02:16:40.000000','2025-03-28 02:17:03.586802',1,6),(6,'17:00:00.000000','11:00:00.000000',1,'2025-03-28 02:17:03.000000','2025-03-28 02:18:08.763505',3,4),(7,'20:00:00.000000','14:00:00.000000',1,'2025-03-28 02:18:08.000000','2025-03-28 02:18:49.205161',7,5),(8,'07:00:00.000000','09:00:00.000000',1,'2025-03-28 02:24:48.000000','2025-03-28 02:25:21.867043',10,6),(9,'13:00:00.000000','15:30:00.000000',1,'2025-03-28 02:25:21.000000','2025-03-28 02:34:40.287154',12,9);
/*!40000 ALTER TABLE `booking_schedule` ENABLE KEYS */;
UNLOCK TABLES;

--
-- Table structure for table `booking_seat`
--

DROP TABLE IF EXISTS `booking_seat`;
/*!40101 SET @saved_cs_client     = @@character_set_client */;
/*!50503 SET character_set_client = utf8mb4 */;
CREATE TABLE `booking_seat` (
  `id` bigint NOT NULL AUTO_INCREMENT,
  `seat_number` varchar(10) NOT NULL,
  `position_description` varchar(100) DEFAULT NULL,
  `created_at` datetime(6) NOT NULL,
  `updated_at` datetime(6) NOT NULL,
  `bus_id` bigint NOT NULL,
  PRIMARY KEY (`id`),
  UNIQUE KEY `booking_seat_bus_id_seat_number_46e6d115_uniq` (`bus_id`,`seat_number`),
  CONSTRAINT `booking_seat_bus_id_152d5d50_fk_booking_bus_id` FOREIGN KEY (`bus_id`) REFERENCES `booking_bus` (`id`)
) ENGINE=InnoDB AUTO_INCREMENT=1025 DEFAULT CHARSET=utf8mb3;
/*!40101 SET character_set_client = @saved_cs_client */;

--
-- Dumping data for table `booking_seat`
--

LOCK TABLES `booking_seat` WRITE;
/*!40000 ALTER TABLE `booking_seat` DISABLE KEYS */;
INSERT INTO `booking_seat` VALUES (1,'S1',NULL,'2025-03-28 15:50:41.000000','2025-03-28 15:50:41.000000',14),(2,'S1',NULL,'2025-03-28 15:50:41.000000','2025-03-28 15:50:41.000000',13),(3,'S1',NULL,'2025-03-28 15:50:41.000000','2025-03-28 15:50:41.000000',12),(4,'S1',NULL,'2025-03-28 15:50:41.000000','2025-03-28 15:50:41.000000',11),(5,'S1',NULL,'2025-03-28 15:50:41.000000','2025-03-28 15:50:41.000000',10),(6,'S1',NULL,'2025-03-28 15:50:41.000000','2025-03-28 15:50:41.000000',9),(7,'S1',NULL,'2025-03-28 15:50:41.000000','2025-03-28 15:50:41.000000',8),(8,'S1',NULL,'2025-03-28 15:50:41.000000','2025-03-28 15:50:41.000000',7),(9,'S1',NULL,'2025-03-28 15:50:41.000000','2025-03-28 15:50:41.000000',6),(10,'S1',NULL,'2025-03-28 15:50:41.000000','2025-03-28 15:50:41.000000',5),(11,'S1',NULL,'2025-03-28 15:50:41.000000','2025-03-28 15:50:41.000000',4),(12,'S1',NULL,'2025-03-28 15:50:41.000000','2025-03-28 15:50:41.000000',3),(13,'S1',NULL,'2025-03-28 15:50:41.000000','2025-03-28 15:50:41.000000',2),(14,'S1',NULL,'2025-03-28 15:50:41.000000','2025-03-28 15:50:41.000000',1),(15,'S2',NULL,'2025-03-28 15:50:41.000000','2025-03-28 15:50:41.000000',14),(16,'S2',NULL,'2025-03-28 15:50:41.000000','2025-03-28 15:50:41.000000',13),(17,'S2',NULL,'2025-03-28 15:50:41.000000','2025-03-28 15:50:41.000000',12),(18,'S2',NULL,'2025-03-28 15:50:41.000000','2025-03-28 15:50:41.000000',11),(19,'S2',NULL,'2025-03-28 15:50:41.000000','2025-03-28 15:50:41.000000',10),(20,'S2',NULL,'2025-03-28 15:50:41.000000','2025-03-28 15:50:41.000000',9),(21,'S2',NULL,'2025-03-28 15:50:41.000000','2025-03-28 15:50:41.000000',8),(22,'S2',NULL,'2025-03-28 15:50:41.000000','2025-03-28 15:50:41.000000',7),(23,'S2',NULL,'2025-03-28 15:50:41.000000','2025-03-28 15:50:41.000000',6),(24,'S2',NULL,'2025-03-28 15:50:41.000000','2025-03-28 15:50:41.000000',5),(25,'S2',NULL,'2025-03-28 15:50:41.000000','2025-03-28 15:50:41.000000',4),(26,'S2',NULL,'2025-03-28 15:50:41.000000','2025-03-28 15:50:41.000000',3),(27,'S2',NULL,'2025-03-28 15:50:41.000000','2025-03-28 15:50:41.000000',2),(28,'S2',NULL,'2025-03-28 15:50:41.000000','2025-03-28 15:50:41.000000',1),(29,'S3',NULL,'2025-03-28 15:50:41.000000','2025-03-28 15:50:41.000000',14),(30,'S3',NULL,'2025-03-28 15:50:41.000000','2025-03-28 15:50:41.000000',13),(31,'S3',NULL,'2025-03-28 15:50:41.000000','2025-03-28 15:50:41.000000',12),(32,'S3',NULL,'2025-03-28 15:50:41.000000','2025-03-28 15:50:41.000000',11),(33,'S3',NULL,'2025-03-28 15:50:41.000000','2025-03-28 15:50:41.000000',10),(34,'S3',NULL,'2025-03-28 15:50:41.000000','2025-03-28 15:50:41.000000',9),(35,'S3',NULL,'2025-03-28 15:50:41.000000','2025-03-28 15:50:41.000000',8),(36,'S3',NULL,'2025-03-28 15:50:41.000000','2025-03-28 15:50:41.000000',7),(37,'S3',NULL,'2025-03-28 15:50:41.000000','2025-03-28 15:50:41.000000',6),(38,'S3',NULL,'2025-03-28 15:50:41.000000','2025-03-28 15:50:41.000000',5),(39,'S3',NULL,'2025-03-28 15:50:41.000000','2025-03-28 15:50:41.000000',4),(40,'S3',NULL,'2025-03-28 15:50:41.000000','2025-03-28 15:50:41.000000',3),(41,'S3',NULL,'2025-03-28 15:50:41.000000','2025-03-28 15:50:41.000000',2),(42,'S3',NULL,'2025-03-28 15:50:41.000000','2025-03-28 15:50:41.000000',1),(43,'S4',NULL,'2025-03-28 15:50:41.000000','2025-03-28 15:50:41.000000',14),(44,'S4',NULL,'2025-03-28 15:50:41.000000','2025-03-28 15:50:41.000000',13),(45,'S4',NULL,'2025-03-28 15:50:41.000000','2025-03-28 15:50:41.000000',12),(46,'S4',NULL,'2025-03-28 15:50:41.000000','2025-03-28 15:50:41.000000',11),(47,'S4',NULL,'2025-03-28 15:50:41.000000','2025-03-28 15:50:41.000000',10),(48,'S4',NULL,'2025-03-28 15:50:41.000000','2025-03-28 15:50:41.000000',9),(49,'S4',NULL,'2025-03-28 15:50:41.000000','2025-03-28 15:50:41.000000',8),(50,'S4',NULL,'2025-03-28 15:50:41.000000','2025-03-28 15:50:41.000000',7),(51,'S4',NULL,'2025-03-28 15:50:41.000000','2025-03-28 15:50:41.000000',6),(52,'S4',NULL,'2025-03-28 15:50:41.000000','2025-03-28 15:50:41.000000',5),(53,'S4',NULL,'2025-03-28 15:50:41.000000','2025-03-28 15:50:41.000000',4),(54,'S4',NULL,'2025-03-28 15:50:41.000000','2025-03-28 15:50:41.000000',3),(55,'S4',NULL,'2025-03-28 15:50:41.000000','2025-03-28 15:50:41.000000',2),(56,'S4',NULL,'2025-03-28 15:50:41.000000','2025-03-28 15:50:41.000000',1),(57,'S5',NULL,'2025-03-28 15:50:41.000000','2025-03-28 15:50:41.000000',14),(58,'S5',NULL,'2025-03-28 15:50:41.000000','2025-03-28 15:50:41.000000',13),(59,'S5',NULL,'2025-03-28 15:50:41.000000','2025-03-28 15:50:41.000000',12),(60,'S5',NULL,'2025-03-28 15:50:41.000000','2025-03-28 15:50:41.000000',11),(61,'S5',NULL,'2025-03-28 15:50:41.000000','2025-03-28 15:50:41.000000',10),(62,'S5',NULL,'2025-03-28 15:50:41.000000','2025-03-28 15:50:41.000000',9),(63,'S5',NULL,'2025-03-28 15:50:41.000000','2025-03-28 15:50:41.000000',8),(64,'S5',NULL,'2025-03-28 15:50:41.000000','2025-03-28 15:50:41.000000',7),(65,'S5',NULL,'2025-03-28 15:50:41.000000','2025-03-28 15:50:41.000000',6),(66,'S5',NULL,'2025-03-28 15:50:41.000000','2025-03-28 15:50:41.000000',5),(67,'S5',NULL,'2025-03-28 15:50:41.000000','2025-03-28 15:50:41.000000',4),(68,'S5',NULL,'2025-03-28 15:50:41.000000','2025-03-28 15:50:41.000000',3),(69,'S5',NULL,'2025-03-28 15:50:41.000000','2025-03-28 15:50:41.000000',2),(70,'S5',NULL,'2025-03-28 15:50:41.000000','2025-03-28 15:50:41.000000',1),(71,'S6',NULL,'2025-03-28 15:50:41.000000','2025-03-28 15:50:41.000000',14),(72,'S6',NULL,'2025-03-28 15:50:41.000000','2025-03-28 15:50:41.000000',13),(73,'S6',NULL,'2025-03-28 15:50:41.000000','2025-03-28 15:50:41.000000',12),(74,'S6',NULL,'2025-03-28 15:50:41.000000','2025-03-28 15:50:41.000000',11),(75,'S6',NULL,'2025-03-28 15:50:41.000000','2025-03-28 15:50:41.000000',10),(76,'S6',NULL,'2025-03-28 15:50:41.000000','2025-03-28 15:50:41.000000',9),(77,'S6',NULL,'2025-03-28 15:50:41.000000','2025-03-28 15:50:41.000000',8),(78,'S6',NULL,'2025-03-28 15:50:41.000000','2025-03-28 15:50:41.000000',7),(79,'S6',NULL,'2025-03-28 15:50:41.000000','2025-03-28 15:50:41.000000',6),(80,'S6',NULL,'2025-03-28 15:50:41.000000','2025-03-28 15:50:41.000000',5),(81,'S6',NULL,'2025-03-28 15:50:41.000000','2025-03-28 15:50:41.000000',4),(82,'S6',NULL,'2025-03-28 15:50:41.000000','2025-03-28 15:50:41.000000',3),(83,'S6',NULL,'2025-03-28 15:50:41.000000','2025-03-28 15:50:41.000000',2),(84,'S6',NULL,'2025-03-28 15:50:41.000000','2025-03-28 15:50:41.000000',1),(85,'S7',NULL,'2025-03-28 15:50:41.000000','2025-03-28 15:50:41.000000',14),(86,'S7',NULL,'2025-03-28 15:50:41.000000','2025-03-28 15:50:41.000000',13),(87,'S7',NULL,'2025-03-28 15:50:41.000000','2025-03-28 15:50:41.000000',12),(88,'S7',NULL,'2025-03-28 15:50:41.000000','2025-03-28 15:50:41.000000',11),(89,'S7',NULL,'2025-03-28 15:50:41.000000','2025-03-28 15:50:41.000000',10),(90,'S7',NULL,'2025-03-28 15:50:41.000000','2025-03-28 15:50:41.000000',9),(91,'S7',NULL,'2025-03-28 15:50:41.000000','2025-03-28 15:50:41.000000',8),(92,'S7',NULL,'2025-03-28 15:50:41.000000','2025-03-28 15:50:41.000000',7),(93,'S7',NULL,'2025-03-28 15:50:41.000000','2025-03-28 15:50:41.000000',6),(94,'S7',NULL,'2025-03-28 15:50:41.000000','2025-03-28 15:50:41.000000',5),(95,'S7',NULL,'2025-03-28 15:50:41.000000','2025-03-28 15:50:41.000000',4),(96,'S7',NULL,'2025-03-28 15:50:41.000000','2025-03-28 15:50:41.000000',3),(97,'S7',NULL,'2025-03-28 15:50:41.000000','2025-03-28 15:50:41.000000',2),(98,'S7',NULL,'2025-03-28 15:50:41.000000','2025-03-28 15:50:41.000000',1),(99,'S8',NULL,'2025-03-28 15:50:41.000000','2025-03-28 15:50:41.000000',14),(100,'S8',NULL,'2025-03-28 15:50:41.000000','2025-03-28 15:50:41.000000',13),(101,'S8',NULL,'2025-03-28 15:50:41.000000','2025-03-28 15:50:41.000000',12),(102,'S8',NULL,'2025-03-28 15:50:41.000000','2025-03-28 15:50:41.000000',11),(103,'S8',NULL,'2025-03-28 15:50:41.000000','2025-03-28 15:50:41.000000',10),(104,'S8',NULL,'2025-03-28 15:50:41.000000','2025-03-28 15:50:41.000000',9),(105,'S8',NULL,'2025-03-28 15:50:41.000000','2025-03-28 15:50:41.000000',8),(106,'S8',NULL,'2025-03-28 15:50:41.000000','2025-03-28 15:50:41.000000',7),(107,'S8',NULL,'2025-03-28 15:50:41.000000','2025-03-28 15:50:41.000000',6),(108,'S8',NULL,'2025-03-28 15:50:41.000000','2025-03-28 15:50:41.000000',5),(109,'S8',NULL,'2025-03-28 15:50:41.000000','2025-03-28 15:50:41.000000',4),(110,'S8',NULL,'2025-03-28 15:50:41.000000','2025-03-28 15:50:41.000000',3),(111,'S8',NULL,'2025-03-28 15:50:41.000000','2025-03-28 15:50:41.000000',2),(112,'S8',NULL,'2025-03-28 15:50:41.000000','2025-03-28 15:50:41.000000',1),(113,'S9',NULL,'2025-03-28 15:50:41.000000','2025-03-28 15:50:41.000000',14),(114,'S9',NULL,'2025-03-28 15:50:41.000000','2025-03-28 15:50:41.000000',13),(115,'S9',NULL,'2025-03-28 15:50:41.000000','2025-03-28 15:50:41.000000',12),(116,'S9',NULL,'2025-03-28 15:50:41.000000','2025-03-28 15:50:41.000000',11),(117,'S9',NULL,'2025-03-28 15:50:41.000000','2025-03-28 15:50:41.000000',10),(118,'S9',NULL,'2025-03-28 15:50:41.000000','2025-03-28 15:50:41.000000',9),(119,'S9',NULL,'2025-03-28 15:50:41.000000','2025-03-28 15:50:41.000000',8),(120,'S9',NULL,'2025-03-28 15:50:41.000000','2025-03-28 15:50:41.000000',7),(121,'S9',NULL,'2025-03-28 15:50:41.000000','2025-03-28 15:50:41.000000',6),(122,'S9',NULL,'2025-03-28 15:50:41.000000','2025-03-28 15:50:41.000000',5),(123,'S9',NULL,'2025-03-28 15:50:41.000000','2025-03-28 15:50:41.000000',4),(124,'S9',NULL,'2025-03-28 15:50:41.000000','2025-03-28 15:50:41.000000',3),(125,'S9',NULL,'2025-03-28 15:50:41.000000','2025-03-28 15:50:41.000000',2),(126,'S9',NULL,'2025-03-28 15:50:41.000000','2025-03-28 15:50:41.000000',1),(127,'S10',NULL,'2025-03-28 15:50:41.000000','2025-03-28 15:50:41.000000',14),(128,'S10',NULL,'2025-03-28 15:50:41.000000','2025-03-28 15:50:41.000000',13),(129,'S10',NULL,'2025-03-28 15:50:41.000000','2025-03-28 15:50:41.000000',12),(130,'S10',NULL,'2025-03-28 15:50:41.000000','2025-03-28 15:50:41.000000',11),(131,'S10',NULL,'2025-03-28 15:50:41.000000','2025-03-28 15:50:41.000000',10),(132,'S10',NULL,'2025-03-28 15:50:41.000000','2025-03-28 15:50:41.000000',9),(133,'S10',NULL,'2025-03-28 15:50:41.000000','2025-03-28 15:50:41.000000',8),(134,'S10',NULL,'2025-03-28 15:50:41.000000','2025-03-28 15:50:41.000000',7),(135,'S10',NULL,'2025-03-28 15:50:41.000000','2025-03-28 15:50:41.000000',6),(136,'S10',NULL,'2025-03-28 15:50:41.000000','2025-03-28 15:50:41.000000',5),(137,'S10',NULL,'2025-03-28 15:50:41.000000','2025-03-28 15:50:41.000000',4),(138,'S10',NULL,'2025-03-28 15:50:41.000000','2025-03-28 15:50:41.000000',3),(139,'S10',NULL,'2025-03-28 15:50:41.000000','2025-03-28 15:50:41.000000',2),(140,'S10',NULL,'2025-03-28 15:50:41.000000','2025-03-28 15:50:41.000000',1),(141,'S11',NULL,'2025-03-28 15:50:41.000000','2025-03-28 15:50:41.000000',14),(142,'S11',NULL,'2025-03-28 15:50:41.000000','2025-03-28 15:50:41.000000',13),(143,'S11',NULL,'2025-03-28 15:50:41.000000','2025-03-28 15:50:41.000000',12),(144,'S11',NULL,'2025-03-28 15:50:41.000000','2025-03-28 15:50:41.000000',11),(145,'S11',NULL,'2025-03-28 15:50:41.000000','2025-03-28 15:50:41.000000',10),(146,'S11',NULL,'2025-03-28 15:50:41.000000','2025-03-28 15:50:41.000000',9),(147,'S11',NULL,'2025-03-28 15:50:41.000000','2025-03-28 15:50:41.000000',8),(148,'S11',NULL,'2025-03-28 15:50:41.000000','2025-03-28 15:50:41.000000',7),(149,'S11',NULL,'2025-03-28 15:50:41.000000','2025-03-28 15:50:41.000000',6),(150,'S11',NULL,'2025-03-28 15:50:41.000000','2025-03-28 15:50:41.000000',5),(151,'S11',NULL,'2025-03-28 15:50:41.000000','2025-03-28 15:50:41.000000',4),(152,'S11',NULL,'2025-03-28 15:50:41.000000','2025-03-28 15:50:41.000000',3),(153,'S11',NULL,'2025-03-28 15:50:41.000000','2025-03-28 15:50:41.000000',2),(154,'S11',NULL,'2025-03-28 15:50:41.000000','2025-03-28 15:50:41.000000',1),(155,'S12',NULL,'2025-03-28 15:50:41.000000','2025-03-28 15:50:41.000000',14),(156,'S12',NULL,'2025-03-28 15:50:41.000000','2025-03-28 15:50:41.000000',13),(157,'S12',NULL,'2025-03-28 15:50:41.000000','2025-03-28 15:50:41.000000',12),(158,'S12',NULL,'2025-03-28 15:50:41.000000','2025-03-28 15:50:41.000000',11),(159,'S12',NULL,'2025-03-28 15:50:41.000000','2025-03-28 15:50:41.000000',10),(160,'S12',NULL,'2025-03-28 15:50:41.000000','2025-03-28 15:50:41.000000',9),(161,'S12',NULL,'2025-03-28 15:50:41.000000','2025-03-28 15:50:41.000000',8),(162,'S12',NULL,'2025-03-28 15:50:41.000000','2025-03-28 15:50:41.000000',7),(163,'S12',NULL,'2025-03-28 15:50:41.000000','2025-03-28 15:50:41.000000',6),(164,'S12',NULL,'2025-03-28 15:50:41.000000','2025-03-28 15:50:41.000000',5),(165,'S12',NULL,'2025-03-28 15:50:41.000000','2025-03-28 15:50:41.000000',4),(166,'S12',NULL,'2025-03-28 15:50:41.000000','2025-03-28 15:50:41.000000',3),(167,'S12',NULL,'2025-03-28 15:50:41.000000','2025-03-28 15:50:41.000000',2),(168,'S12',NULL,'2025-03-28 15:50:41.000000','2025-03-28 15:50:41.000000',1),(169,'S13',NULL,'2025-03-28 15:50:41.000000','2025-03-28 15:50:41.000000',14),(170,'S13',NULL,'2025-03-28 15:50:41.000000','2025-03-28 15:50:41.000000',13),(171,'S13',NULL,'2025-03-28 15:50:41.000000','2025-03-28 15:50:41.000000',12),(172,'S13',NULL,'2025-03-28 15:50:41.000000','2025-03-28 15:50:41.000000',11),(173,'S13',NULL,'2025-03-28 15:50:41.000000','2025-03-28 15:50:41.000000',10),(174,'S13',NULL,'2025-03-28 15:50:41.000000','2025-03-28 15:50:41.000000',9),(175,'S13',NULL,'2025-03-28 15:50:41.000000','2025-03-28 15:50:41.000000',8),(176,'S13',NULL,'2025-03-28 15:50:41.000000','2025-03-28 15:50:41.000000',7),(177,'S13',NULL,'2025-03-28 15:50:41.000000','2025-03-28 15:50:41.000000',6),(178,'S13',NULL,'2025-03-28 15:50:41.000000','2025-03-28 15:50:41.000000',5),(179,'S13',NULL,'2025-03-28 15:50:41.000000','2025-03-28 15:50:41.000000',4),(180,'S13',NULL,'2025-03-28 15:50:41.000000','2025-03-28 15:50:41.000000',3),(181,'S13',NULL,'2025-03-28 15:50:41.000000','2025-03-28 15:50:41.000000',2),(182,'S13',NULL,'2025-03-28 15:50:41.000000','2025-03-28 15:50:41.000000',1),(183,'S14',NULL,'2025-03-28 15:50:41.000000','2025-03-28 15:50:41.000000',14),(184,'S14',NULL,'2025-03-28 15:50:41.000000','2025-03-28 15:50:41.000000',13),(185,'S14',NULL,'2025-03-28 15:50:41.000000','2025-03-28 15:50:41.000000',12),(186,'S14',NULL,'2025-03-28 15:50:41.000000','2025-03-28 15:50:41.000000',11),(187,'S14',NULL,'2025-03-28 15:50:41.000000','2025-03-28 15:50:41.000000',10),(188,'S14',NULL,'2025-03-28 15:50:41.000000','2025-03-28 15:50:41.000000',9),(189,'S14',NULL,'2025-03-28 15:50:41.000000','2025-03-28 15:50:41.000000',8),(190,'S14',NULL,'2025-03-28 15:50:41.000000','2025-03-28 15:50:41.000000',7),(191,'S14',NULL,'2025-03-28 15:50:41.000000','2025-03-28 15:50:41.000000',6),(192,'S14',NULL,'2025-03-28 15:50:41.000000','2025-03-28 15:50:41.000000',5),(193,'S14',NULL,'2025-03-28 15:50:41.000000','2025-03-28 15:50:41.000000',4),(194,'S14',NULL,'2025-03-28 15:50:41.000000','2025-03-28 15:50:41.000000',3),(195,'S14',NULL,'2025-03-28 15:50:41.000000','2025-03-28 15:50:41.000000',2),(196,'S14',NULL,'2025-03-28 15:50:41.000000','2025-03-28 15:50:41.000000',1),(197,'S15',NULL,'2025-03-28 15:50:41.000000','2025-03-28 15:50:41.000000',14),(198,'S15',NULL,'2025-03-28 15:50:41.000000','2025-03-28 15:50:41.000000',13),(199,'S15',NULL,'2025-03-28 15:50:41.000000','2025-03-28 15:50:41.000000',12),(200,'S15',NULL,'2025-03-28 15:50:41.000000','2025-03-28 15:50:41.000000',11),(201,'S15',NULL,'2025-03-28 15:50:41.000000','2025-03-28 15:50:41.000000',10),(202,'S15',NULL,'2025-03-28 15:50:41.000000','2025-03-28 15:50:41.000000',9),(203,'S15',NULL,'2025-03-28 15:50:41.000000','2025-03-28 15:50:41.000000',8),(204,'S15',NULL,'2025-03-28 15:50:41.000000','2025-03-28 15:50:41.000000',7),(205,'S15',NULL,'2025-03-28 15:50:41.000000','2025-03-28 15:50:41.000000',6),(206,'S15',NULL,'2025-03-28 15:50:41.000000','2025-03-28 15:50:41.000000',5),(207,'S15',NULL,'2025-03-28 15:50:41.000000','2025-03-28 15:50:41.000000',4),(208,'S15',NULL,'2025-03-28 15:50:41.000000','2025-03-28 15:50:41.000000',3),(209,'S15',NULL,'2025-03-28 15:50:41.000000','2025-03-28 15:50:41.000000',2),(210,'S15',NULL,'2025-03-28 15:50:41.000000','2025-03-28 15:50:41.000000',1),(211,'S16',NULL,'2025-03-28 15:50:41.000000','2025-03-28 15:50:41.000000',14),(212,'S16',NULL,'2025-03-28 15:50:41.000000','2025-03-28 15:50:41.000000',13),(213,'S16',NULL,'2025-03-28 15:50:41.000000','2025-03-28 15:50:41.000000',12),(214,'S16',NULL,'2025-03-28 15:50:41.000000','2025-03-28 15:50:41.000000',11),(215,'S16',NULL,'2025-03-28 15:50:41.000000','2025-03-28 15:50:41.000000',10),(216,'S16',NULL,'2025-03-28 15:50:41.000000','2025-03-28 15:50:41.000000',9),(217,'S16',NULL,'2025-03-28 15:50:41.000000','2025-03-28 15:50:41.000000',8),(218,'S16',NULL,'2025-03-28 15:50:41.000000','2025-03-28 15:50:41.000000',7),(219,'S16',NULL,'2025-03-28 15:50:41.000000','2025-03-28 15:50:41.000000',6),(220,'S16',NULL,'2025-03-28 15:50:41.000000','2025-03-28 15:50:41.000000',5),(221,'S16',NULL,'2025-03-28 15:50:41.000000','2025-03-28 15:50:41.000000',4),(222,'S16',NULL,'2025-03-28 15:50:41.000000','2025-03-28 15:50:41.000000',3),(223,'S16',NULL,'2025-03-28 15:50:41.000000','2025-03-28 15:50:41.000000',2),(224,'S16',NULL,'2025-03-28 15:50:41.000000','2025-03-28 15:50:41.000000',1),(225,'S17',NULL,'2025-03-28 15:50:41.000000','2025-03-28 15:50:41.000000',14),(226,'S17',NULL,'2025-03-28 15:50:41.000000','2025-03-28 15:50:41.000000',13),(227,'S17',NULL,'2025-03-28 15:50:41.000000','2025-03-28 15:50:41.000000',12),(228,'S17',NULL,'2025-03-28 15:50:41.000000','2025-03-28 15:50:41.000000',11),(229,'S17',NULL,'2025-03-28 15:50:41.000000','2025-03-28 15:50:41.000000',10),(230,'S17',NULL,'2025-03-28 15:50:41.000000','2025-03-28 15:50:41.000000',9),(231,'S17',NULL,'2025-03-28 15:50:41.000000','2025-03-28 15:50:41.000000',8),(232,'S17',NULL,'2025-03-28 15:50:41.000000','2025-03-28 15:50:41.000000',7),(233,'S17',NULL,'2025-03-28 15:50:41.000000','2025-03-28 15:50:41.000000',6),(234,'S17',NULL,'2025-03-28 15:50:41.000000','2025-03-28 15:50:41.000000',5),(235,'S17',NULL,'2025-03-28 15:50:41.000000','2025-03-28 15:50:41.000000',4),(236,'S17',NULL,'2025-03-28 15:50:41.000000','2025-03-28 15:50:41.000000',3),(237,'S17',NULL,'2025-03-28 15:50:41.000000','2025-03-28 15:50:41.000000',2),(238,'S17',NULL,'2025-03-28 15:50:41.000000','2025-03-28 15:50:41.000000',1),(239,'S18',NULL,'2025-03-28 15:50:41.000000','2025-03-28 15:50:41.000000',14),(240,'S18',NULL,'2025-03-28 15:50:41.000000','2025-03-28 15:50:41.000000',13),(241,'S18',NULL,'2025-03-28 15:50:41.000000','2025-03-28 15:50:41.000000',12),(242,'S18',NULL,'2025-03-28 15:50:41.000000','2025-03-28 15:50:41.000000',11),(243,'S18',NULL,'2025-03-28 15:50:41.000000','2025-03-28 15:50:41.000000',10),(244,'S18',NULL,'2025-03-28 15:50:41.000000','2025-03-28 15:50:41.000000',9),(245,'S18',NULL,'2025-03-28 15:50:41.000000','2025-03-28 15:50:41.000000',8),(246,'S18',NULL,'2025-03-28 15:50:41.000000','2025-03-28 15:50:41.000000',7),(247,'S18',NULL,'2025-03-28 15:50:41.000000','2025-03-28 15:50:41.000000',6),(248,'S18',NULL,'2025-03-28 15:50:41.000000','2025-03-28 15:50:41.000000',5),(249,'S18',NULL,'2025-03-28 15:50:41.000000','2025-03-28 15:50:41.000000',4),(250,'S18',NULL,'2025-03-28 15:50:41.000000','2025-03-28 15:50:41.000000',3),(251,'S18',NULL,'2025-03-28 15:50:41.000000','2025-03-28 15:50:41.000000',2),(252,'S18',NULL,'2025-03-28 15:50:41.000000','2025-03-28 15:50:41.000000',1),(253,'S19',NULL,'2025-03-28 15:50:41.000000','2025-03-28 15:50:41.000000',14),(254,'S19',NULL,'2025-03-28 15:50:41.000000','2025-03-28 15:50:41.000000',13),(255,'S19',NULL,'2025-03-28 15:50:41.000000','2025-03-28 15:50:41.000000',12),(256,'S19',NULL,'2025-03-28 15:50:41.000000','2025-03-28 15:50:41.000000',11),(257,'S19',NULL,'2025-03-28 15:50:41.000000','2025-03-28 15:50:41.000000',10),(258,'S19',NULL,'2025-03-28 15:50:41.000000','2025-03-28 15:50:41.000000',9),(259,'S19',NULL,'2025-03-28 15:50:41.000000','2025-03-28 15:50:41.000000',8),(260,'S19',NULL,'2025-03-28 15:50:41.000000','2025-03-28 15:50:41.000000',7),(261,'S19',NULL,'2025-03-28 15:50:41.000000','2025-03-28 15:50:41.000000',6),(262,'S19',NULL,'2025-03-28 15:50:41.000000','2025-03-28 15:50:41.000000',5),(263,'S19',NULL,'2025-03-28 15:50:41.000000','2025-03-28 15:50:41.000000',4),(264,'S19',NULL,'2025-03-28 15:50:41.000000','2025-03-28 15:50:41.000000',3),(265,'S19',NULL,'2025-03-28 15:50:41.000000','2025-03-28 15:50:41.000000',2),(266,'S19',NULL,'2025-03-28 15:50:41.000000','2025-03-28 15:50:41.000000',1),(267,'S20',NULL,'2025-03-28 15:50:41.000000','2025-03-28 15:50:41.000000',14),(268,'S20',NULL,'2025-03-28 15:50:41.000000','2025-03-28 15:50:41.000000',13),(269,'S20',NULL,'2025-03-28 15:50:41.000000','2025-03-28 15:50:41.000000',12),(270,'S20',NULL,'2025-03-28 15:50:41.000000','2025-03-28 15:50:41.000000',11),(271,'S20',NULL,'2025-03-28 15:50:41.000000','2025-03-28 15:50:41.000000',10),(272,'S20',NULL,'2025-03-28 15:50:41.000000','2025-03-28 15:50:41.000000',9),(273,'S20',NULL,'2025-03-28 15:50:41.000000','2025-03-28 15:50:41.000000',8),(274,'S20',NULL,'2025-03-28 15:50:41.000000','2025-03-28 15:50:41.000000',7),(275,'S20',NULL,'2025-03-28 15:50:41.000000','2025-03-28 15:50:41.000000',6),(276,'S20',NULL,'2025-03-28 15:50:41.000000','2025-03-28 15:50:41.000000',5),(277,'S20',NULL,'2025-03-28 15:50:41.000000','2025-03-28 15:50:41.000000',4),(278,'S20',NULL,'2025-03-28 15:50:41.000000','2025-03-28 15:50:41.000000',3),(279,'S20',NULL,'2025-03-28 15:50:41.000000','2025-03-28 15:50:41.000000',2),(280,'S20',NULL,'2025-03-28 15:50:41.000000','2025-03-28 15:50:41.000000',1),(281,'S21',NULL,'2025-03-28 15:50:41.000000','2025-03-28 15:50:41.000000',14),(282,'S21',NULL,'2025-03-28 15:50:41.000000','2025-03-28 15:50:41.000000',13),(283,'S21',NULL,'2025-03-28 15:50:41.000000','2025-03-28 15:50:41.000000',12),(284,'S21',NULL,'2025-03-28 15:50:41.000000','2025-03-28 15:50:41.000000',11),(285,'S21',NULL,'2025-03-28 15:50:41.000000','2025-03-28 15:50:41.000000',10),(286,'S21',NULL,'2025-03-28 15:50:41.000000','2025-03-28 15:50:41.000000',9),(287,'S21',NULL,'2025-03-28 15:50:41.000000','2025-03-28 15:50:41.000000',8),(288,'S21',NULL,'2025-03-28 15:50:41.000000','2025-03-28 15:50:41.000000',7),(289,'S21',NULL,'2025-03-28 15:50:41.000000','2025-03-28 15:50:41.000000',6),(290,'S21',NULL,'2025-03-28 15:50:41.000000','2025-03-28 15:50:41.000000',5),(291,'S21',NULL,'2025-03-28 15:50:41.000000','2025-03-28 15:50:41.000000',4),(292,'S21',NULL,'2025-03-28 15:50:41.000000','2025-03-28 15:50:41.000000',3),(293,'S21',NULL,'2025-03-28 15:50:41.000000','2025-03-28 15:50:41.000000',2),(294,'S21',NULL,'2025-03-28 15:50:41.000000','2025-03-28 15:50:41.000000',1),(295,'S22',NULL,'2025-03-28 15:50:41.000000','2025-03-28 15:50:41.000000',14),(296,'S22',NULL,'2025-03-28 15:50:41.000000','2025-03-28 15:50:41.000000',13),(297,'S22',NULL,'2025-03-28 15:50:41.000000','2025-03-28 15:50:41.000000',12),(298,'S22',NULL,'2025-03-28 15:50:41.000000','2025-03-28 15:50:41.000000',11),(299,'S22',NULL,'2025-03-28 15:50:41.000000','2025-03-28 15:50:41.000000',10),(300,'S22',NULL,'2025-03-28 15:50:41.000000','2025-03-28 15:50:41.000000',9),(301,'S22',NULL,'2025-03-28 15:50:41.000000','2025-03-28 15:50:41.000000',8),(302,'S22',NULL,'2025-03-28 15:50:41.000000','2025-03-28 15:50:41.000000',7),(303,'S22',NULL,'2025-03-28 15:50:41.000000','2025-03-28 15:50:41.000000',6),(304,'S22',NULL,'2025-03-28 15:50:41.000000','2025-03-28 15:50:41.000000',5),(305,'S22',NULL,'2025-03-28 15:50:41.000000','2025-03-28 15:50:41.000000',4),(306,'S22',NULL,'2025-03-28 15:50:41.000000','2025-03-28 15:50:41.000000',3),(307,'S22',NULL,'2025-03-28 15:50:41.000000','2025-03-28 15:50:41.000000',2),(308,'S22',NULL,'2025-03-28 15:50:41.000000','2025-03-28 15:50:41.000000',1),(309,'S23',NULL,'2025-03-28 15:50:41.000000','2025-03-28 15:50:41.000000',14),(310,'S23',NULL,'2025-03-28 15:50:41.000000','2025-03-28 15:50:41.000000',13),(311,'S23',NULL,'2025-03-28 15:50:41.000000','2025-03-28 15:50:41.000000',12),(312,'S23',NULL,'2025-03-28 15:50:41.000000','2025-03-28 15:50:41.000000',11),(313,'S23',NULL,'2025-03-28 15:50:41.000000','2025-03-28 15:50:41.000000',10),(314,'S23',NULL,'2025-03-28 15:50:41.000000','2025-03-28 15:50:41.000000',9),(315,'S23',NULL,'2025-03-28 15:50:41.000000','2025-03-28 15:50:41.000000',8),(316,'S23',NULL,'2025-03-28 15:50:41.000000','2025-03-28 15:50:41.000000',7),(317,'S23',NULL,'2025-03-28 15:50:41.000000','2025-03-28 15:50:41.000000',6),(318,'S23',NULL,'2025-03-28 15:50:41.000000','2025-03-28 15:50:41.000000',5),(319,'S23',NULL,'2025-03-28 15:50:41.000000','2025-03-28 15:50:41.000000',4),(320,'S23',NULL,'2025-03-28 15:50:41.000000','2025-03-28 15:50:41.000000',3),(321,'S23',NULL,'2025-03-28 15:50:41.000000','2025-03-28 15:50:41.000000',2),(322,'S23',NULL,'2025-03-28 15:50:41.000000','2025-03-28 15:50:41.000000',1),(323,'S24',NULL,'2025-03-28 15:50:41.000000','2025-03-28 15:50:41.000000',14),(324,'S24',NULL,'2025-03-28 15:50:41.000000','2025-03-28 15:50:41.000000',13),(325,'S24',NULL,'2025-03-28 15:50:41.000000','2025-03-28 15:50:41.000000',12),(326,'S24',NULL,'2025-03-28 15:50:41.000000','2025-03-28 15:50:41.000000',11),(327,'S24',NULL,'2025-03-28 15:50:41.000000','2025-03-28 15:50:41.000000',10),(328,'S24',NULL,'2025-03-28 15:50:41.000000','2025-03-28 15:50:41.000000',9),(329,'S24',NULL,'2025-03-28 15:50:41.000000','2025-03-28 15:50:41.000000',8),(330,'S24',NULL,'2025-03-28 15:50:41.000000','2025-03-28 15:50:41.000000',7),(331,'S24',NULL,'2025-03-28 15:50:41.000000','2025-03-28 15:50:41.000000',6),(332,'S24',NULL,'2025-03-28 15:50:41.000000','2025-03-28 15:50:41.000000',5),(333,'S24',NULL,'2025-03-28 15:50:41.000000','2025-03-28 15:50:41.000000',4),(334,'S24',NULL,'2025-03-28 15:50:41.000000','2025-03-28 15:50:41.000000',3),(335,'S24',NULL,'2025-03-28 15:50:41.000000','2025-03-28 15:50:41.000000',2),(336,'S24',NULL,'2025-03-28 15:50:41.000000','2025-03-28 15:50:41.000000',1),(337,'S25',NULL,'2025-03-28 15:50:41.000000','2025-03-28 15:50:41.000000',14),(338,'S25',NULL,'2025-03-28 15:50:41.000000','2025-03-28 15:50:41.000000',13),(339,'S25',NULL,'2025-03-28 15:50:41.000000','2025-03-28 15:50:41.000000',12),(340,'S25',NULL,'2025-03-28 15:50:41.000000','2025-03-28 15:50:41.000000',11),(341,'S25',NULL,'2025-03-28 15:50:41.000000','2025-03-28 15:50:41.000000',10),(342,'S25',NULL,'2025-03-28 15:50:41.000000','2025-03-28 15:50:41.000000',9),(343,'S25',NULL,'2025-03-28 15:50:41.000000','2025-03-28 15:50:41.000000',8),(344,'S25',NULL,'2025-03-28 15:50:41.000000','2025-03-28 15:50:41.000000',7),(345,'S25',NULL,'2025-03-28 15:50:41.000000','2025-03-28 15:50:41.000000',6),(346,'S25',NULL,'2025-03-28 15:50:41.000000','2025-03-28 15:50:41.000000',5),(347,'S25',NULL,'2025-03-28 15:50:41.000000','2025-03-28 15:50:41.000000',4),(348,'S25',NULL,'2025-03-28 15:50:41.000000','2025-03-28 15:50:41.000000',3),(349,'S25',NULL,'2025-03-28 15:50:41.000000','2025-03-28 15:50:41.000000',2),(350,'S25',NULL,'2025-03-28 15:50:41.000000','2025-03-28 15:50:41.000000',1),(351,'S26',NULL,'2025-03-28 15:50:41.000000','2025-03-28 15:50:41.000000',14),(352,'S26',NULL,'2025-03-28 15:50:41.000000','2025-03-28 15:50:41.000000',13),(353,'S26',NULL,'2025-03-28 15:50:41.000000','2025-03-28 15:50:41.000000',12),(354,'S26',NULL,'2025-03-28 15:50:41.000000','2025-03-28 15:50:41.000000',11),(355,'S26',NULL,'2025-03-28 15:50:41.000000','2025-03-28 15:50:41.000000',10),(356,'S26',NULL,'2025-03-28 15:50:41.000000','2025-03-28 15:50:41.000000',9),(357,'S26',NULL,'2025-03-28 15:50:41.000000','2025-03-28 15:50:41.000000',8),(358,'S26',NULL,'2025-03-28 15:50:41.000000','2025-03-28 15:50:41.000000',7),(359,'S26',NULL,'2025-03-28 15:50:41.000000','2025-03-28 15:50:41.000000',6),(360,'S26',NULL,'2025-03-28 15:50:41.000000','2025-03-28 15:50:41.000000',5),(361,'S26',NULL,'2025-03-28 15:50:41.000000','2025-03-28 15:50:41.000000',4),(362,'S26',NULL,'2025-03-28 15:50:41.000000','2025-03-28 15:50:41.000000',3),(363,'S26',NULL,'2025-03-28 15:50:41.000000','2025-03-28 15:50:41.000000',2),(364,'S26',NULL,'2025-03-28 15:50:41.000000','2025-03-28 15:50:41.000000',1),(365,'S27',NULL,'2025-03-28 15:50:41.000000','2025-03-28 15:50:41.000000',14),(366,'S27',NULL,'2025-03-28 15:50:41.000000','2025-03-28 15:50:41.000000',13),(367,'S27',NULL,'2025-03-28 15:50:41.000000','2025-03-28 15:50:41.000000',12),(368,'S27',NULL,'2025-03-28 15:50:41.000000','2025-03-28 15:50:41.000000',11),(369,'S27',NULL,'2025-03-28 15:50:41.000000','2025-03-28 15:50:41.000000',10),(370,'S27',NULL,'2025-03-28 15:50:41.000000','2025-03-28 15:50:41.000000',9),(371,'S27',NULL,'2025-03-28 15:50:41.000000','2025-03-28 15:50:41.000000',8),(372,'S27',NULL,'2025-03-28 15:50:41.000000','2025-03-28 15:50:41.000000',7),(373,'S27',NULL,'2025-03-28 15:50:41.000000','2025-03-28 15:50:41.000000',6),(374,'S27',NULL,'2025-03-28 15:50:41.000000','2025-03-28 15:50:41.000000',5),(375,'S27',NULL,'2025-03-28 15:50:41.000000','2025-03-28 15:50:41.000000',4),(376,'S27',NULL,'2025-03-28 15:50:41.000000','2025-03-28 15:50:41.000000',3),(377,'S27',NULL,'2025-03-28 15:50:41.000000','2025-03-28 15:50:41.000000',2),(378,'S27',NULL,'2025-03-28 15:50:41.000000','2025-03-28 15:50:41.000000',1),(379,'S28',NULL,'2025-03-28 15:50:41.000000','2025-03-28 15:50:41.000000',14),(380,'S28',NULL,'2025-03-28 15:50:41.000000','2025-03-28 15:50:41.000000',13),(381,'S28',NULL,'2025-03-28 15:50:41.000000','2025-03-28 15:50:41.000000',12),(382,'S28',NULL,'2025-03-28 15:50:41.000000','2025-03-28 15:50:41.000000',11),(383,'S28',NULL,'2025-03-28 15:50:41.000000','2025-03-28 15:50:41.000000',10),(384,'S28',NULL,'2025-03-28 15:50:41.000000','2025-03-28 15:50:41.000000',9),(385,'S28',NULL,'2025-03-28 15:50:41.000000','2025-03-28 15:50:41.000000',8),(386,'S28',NULL,'2025-03-28 15:50:41.000000','2025-03-28 15:50:41.000000',7),(387,'S28',NULL,'2025-03-28 15:50:41.000000','2025-03-28 15:50:41.000000',6),(388,'S28',NULL,'2025-03-28 15:50:41.000000','2025-03-28 15:50:41.000000',5),(389,'S28',NULL,'2025-03-28 15:50:41.000000','2025-03-28 15:50:41.000000',4),(390,'S28',NULL,'2025-03-28 15:50:41.000000','2025-03-28 15:50:41.000000',3),(391,'S28',NULL,'2025-03-28 15:50:41.000000','2025-03-28 15:50:41.000000',2),(392,'S28',NULL,'2025-03-28 15:50:41.000000','2025-03-28 15:50:41.000000',1),(393,'S29',NULL,'2025-03-28 15:50:41.000000','2025-03-28 15:50:41.000000',14),(394,'S29',NULL,'2025-03-28 15:50:41.000000','2025-03-28 15:50:41.000000',13),(395,'S29',NULL,'2025-03-28 15:50:41.000000','2025-03-28 15:50:41.000000',12),(396,'S29',NULL,'2025-03-28 15:50:41.000000','2025-03-28 15:50:41.000000',11),(397,'S29',NULL,'2025-03-28 15:50:41.000000','2025-03-28 15:50:41.000000',10),(398,'S29',NULL,'2025-03-28 15:50:41.000000','2025-03-28 15:50:41.000000',9),(399,'S29',NULL,'2025-03-28 15:50:41.000000','2025-03-28 15:50:41.000000',8),(400,'S29',NULL,'2025-03-28 15:50:41.000000','2025-03-28 15:50:41.000000',7),(401,'S29',NULL,'2025-03-28 15:50:41.000000','2025-03-28 15:50:41.000000',6),(402,'S29',NULL,'2025-03-28 15:50:41.000000','2025-03-28 15:50:41.000000',5),(403,'S29',NULL,'2025-03-28 15:50:41.000000','2025-03-28 15:50:41.000000',4),(404,'S29',NULL,'2025-03-28 15:50:41.000000','2025-03-28 15:50:41.000000',3),(405,'S29',NULL,'2025-03-28 15:50:41.000000','2025-03-28 15:50:41.000000',2),(406,'S29',NULL,'2025-03-28 15:50:41.000000','2025-03-28 15:50:41.000000',1),(407,'S30',NULL,'2025-03-28 15:50:41.000000','2025-03-28 15:50:41.000000',14),(408,'S30',NULL,'2025-03-28 15:50:41.000000','2025-03-28 15:50:41.000000',13),(409,'S30',NULL,'2025-03-28 15:50:41.000000','2025-03-28 15:50:41.000000',12),(410,'S30',NULL,'2025-03-28 15:50:41.000000','2025-03-28 15:50:41.000000',11),(411,'S30',NULL,'2025-03-28 15:50:41.000000','2025-03-28 15:50:41.000000',9),(412,'S30',NULL,'2025-03-28 15:50:41.000000','2025-03-28 15:50:41.000000',8),(413,'S30',NULL,'2025-03-28 15:50:41.000000','2025-03-28 15:50:41.000000',7),(414,'S30',NULL,'2025-03-28 15:50:41.000000','2025-03-28 15:50:41.000000',6),(415,'S30',NULL,'2025-03-28 15:50:41.000000','2025-03-28 15:50:41.000000',4),(416,'S30',NULL,'2025-03-28 15:50:41.000000','2025-03-28 15:50:41.000000',3),(417,'S30',NULL,'2025-03-28 15:50:41.000000','2025-03-28 15:50:41.000000',2),(418,'S30',NULL,'2025-03-28 15:50:41.000000','2025-03-28 15:50:41.000000',1),(419,'S31',NULL,'2025-03-28 15:50:41.000000','2025-03-28 15:50:41.000000',14),(420,'S31',NULL,'2025-03-28 15:50:41.000000','2025-03-28 15:50:41.000000',13),(421,'S31',NULL,'2025-03-28 15:50:41.000000','2025-03-28 15:50:41.000000',12),(422,'S31',NULL,'2025-03-28 15:50:41.000000','2025-03-28 15:50:41.000000',11),(423,'S31',NULL,'2025-03-28 15:50:41.000000','2025-03-28 15:50:41.000000',9),(424,'S31',NULL,'2025-03-28 15:50:41.000000','2025-03-28 15:50:41.000000',8),(425,'S31',NULL,'2025-03-28 15:50:41.000000','2025-03-28 15:50:41.000000',7),(426,'S31',NULL,'2025-03-28 15:50:41.000000','2025-03-28 15:50:41.000000',6),(427,'S31',NULL,'2025-03-28 15:50:41.000000','2025-03-28 15:50:41.000000',4),(428,'S31',NULL,'2025-03-28 15:50:41.000000','2025-03-28 15:50:41.000000',3),(429,'S31',NULL,'2025-03-28 15:50:41.000000','2025-03-28 15:50:41.000000',2),(430,'S31',NULL,'2025-03-28 15:50:41.000000','2025-03-28 15:50:41.000000',1),(431,'S32',NULL,'2025-03-28 15:50:41.000000','2025-03-28 15:50:41.000000',14),(432,'S32',NULL,'2025-03-28 15:50:41.000000','2025-03-28 15:50:41.000000',13),(433,'S32',NULL,'2025-03-28 15:50:41.000000','2025-03-28 15:50:41.000000',12),(434,'S32',NULL,'2025-03-28 15:50:41.000000','2025-03-28 15:50:41.000000',11),(435,'S32',NULL,'2025-03-28 15:50:41.000000','2025-03-28 15:50:41.000000',9),(436,'S32',NULL,'2025-03-28 15:50:41.000000','2025-03-28 15:50:41.000000',8),(437,'S32',NULL,'2025-03-28 15:50:41.000000','2025-03-28 15:50:41.000000',7),(438,'S32',NULL,'2025-03-28 15:50:41.000000','2025-03-28 15:50:41.000000',6),(439,'S32',NULL,'2025-03-28 15:50:41.000000','2025-03-28 15:50:41.000000',4),(440,'S32',NULL,'2025-03-28 15:50:41.000000','2025-03-28 15:50:41.000000',3),(441,'S32',NULL,'2025-03-28 15:50:41.000000','2025-03-28 15:50:41.000000',2),(442,'S32',NULL,'2025-03-28 15:50:41.000000','2025-03-28 15:50:41.000000',1),(443,'S33',NULL,'2025-03-28 15:50:41.000000','2025-03-28 15:50:41.000000',14),(444,'S33',NULL,'2025-03-28 15:50:41.000000','2025-03-28 15:50:41.000000',13),(445,'S33',NULL,'2025-03-28 15:50:41.000000','2025-03-28 15:50:41.000000',12),(446,'S33',NULL,'2025-03-28 15:50:41.000000','2025-03-28 15:50:41.000000',9),(447,'S33',NULL,'2025-03-28 15:50:41.000000','2025-03-28 15:50:41.000000',6),(448,'S33',NULL,'2025-03-28 15:50:41.000000','2025-03-28 15:50:41.000000',2),(449,'S33',NULL,'2025-03-28 15:50:41.000000','2025-03-28 15:50:41.000000',1),(450,'S34',NULL,'2025-03-28 15:50:41.000000','2025-03-28 15:50:41.000000',14),(451,'S34',NULL,'2025-03-28 15:50:41.000000','2025-03-28 15:50:41.000000',13),(452,'S34',NULL,'2025-03-28 15:50:41.000000','2025-03-28 15:50:41.000000',12),(453,'S34',NULL,'2025-03-28 15:50:41.000000','2025-03-28 15:50:41.000000',9),(454,'S34',NULL,'2025-03-28 15:50:41.000000','2025-03-28 15:50:41.000000',6),(455,'S34',NULL,'2025-03-28 15:50:41.000000','2025-03-28 15:50:41.000000',2),(456,'S34',NULL,'2025-03-28 15:50:41.000000','2025-03-28 15:50:41.000000',1),(457,'S35',NULL,'2025-03-28 15:50:41.000000','2025-03-28 15:50:41.000000',14),(458,'S35',NULL,'2025-03-28 15:50:41.000000','2025-03-28 15:50:41.000000',13),(459,'S35',NULL,'2025-03-28 15:50:41.000000','2025-03-28 15:50:41.000000',12),(460,'S35',NULL,'2025-03-28 15:50:41.000000','2025-03-28 15:50:41.000000',9),(461,'S35',NULL,'2025-03-28 15:50:41.000000','2025-03-28 15:50:41.000000',6),(462,'S35',NULL,'2025-03-28 15:50:41.000000','2025-03-28 15:50:41.000000',2),(463,'S35',NULL,'2025-03-28 15:50:41.000000','2025-03-28 15:50:41.000000',1),(464,'S36',NULL,'2025-03-28 15:50:41.000000','2025-03-28 15:50:41.000000',14),(465,'S36',NULL,'2025-03-28 15:50:41.000000','2025-03-28 15:50:41.000000',13),(466,'S36',NULL,'2025-03-28 15:50:41.000000','2025-03-28 15:50:41.000000',12),(467,'S36',NULL,'2025-03-28 15:50:41.000000','2025-03-28 15:50:41.000000',9),(468,'S36',NULL,'2025-03-28 15:50:41.000000','2025-03-28 15:50:41.000000',6),(469,'S36',NULL,'2025-03-28 15:50:41.000000','2025-03-28 15:50:41.000000',2),(470,'S36',NULL,'2025-03-28 15:50:41.000000','2025-03-28 15:50:41.000000',1),(471,'S37',NULL,'2025-03-28 15:50:41.000000','2025-03-28 15:50:41.000000',14),(472,'S37',NULL,'2025-03-28 15:50:41.000000','2025-03-28 15:50:41.000000',13),(473,'S37',NULL,'2025-03-28 15:50:41.000000','2025-03-28 15:50:41.000000',12),(474,'S37',NULL,'2025-03-28 15:50:41.000000','2025-03-28 15:50:41.000000',9),(475,'S37',NULL,'2025-03-28 15:50:41.000000','2025-03-28 15:50:41.000000',6),(476,'S37',NULL,'2025-03-28 15:50:41.000000','2025-03-28 15:50:41.000000',2),(477,'S37',NULL,'2025-03-28 15:50:41.000000','2025-03-28 15:50:41.000000',1),(478,'S38',NULL,'2025-03-28 15:50:41.000000','2025-03-28 15:50:41.000000',14),(479,'S38',NULL,'2025-03-28 15:50:41.000000','2025-03-28 15:50:41.000000',13),(480,'S38',NULL,'2025-03-28 15:50:41.000000','2025-03-28 15:50:41.000000',12),(481,'S38',NULL,'2025-03-28 15:50:41.000000','2025-03-28 15:50:41.000000',9),(482,'S38',NULL,'2025-03-28 15:50:41.000000','2025-03-28 15:50:41.000000',6),(483,'S38',NULL,'2025-03-28 15:50:41.000000','2025-03-28 15:50:41.000000',2),(484,'S38',NULL,'2025-03-28 15:50:41.000000','2025-03-28 15:50:41.000000',1),(485,'S39',NULL,'2025-03-28 15:50:41.000000','2025-03-28 15:50:41.000000',14),(486,'S39',NULL,'2025-03-28 15:50:41.000000','2025-03-28 15:50:41.000000',13),(487,'S39',NULL,'2025-03-28 15:50:41.000000','2025-03-28 15:50:41.000000',12),(488,'S39',NULL,'2025-03-28 15:50:41.000000','2025-03-28 15:50:41.000000',9),(489,'S39',NULL,'2025-03-28 15:50:41.000000','2025-03-28 15:50:41.000000',6),(490,'S39',NULL,'2025-03-28 15:50:41.000000','2025-03-28 15:50:41.000000',2),(491,'S39',NULL,'2025-03-28 15:50:41.000000','2025-03-28 15:50:41.000000',1),(492,'S40',NULL,'2025-03-28 15:50:41.000000','2025-03-28 15:50:41.000000',14),(493,'S40',NULL,'2025-03-28 15:50:41.000000','2025-03-28 15:50:41.000000',13),(494,'S40',NULL,'2025-03-28 15:50:41.000000','2025-03-28 15:50:41.000000',12),(495,'S40',NULL,'2025-03-28 15:50:41.000000','2025-03-28 15:50:41.000000',9),(496,'S40',NULL,'2025-03-28 15:50:41.000000','2025-03-28 15:50:41.000000',6),(497,'S40',NULL,'2025-03-28 15:50:41.000000','2025-03-28 15:50:41.000000',2),(498,'S40',NULL,'2025-03-28 15:50:41.000000','2025-03-28 15:50:41.000000',1),(499,'S41',NULL,'2025-03-28 15:50:41.000000','2025-03-28 15:50:41.000000',14),(500,'S41',NULL,'2025-03-28 15:50:41.000000','2025-03-28 15:50:41.000000',13),(501,'S41',NULL,'2025-03-28 15:50:41.000000','2025-03-28 15:50:41.000000',12),(502,'S41',NULL,'2025-03-28 15:50:41.000000','2025-03-28 15:50:41.000000',9),(503,'S41',NULL,'2025-03-28 15:50:41.000000','2025-03-28 15:50:41.000000',6),(504,'S41',NULL,'2025-03-28 15:50:41.000000','2025-03-28 15:50:41.000000',2),(505,'S41',NULL,'2025-03-28 15:50:41.000000','2025-03-28 15:50:41.000000',1),(506,'S42',NULL,'2025-03-28 15:50:41.000000','2025-03-28 15:50:41.000000',14),(507,'S42',NULL,'2025-03-28 15:50:41.000000','2025-03-28 15:50:41.000000',13),(508,'S42',NULL,'2025-03-28 15:50:41.000000','2025-03-28 15:50:41.000000',12),(509,'S42',NULL,'2025-03-28 15:50:41.000000','2025-03-28 15:50:41.000000',9),(510,'S42',NULL,'2025-03-28 15:50:41.000000','2025-03-28 15:50:41.000000',6),(511,'S42',NULL,'2025-03-28 15:50:41.000000','2025-03-28 15:50:41.000000',2),(512,'S42',NULL,'2025-03-28 15:50:41.000000','2025-03-28 15:50:41.000000',1),(513,'S43',NULL,'2025-03-28 15:50:41.000000','2025-03-28 15:50:41.000000',14),(514,'S43',NULL,'2025-03-28 15:50:41.000000','2025-03-28 15:50:41.000000',13),(515,'S43',NULL,'2025-03-28 15:50:41.000000','2025-03-28 15:50:41.000000',12),(516,'S43',NULL,'2025-03-28 15:50:41.000000','2025-03-28 15:50:41.000000',9),(517,'S43',NULL,'2025-03-28 15:50:41.000000','2025-03-28 15:50:41.000000',6),(518,'S43',NULL,'2025-03-28 15:50:41.000000','2025-03-28 15:50:41.000000',2),(519,'S43',NULL,'2025-03-28 15:50:41.000000','2025-03-28 15:50:41.000000',1),(520,'S44',NULL,'2025-03-28 15:50:41.000000','2025-03-28 15:50:41.000000',14),(521,'S44',NULL,'2025-03-28 15:50:41.000000','2025-03-28 15:50:41.000000',13),(522,'S44',NULL,'2025-03-28 15:50:41.000000','2025-03-28 15:50:41.000000',12),(523,'S44',NULL,'2025-03-28 15:50:41.000000','2025-03-28 15:50:41.000000',9),(524,'S44',NULL,'2025-03-28 15:50:41.000000','2025-03-28 15:50:41.000000',6),(525,'S44',NULL,'2025-03-28 15:50:41.000000','2025-03-28 15:50:41.000000',2),(526,'S44',NULL,'2025-03-28 15:50:41.000000','2025-03-28 15:50:41.000000',1);
/*!40000 ALTER TABLE `booking_seat` ENABLE KEYS */;
UNLOCK TABLES;

--
-- Table structure for table `booking_seattrip`
--

DROP TABLE IF EXISTS `booking_seattrip`;
/*!40101 SET @saved_cs_client     = @@character_set_client */;
/*!50503 SET character_set_client = utf8mb4 */;
CREATE TABLE `booking_seattrip` (
  `id` bigint NOT NULL AUTO_INCREMENT,
  `status` varchar(15) NOT NULL,
  `updated_at` datetime(6) NOT NULL,
  `seat_id` bigint NOT NULL,
  `trip_id` bigint NOT NULL,
  PRIMARY KEY (`id`),
  UNIQUE KEY `booking_seattrip_trip_id_seat_id_bcf047de_uniq` (`trip_id`,`seat_id`),
  KEY `booking_seattrip_seat_id_0135e1ef_fk_booking_seat_id` (`seat_id`),
  CONSTRAINT `booking_seattrip_seat_id_0135e1ef_fk_booking_seat_id` FOREIGN KEY (`seat_id`) REFERENCES `booking_seat` (`id`),
  CONSTRAINT `booking_seattrip_trip_id_a6f660a0_fk_booking_trip_id` FOREIGN KEY (`trip_id`) REFERENCES `booking_trip` (`id`)
) ENGINE=InnoDB AUTO_INCREMENT=6661 DEFAULT CHARSET=utf8mb3;
/*!40101 SET character_set_client = @saved_cs_client */;

--
-- Dumping data for table `booking_seattrip`
--

LOCK TABLES `booking_seattrip` WRITE;
/*!40000 ALTER TABLE `booking_seattrip` DISABLE KEYS */;
INSERT INTO `booking_seattrip` VALUES (1,'Available','2025-03-29 05:24:45.305399',2,1),(2,'Available','2025-03-29 05:24:45.305399',128,1),(3,'Available','2025-03-29 05:24:45.305399',142,1),(4,'Available','2025-03-29 05:24:45.305399',156,1),(5,'Available','2025-03-29 05:24:45.305399',170,1),(6,'Available','2025-03-29 05:24:45.305399',184,1),(7,'Available','2025-03-29 05:24:45.305399',198,1),(8,'Available','2025-03-29 05:24:45.305399',212,1),(9,'Available','2025-03-29 05:24:45.305399',226,1),(10,'Available','2025-03-29 05:24:45.305399',240,1),(11,'Available','2025-03-29 05:24:45.305399',254,1),(12,'Available','2025-03-29 05:24:45.305399',16,1),(13,'Available','2025-03-29 05:24:45.305399',268,1),(14,'Available','2025-03-29 05:24:45.305399',282,1),(15,'Available','2025-03-29 05:24:45.305399',296,1),(16,'Available','2025-03-29 05:24:45.305399',310,1),(17,'Available','2025-03-29 05:24:45.305399',324,1),(18,'Available','2025-03-29 05:24:45.305399',338,1),(19,'Available','2025-03-29 05:24:45.305399',352,1),(20,'Available','2025-03-29 05:24:45.305399',366,1),(21,'Available','2025-03-29 05:24:45.305399',380,1),(22,'Available','2025-03-29 05:24:45.305399',394,1),(23,'Available','2025-03-29 05:24:45.305399',30,1),(24,'Available','2025-03-29 05:24:45.305399',408,1),(25,'Available','2025-03-29 05:24:45.305399',420,1),(26,'Available','2025-03-29 05:24:45.305399',432,1),(27,'Available','2025-03-29 05:24:45.305399',444,1),(28,'Available','2025-03-29 05:24:45.305399',451,1),(29,'Available','2025-03-29 05:24:45.305399',458,1),(30,'Available','2025-03-29 05:24:45.305399',465,1),(31,'Available','2025-03-29 05:24:45.305399',472,1),(32,'Available','2025-03-29 05:24:45.305399',479,1),(33,'Available','2025-03-29 05:24:45.305399',486,1),(34,'Available','2025-03-29 05:24:45.305399',44,1),(35,'Available','2025-03-29 05:24:45.305399',493,1),(36,'Available','2025-03-29 05:24:45.305399',500,1),(37,'Available','2025-03-29 05:24:45.305399',507,1),(38,'Available','2025-03-29 05:24:45.305399',514,1),(39,'Available','2025-03-29 05:24:45.305399',521,1),(40,'Available','2025-03-29 05:24:45.305399',58,1),(41,'Available','2025-03-29 05:24:45.305399',72,1),(42,'Available','2025-03-29 05:24:45.305399',86,1),(43,'Available','2025-03-29 05:24:45.305399',100,1),(44,'Available','2025-03-29 05:24:45.305399',114,1),(45,'Available','2025-03-29 05:24:45.316904',2,2),(46,'Available','2025-03-29 05:24:45.316904',128,2),(47,'Available','2025-03-29 05:24:45.316904',142,2),(48,'Available','2025-03-29 05:24:45.316904',156,2),(49,'Available','2025-03-29 05:24:45.316904',170,2),(50,'Available','2025-03-29 05:24:45.316904',184,2),(51,'Available','2025-03-29 05:24:45.316904',198,2),(52,'Available','2025-03-29 05:24:45.316904',212,2),(53,'Available','2025-03-29 05:24:45.316904',226,2),(54,'Available','2025-03-29 05:24:45.316904',240,2),(55,'Available','2025-03-29 05:24:45.316904',254,2),(56,'Available','2025-03-29 05:24:45.316904',16,2),(57,'Available','2025-03-29 05:24:45.316904',268,2),(58,'Available','2025-03-29 05:24:45.316904',282,2),(59,'Available','2025-03-29 05:24:45.316904',296,2),(60,'Available','2025-03-29 05:24:45.316904',310,2),(61,'Available','2025-03-29 05:24:45.316904',324,2),(62,'Available','2025-03-29 05:24:45.316904',338,2),(63,'Available','2025-03-29 05:24:45.316904',352,2),(64,'Available','2025-03-29 05:24:45.316904',366,2),(65,'Available','2025-03-29 05:24:45.316904',380,2),(66,'Available','2025-03-29 05:24:45.316904',394,2),(67,'Available','2025-03-29 05:24:45.316904',30,2),(68,'Available','2025-03-29 05:24:45.316904',408,2),(69,'Available','2025-03-29 05:24:45.316904',420,2),(70,'Available','2025-03-29 05:24:45.316904',432,2),(71,'Available','2025-03-29 05:24:45.316904',444,2),(72,'Available','2025-03-29 05:24:45.316904',451,2),(73,'Available','2025-03-29 05:24:45.316904',458,2),(74,'Available','2025-03-29 05:24:45.316904',465,2),(75,'Available','2025-03-29 05:24:45.316904',472,2),(76,'Available','2025-03-29 05:24:45.316904',479,2),(77,'Available','2025-03-29 05:24:45.316904',486,2),(78,'Available','2025-03-29 05:24:45.316904',44,2),(79,'Available','2025-03-29 05:24:45.316904',493,2),(80,'Available','2025-03-29 05:24:45.316904',500,2),(81,'Available','2025-03-29 05:24:45.316904',507,2),(82,'Available','2025-03-29 05:24:45.316904',514,2),(83,'Available','2025-03-29 05:24:45.316904',521,2),(84,'Available','2025-03-29 05:24:45.316904',58,2),(85,'Available','2025-03-29 05:24:45.316904',72,2),(86,'Available','2025-03-29 05:24:45.316904',86,2),(87,'Available','2025-03-29 05:24:45.316904',100,2),(88,'Available','2025-03-29 05:24:45.316904',114,2),(89,'Available','2025-03-29 05:24:45.334738',7,3),(90,'Available','2025-03-29 05:24:45.334738',133,3),(91,'Available','2025-03-29 05:24:45.334738',147,3),(92,'Available','2025-03-29 05:24:45.334738',161,3),(93,'Available','2025-03-29 05:24:45.334738',175,3),(94,'Available','2025-03-29 05:24:45.334738',189,3),(95,'Available','2025-03-29 05:24:45.334738',203,3),(96,'Available','2025-03-29 05:24:45.334738',217,3),(97,'Available','2025-03-29 05:24:45.334738',231,3),(98,'Available','2025-03-29 05:24:45.334738',245,3),(99,'Available','2025-03-29 05:24:45.334738',259,3),(100,'Available','2025-03-29 05:24:45.334738',21,3),(101,'Available','2025-03-29 05:24:45.334738',273,3),(102,'Available','2025-03-29 05:24:45.334738',287,3),(103,'Available','2025-03-29 05:24:45.334738',301,3),(104,'Available','2025-03-29 05:24:45.334738',315,3),(105,'Available','2025-03-29 05:24:45.334738',329,3),(106,'Available','2025-03-29 05:24:45.334738',343,3),(107,'Available','2025-03-29 05:24:45.334738',357,3),(108,'Available','2025-03-29 05:24:45.334738',371,3),(109,'Available','2025-03-29 05:24:45.334738',385,3),(110,'Available','2025-03-29 05:24:45.334738',399,3),(111,'Available','2025-03-29 05:24:45.334738',35,3),(112,'Available','2025-03-29 05:24:45.334738',412,3),(113,'Available','2025-03-29 05:24:45.334738',424,3),(114,'Available','2025-03-29 05:24:45.334738',436,3),(115,'Available','2025-03-29 05:24:45.334738',49,3),(116,'Available','2025-03-29 05:24:45.334738',63,3),(117,'Available','2025-03-29 05:24:45.334738',77,3),(118,'Available','2025-03-29 05:24:45.334738',91,3),(119,'Available','2025-03-29 05:24:45.334738',105,3),(120,'Available','2025-03-29 05:24:45.334738',119,3),(121,'Available','2025-03-29 05:24:45.342054',7,4),(122,'Available','2025-03-29 05:24:45.342054',133,4),(123,'Available','2025-03-29 05:24:45.342054',147,4),(124,'Available','2025-03-29 05:24:45.342054',161,4),(125,'Available','2025-03-29 05:24:45.342054',175,4),(126,'Available','2025-03-29 05:24:45.342054',189,4),(127,'Available','2025-03-29 05:24:45.342054',203,4),(128,'Available','2025-03-29 05:24:45.342054',217,4),(129,'Available','2025-03-29 05:24:45.342054',231,4),(130,'Available','2025-03-29 05:24:45.342054',245,4),(131,'Available','2025-03-29 05:24:45.342054',259,4),(132,'Available','2025-03-29 05:24:45.342054',21,4),(133,'Available','2025-03-29 05:24:45.342054',273,4),(134,'Available','2025-03-29 05:24:45.342054',287,4),(135,'Available','2025-03-29 05:24:45.342054',301,4),(136,'Available','2025-03-29 05:24:45.342054',315,4),(137,'Available','2025-03-29 05:24:45.342054',329,4),(138,'Available','2025-03-29 05:24:45.342054',343,4),(139,'Available','2025-03-29 05:24:45.342054',357,4),(140,'Available','2025-03-29 05:24:45.342054',371,4),(141,'Available','2025-03-29 05:24:45.342054',385,4),(142,'Available','2025-03-29 05:24:45.342054',399,4),(143,'Available','2025-03-29 05:24:45.342054',35,4),(144,'Available','2025-03-29 05:24:45.342054',412,4),(145,'Available','2025-03-29 05:24:45.342054',424,4),(146,'Available','2025-03-29 05:24:45.342054',436,4),(147,'Available','2025-03-29 05:24:45.342054',49,4),(148,'Available','2025-03-29 05:24:45.342054',63,4),(149,'Available','2025-03-29 05:24:45.342054',77,4),(150,'Available','2025-03-29 05:24:45.342054',91,4),(151,'Available','2025-03-29 05:24:45.342054',105,4),(152,'Available','2025-03-29 05:24:45.342054',119,4),(153,'Available','2025-03-29 05:24:45.351403',4,5),(154,'Available','2025-03-29 05:24:45.351403',130,5),(155,'Available','2025-03-29 05:24:45.351403',144,5),(156,'Available','2025-03-29 05:24:45.351403',158,5),(157,'Available','2025-03-29 05:24:45.351403',172,5),(158,'Available','2025-03-29 05:24:45.351403',186,5),(159,'Available','2025-03-29 05:24:45.351403',200,5),(160,'Available','2025-03-29 05:24:45.351403',214,5),(161,'Available','2025-03-29 05:24:45.351403',228,5),(162,'Available','2025-03-29 05:24:45.351403',242,5),(163,'Available','2025-03-29 05:24:45.351403',256,5),(164,'Available','2025-03-29 05:24:45.351403',18,5),(165,'Available','2025-03-29 05:24:45.351403',270,5),(166,'Available','2025-03-29 05:24:45.351403',284,5),(167,'Available','2025-03-29 05:24:45.351403',298,5),(168,'Available','2025-03-29 05:24:45.351403',312,5),(169,'Available','2025-03-29 05:24:45.351403',326,5),(170,'Available','2025-03-29 05:24:45.351403',340,5),(171,'Available','2025-03-29 05:24:45.351403',354,5),(172,'Available','2025-03-29 05:24:45.351403',368,5),(173,'Available','2025-03-29 05:24:45.351403',382,5),(174,'Available','2025-03-29 05:24:45.351403',396,5),(175,'Available','2025-03-29 05:24:45.351403',32,5),(176,'Available','2025-03-29 05:24:45.351403',410,5),(177,'Available','2025-03-29 05:24:45.351403',422,5),(178,'Available','2025-03-29 05:24:45.351403',434,5),(179,'Available','2025-03-29 05:24:45.351403',46,5),(180,'Available','2025-03-29 05:24:45.351403',60,5),(181,'Available','2025-03-29 05:24:45.351403',74,5),(182,'Available','2025-03-29 05:24:45.351403',88,5),(183,'Available','2025-03-29 05:24:45.351403',102,5),(184,'Available','2025-03-29 05:24:45.351403',116,5),(185,'Available','2025-03-29 05:24:45.358401',4,6),(186,'Available','2025-03-29 05:24:45.358401',130,6),(187,'Available','2025-03-29 05:24:45.358401',144,6),(188,'Available','2025-03-29 05:24:45.358401',158,6),(189,'Available','2025-03-29 05:24:45.358401',172,6),(190,'Available','2025-03-29 05:24:45.358401',186,6),(191,'Available','2025-03-29 05:24:45.358401',200,6),(192,'Available','2025-03-29 05:24:45.358401',214,6),(193,'Available','2025-03-29 05:24:45.358401',228,6),(194,'Available','2025-03-29 05:24:45.358401',242,6),(195,'Available','2025-03-29 05:24:45.358401',256,6),(196,'Available','2025-03-29 05:24:45.358401',18,6),(197,'Available','2025-03-29 05:24:45.358401',270,6),(198,'Available','2025-03-29 05:24:45.358401',284,6),(199,'Available','2025-03-29 05:24:45.358401',298,6),(200,'Available','2025-03-29 05:24:45.358401',312,6),(201,'Available','2025-03-29 05:24:45.358401',326,6),(202,'Available','2025-03-29 05:24:45.358401',340,6),(203,'Available','2025-03-29 05:24:45.358401',354,6),(204,'Available','2025-03-29 05:24:45.358401',368,6),(205,'Available','2025-03-29 05:24:45.358401',382,6),(206,'Available','2025-03-29 05:24:45.358401',396,6),(207,'Available','2025-03-29 05:24:45.358401',32,6),(208,'Available','2025-03-29 05:24:45.358401',410,6),(209,'Available','2025-03-29 05:24:45.358401',422,6),(210,'Available','2025-03-29 05:24:45.358401',434,6),(211,'Available','2025-03-29 05:24:45.358401',46,6),(212,'Available','2025-03-29 05:24:45.358401',60,6),(213,'Available','2025-03-29 05:24:45.358401',74,6),(214,'Available','2025-03-29 05:24:45.358401',88,6),(215,'Available','2025-03-29 05:24:45.358401',102,6),(216,'Available','2025-03-29 05:24:45.358401',116,6),(217,'Available','2025-03-29 05:24:45.361798',13,7),(218,'Available','2025-03-29 05:24:45.361798',139,7),(219,'Available','2025-03-29 05:24:45.361798',153,7),(220,'Available','2025-03-29 05:24:45.361798',167,7),(221,'Available','2025-03-29 05:24:45.361798',181,7),(222,'Available','2025-03-29 05:24:45.361798',195,7),(223,'Available','2025-03-29 05:24:45.361798',209,7),(224,'Available','2025-03-29 05:24:45.361798',223,7),(225,'Available','2025-03-29 05:24:45.361798',237,7),(226,'Available','2025-03-29 05:24:45.361798',251,7),(227,'Available','2025-03-29 05:24:45.361798',265,7),(228,'Available','2025-03-29 05:24:45.361798',27,7),(229,'Available','2025-03-29 05:24:45.361798',279,7),(230,'Available','2025-03-29 05:24:45.361798',293,7),(231,'Available','2025-03-29 05:24:45.361798',307,7),(232,'Available','2025-03-29 05:24:45.361798',321,7),(233,'Available','2025-03-29 05:24:45.361798',335,7),(234,'Available','2025-03-29 05:24:45.361798',349,7),(235,'Available','2025-03-29 05:24:45.361798',363,7),(236,'Available','2025-03-29 05:24:45.361798',377,7),(237,'Available','2025-03-29 05:24:45.361798',391,7),(238,'Available','2025-03-29 05:24:45.361798',405,7),(239,'Available','2025-03-29 05:24:45.361798',41,7),(240,'Available','2025-03-29 05:24:45.361798',417,7),(241,'Available','2025-03-29 05:24:45.361798',429,7),(242,'Available','2025-03-29 05:24:45.361798',441,7),(243,'Available','2025-03-29 05:24:45.361798',448,7),(244,'Available','2025-03-29 05:24:45.361798',455,7),(245,'Available','2025-03-29 05:24:45.361798',462,7),(246,'Available','2025-03-29 05:24:45.361798',469,7),(247,'Available','2025-03-29 05:24:45.361798',476,7),(248,'Available','2025-03-29 05:24:45.361798',483,7),(249,'Available','2025-03-29 05:24:45.361798',490,7),(250,'Available','2025-03-29 05:24:45.361798',55,7),(251,'Available','2025-03-29 05:24:45.361798',497,7),(252,'Available','2025-03-29 05:24:45.361798',504,7),(253,'Available','2025-03-29 05:24:45.361798',511,7),(254,'Available','2025-03-29 05:24:45.361798',518,7),(255,'Available','2025-03-29 05:24:45.361798',525,7),(256,'Available','2025-03-29 05:24:45.361798',69,7),(257,'Available','2025-03-29 05:24:45.361798',83,7),(258,'Available','2025-03-29 05:24:45.361798',97,7),(259,'Available','2025-03-29 05:24:45.361798',111,7),(260,'Available','2025-03-29 05:24:45.361798',125,7),(261,'Available','2025-03-29 05:24:45.373349',13,8),(262,'Available','2025-03-29 05:24:45.373349',139,8),(263,'Available','2025-03-29 05:24:45.373349',153,8),(264,'Available','2025-03-29 05:24:45.373349',167,8),(265,'Available','2025-03-29 05:24:45.373349',181,8),(266,'Available','2025-03-29 05:24:45.373349',195,8),(267,'Available','2025-03-29 05:24:45.373349',209,8),(268,'Available','2025-03-29 05:24:45.373349',223,8),(269,'Available','2025-03-29 05:24:45.373349',237,8),(270,'Available','2025-03-29 05:24:45.373349',251,8),(271,'Available','2025-03-29 05:24:45.373349',265,8),(272,'Available','2025-03-29 05:24:45.373349',27,8),(273,'Available','2025-03-29 05:24:45.373349',279,8),(274,'Available','2025-03-29 05:24:45.373349',293,8),(275,'Available','2025-03-29 05:24:45.373349',307,8),(276,'Available','2025-03-29 05:24:45.373349',321,8),(277,'Available','2025-03-29 05:24:45.373349',335,8),(278,'Available','2025-03-29 05:24:45.373349',349,8),(279,'Available','2025-03-29 05:24:45.373349',363,8),(280,'Available','2025-03-29 05:24:45.373349',377,8),(281,'Available','2025-03-29 05:24:45.373349',391,8),(282,'Available','2025-03-29 05:24:45.373349',405,8),(283,'Available','2025-03-29 05:24:45.373349',41,8),(284,'Available','2025-03-29 05:24:45.373349',417,8),(285,'Available','2025-03-29 05:24:45.373349',429,8),(286,'Available','2025-03-29 05:24:45.373349',441,8),(287,'Available','2025-03-29 05:24:45.373349',448,8),(288,'Available','2025-03-29 05:24:45.373349',455,8),(289,'Available','2025-03-29 05:24:45.373349',462,8),(290,'Available','2025-03-29 05:24:45.373349',469,8),(291,'Available','2025-03-29 05:24:45.373349',476,8),(292,'Available','2025-03-29 05:24:45.373349',483,8),(293,'Available','2025-03-29 05:24:45.373349',490,8),(294,'Available','2025-03-29 05:24:45.373349',55,8),(295,'Available','2025-03-29 05:24:45.373349',497,8),(296,'Available','2025-03-29 05:24:45.373349',504,8),(297,'Available','2025-03-29 05:24:45.373349',511,8),(298,'Available','2025-03-29 05:24:45.373349',518,8),(299,'Available','2025-03-29 05:24:45.373349',525,8),(300,'Available','2025-03-29 05:24:45.373349',69,8),(301,'Available','2025-03-29 05:24:45.373349',83,8),(302,'Available','2025-03-29 05:24:45.373349',97,8),(303,'Available','2025-03-29 05:24:45.373349',111,8),(304,'Available','2025-03-29 05:24:45.373349',125,8),(305,'Available','2025-03-29 05:24:45.381993',14,9),(306,'Available','2025-03-29 05:24:45.381993',140,9),(307,'Available','2025-03-29 05:24:45.381993',154,9),(308,'Available','2025-03-29 05:24:45.381993',168,9),(309,'Available','2025-03-29 05:24:45.381993',182,9),(310,'Available','2025-03-29 05:24:45.381993',196,9),(311,'Available','2025-03-29 05:24:45.381993',210,9),(312,'Available','2025-03-29 05:24:45.381993',224,9),(313,'Available','2025-03-29 05:24:45.381993',238,9),(314,'Available','2025-03-29 05:24:45.381993',252,9),(315,'Available','2025-03-29 05:24:45.381993',266,9),(316,'Available','2025-03-29 05:24:45.381993',28,9),(317,'Available','2025-03-29 05:24:45.381993',280,9),(318,'Available','2025-03-29 05:24:45.381993',294,9),(319,'Available','2025-03-29 05:24:45.381993',308,9),(320,'Available','2025-03-29 05:24:45.381993',322,9),(321,'Available','2025-03-29 05:24:45.381993',336,9),(322,'Available','2025-03-29 05:24:45.381993',350,9),(323,'Available','2025-03-29 05:24:45.381993',364,9),(324,'Available','2025-03-29 05:24:45.381993',378,9),(325,'Available','2025-03-29 05:24:45.381993',392,9),(326,'Available','2025-03-29 05:24:45.381993',406,9),(327,'Available','2025-03-29 05:24:45.381993',42,9),(328,'Available','2025-03-29 05:24:45.381993',418,9),(329,'Available','2025-03-29 05:24:45.381993',430,9),(330,'Available','2025-03-29 05:24:45.381993',442,9),(331,'Available','2025-03-29 05:24:45.381993',449,9),(332,'Available','2025-03-29 05:24:45.381993',456,9),(333,'Available','2025-03-29 05:24:45.381993',463,9),(334,'Available','2025-03-29 05:24:45.381993',470,9),(335,'Available','2025-03-29 05:24:45.381993',477,9),(336,'Available','2025-03-29 05:24:45.381993',484,9),(337,'Available','2025-03-29 05:24:45.381993',491,9),(338,'Available','2025-03-29 05:24:45.381993',56,9),(339,'Available','2025-03-29 05:24:45.382998',498,9),(340,'Available','2025-03-29 05:24:45.382998',505,9),(341,'Available','2025-03-29 05:24:45.382998',512,9),(342,'Available','2025-03-29 05:24:45.382998',519,9),(343,'Available','2025-03-29 05:24:45.382998',526,9),(344,'Available','2025-03-29 05:24:45.382998',70,9),(345,'Available','2025-03-29 05:24:45.382998',84,9),(346,'Available','2025-03-29 05:24:45.382998',98,9),(347,'Available','2025-03-29 05:24:45.382998',112,9),(348,'Available','2025-03-29 05:24:45.382998',126,9),(349,'Available','2025-03-29 05:24:45.389746',14,10),(350,'Available','2025-03-29 05:24:45.389746',140,10),(351,'Available','2025-03-29 05:24:45.389746',154,10),(352,'Available','2025-03-29 05:24:45.389746',168,10),(353,'Available','2025-03-29 05:24:45.389746',182,10),(354,'Available','2025-03-29 05:24:45.389746',196,10),(355,'Available','2025-03-29 05:24:45.389746',210,10),(356,'Available','2025-03-29 05:24:45.389746',224,10),(357,'Available','2025-03-29 05:24:45.389746',238,10),(358,'Available','2025-03-29 05:24:45.389746',252,10),(359,'Available','2025-03-29 05:24:45.389746',266,10),(360,'Available','2025-03-29 05:24:45.389746',28,10),(361,'Available','2025-03-29 05:24:45.389746',280,10),(362,'Available','2025-03-29 05:24:45.389746',294,10),(363,'Available','2025-03-29 05:24:45.389746',308,10),(364,'Available','2025-03-29 05:24:45.389746',322,10),(365,'Available','2025-03-29 05:24:45.389746',336,10),(366,'Available','2025-03-29 05:24:45.389746',350,10),(367,'Available','2025-03-29 05:24:45.389746',364,10),(368,'Available','2025-03-29 05:24:45.389746',378,10),(369,'Available','2025-03-29 05:24:45.389746',392,10),(370,'Available','2025-03-29 05:24:45.389746',406,10),(371,'Available','2025-03-29 05:24:45.389746',42,10),(372,'Available','2025-03-29 05:24:45.389746',418,10),(373,'Available','2025-03-29 05:24:45.389746',430,10),(374,'Available','2025-03-29 05:24:45.389746',442,10),(375,'Available','2025-03-29 05:24:45.389746',449,10),(376,'Available','2025-03-29 05:24:45.389746',456,10),(377,'Available','2025-03-29 05:24:45.389746',463,10),(378,'Available','2025-03-29 05:24:45.389746',470,10),(379,'Available','2025-03-29 05:24:45.389746',477,10),(380,'Available','2025-03-29 05:24:45.389746',484,10),(381,'Available','2025-03-29 05:24:45.389746',491,10),(382,'Available','2025-03-29 05:24:45.389746',56,10),(383,'Available','2025-03-29 05:24:45.389746',498,10),(384,'Available','2025-03-29 05:24:45.389746',505,10),(385,'Available','2025-03-29 05:24:45.389746',512,10),(386,'Available','2025-03-29 05:24:45.389746',519,10),(387,'Available','2025-03-29 05:24:45.389746',526,10),(388,'Available','2025-03-29 05:24:45.389746',70,10),(389,'Available','2025-03-29 05:24:45.389746',84,10),(390,'Available','2025-03-29 05:24:45.389746',98,10),(391,'Available','2025-03-29 05:24:45.389746',112,10),(392,'Available','2025-03-29 05:24:45.389746',126,10),(393,'Available','2025-03-29 05:24:45.394627',12,11),(394,'Available','2025-03-29 05:24:45.394627',138,11),(395,'Available','2025-03-29 05:24:45.394627',152,11),(396,'Available','2025-03-29 05:24:45.394627',166,11),(397,'Available','2025-03-29 05:24:45.394627',180,11),(398,'Available','2025-03-29 05:24:45.394627',194,11),(399,'Available','2025-03-29 05:24:45.394627',208,11),(400,'Available','2025-03-29 05:24:45.394627',222,11),(401,'Available','2025-03-29 05:24:45.394627',236,11),(402,'Available','2025-03-29 05:24:45.394627',250,11),(403,'Available','2025-03-29 05:24:45.394627',264,11),(404,'Available','2025-03-29 05:24:45.394627',26,11),(405,'Available','2025-03-29 05:24:45.394627',278,11),(406,'Available','2025-03-29 05:24:45.394627',292,11),(407,'Available','2025-03-29 05:24:45.394627',306,11),(408,'Available','2025-03-29 05:24:45.394627',320,11),(409,'Available','2025-03-29 05:24:45.394627',334,11),(410,'Available','2025-03-29 05:24:45.394627',348,11),(411,'Available','2025-03-29 05:24:45.394627',362,11),(412,'Available','2025-03-29 05:24:45.394627',376,11),(413,'Available','2025-03-29 05:24:45.394627',390,11),(414,'Available','2025-03-29 05:24:45.394627',404,11),(415,'Available','2025-03-29 05:24:45.394627',40,11),(416,'Available','2025-03-29 05:24:45.394627',416,11),(417,'Available','2025-03-29 05:24:45.394627',428,11),(418,'Available','2025-03-29 05:24:45.394627',440,11),(419,'Available','2025-03-29 05:24:45.394627',54,11),(420,'Available','2025-03-29 05:24:45.394627',68,11),(421,'Available','2025-03-29 05:24:45.394627',82,11),(422,'Available','2025-03-29 05:24:45.394627',96,11),(423,'Available','2025-03-29 05:24:45.394627',110,11),(424,'Available','2025-03-29 05:24:45.394627',124,11),(425,'Available','2025-03-29 05:24:45.404207',12,12),(426,'Available','2025-03-29 05:24:45.404207',138,12),(427,'Available','2025-03-29 05:24:45.404207',152,12),(428,'Available','2025-03-29 05:24:45.404207',166,12),(429,'Available','2025-03-29 05:24:45.404207',180,12),(430,'Available','2025-03-29 05:24:45.404207',194,12),(431,'Available','2025-03-29 05:24:45.404207',208,12),(432,'Available','2025-03-29 05:24:45.404207',222,12),(433,'Available','2025-03-29 05:24:45.404207',236,12),(434,'Available','2025-03-29 05:24:45.404207',250,12),(435,'Available','2025-03-29 05:24:45.404207',264,12),(436,'Available','2025-03-29 05:24:45.404207',26,12),(437,'Available','2025-03-29 05:24:45.404207',278,12),(438,'Available','2025-03-29 05:24:45.404207',292,12),(439,'Available','2025-03-29 05:24:45.404207',306,12),(440,'Available','2025-03-29 05:24:45.404207',320,12),(441,'Available','2025-03-29 05:24:45.404207',334,12),(442,'Available','2025-03-29 05:24:45.404207',348,12),(443,'Available','2025-03-29 05:24:45.404207',362,12),(444,'Available','2025-03-29 05:24:45.404207',376,12),(445,'Available','2025-03-29 05:24:45.404207',390,12),(446,'Available','2025-03-29 05:24:45.404207',404,12),(447,'Available','2025-03-29 05:24:45.404207',40,12),(448,'Available','2025-03-29 05:24:45.404207',416,12),(449,'Available','2025-03-29 05:24:45.404207',428,12),(450,'Available','2025-03-29 05:24:45.404207',440,12),(451,'Available','2025-03-29 05:24:45.404207',54,12),(452,'Available','2025-03-29 05:24:45.404207',68,12),(453,'Available','2025-03-29 05:24:45.404207',82,12),(454,'Available','2025-03-29 05:24:45.404207',96,12),(455,'Available','2025-03-29 05:24:45.404207',110,12),(456,'Available','2025-03-29 05:24:45.404207',124,12),(457,'Available','2025-03-29 05:24:45.410986',8,13),(458,'Available','2025-03-29 05:24:45.410986',134,13),(459,'Available','2025-03-29 05:24:45.410986',148,13),(460,'Available','2025-03-29 05:24:45.410986',162,13),(461,'Available','2025-03-29 05:24:45.410986',176,13),(462,'Available','2025-03-29 05:24:45.410986',190,13),(463,'Available','2025-03-29 05:24:45.410986',204,13),(464,'Available','2025-03-29 05:24:45.410986',218,13),(465,'Available','2025-03-29 05:24:45.410986',232,13),(466,'Available','2025-03-29 05:24:45.410986',246,13),(467,'Available','2025-03-29 05:24:45.410986',260,13),(468,'Available','2025-03-29 05:24:45.410986',22,13),(469,'Available','2025-03-29 05:24:45.410986',274,13),(470,'Available','2025-03-29 05:24:45.410986',288,13),(471,'Available','2025-03-29 05:24:45.410986',302,13),(472,'Available','2025-03-29 05:24:45.410986',316,13),(473,'Available','2025-03-29 05:24:45.410986',330,13),(474,'Available','2025-03-29 05:24:45.410986',344,13),(475,'Available','2025-03-29 05:24:45.410986',358,13),(476,'Available','2025-03-29 05:24:45.411986',372,13),(477,'Available','2025-03-29 05:24:45.411986',386,13),(478,'Available','2025-03-29 05:24:45.411986',400,13),(479,'Available','2025-03-29 05:24:45.411986',36,13),(480,'Available','2025-03-29 05:24:45.411986',413,13),(481,'Available','2025-03-29 05:24:45.411986',425,13),(482,'Available','2025-03-29 05:24:45.411986',437,13),(483,'Available','2025-03-29 05:24:45.411986',50,13),(484,'Available','2025-03-29 05:24:45.411986',64,13),(485,'Available','2025-03-29 05:24:45.411986',78,13),(486,'Available','2025-03-29 05:24:45.411986',92,13),(487,'Available','2025-03-29 05:24:45.411986',106,13),(488,'Available','2025-03-29 05:24:45.411986',120,13),(489,'Available','2025-03-29 05:24:45.416618',8,14),(490,'Available','2025-03-29 05:24:45.416618',134,14),(491,'Available','2025-03-29 05:24:45.416618',148,14),(492,'Available','2025-03-29 05:24:45.416618',162,14),(493,'Available','2025-03-29 05:24:45.416618',176,14),(494,'Available','2025-03-29 05:24:45.416618',190,14),(495,'Available','2025-03-29 05:24:45.416618',204,14),(496,'Available','2025-03-29 05:24:45.416618',218,14),(497,'Available','2025-03-29 05:24:45.416618',232,14),(498,'Available','2025-03-29 05:24:45.416618',246,14),(499,'Available','2025-03-29 05:24:45.416618',260,14),(500,'Available','2025-03-29 05:24:45.416618',22,14),(501,'Available','2025-03-29 05:24:45.416618',274,14),(502,'Available','2025-03-29 05:24:45.416618',288,14),(503,'Available','2025-03-29 05:24:45.416618',302,14),(504,'Available','2025-03-29 05:24:45.416618',316,14),(505,'Available','2025-03-29 05:24:45.416618',330,14),(506,'Available','2025-03-29 05:24:45.416618',344,14),(507,'Available','2025-03-29 05:24:45.416618',358,14),(508,'Available','2025-03-29 05:24:45.416618',372,14),(509,'Available','2025-03-29 05:24:45.416618',386,14),(510,'Available','2025-03-29 05:24:45.416618',400,14),(511,'Available','2025-03-29 05:24:45.416618',36,14),(512,'Available','2025-03-29 05:24:45.416618',413,14),(513,'Available','2025-03-29 05:24:45.416618',425,14),(514,'Available','2025-03-29 05:24:45.416618',437,14),(515,'Available','2025-03-29 05:24:45.416618',50,14),(516,'Available','2025-03-29 05:24:45.416618',64,14),(517,'Available','2025-03-29 05:24:45.416618',78,14),(518,'Available','2025-03-29 05:24:45.416618',92,14),(519,'Available','2025-03-29 05:24:45.416618',106,14),(520,'Available','2025-03-29 05:24:45.416618',120,14),(521,'Available','2025-03-29 05:24:45.425930',5,15),(522,'Available','2025-03-29 05:24:45.425930',131,15),(523,'Available','2025-03-29 05:24:45.425930',145,15),(524,'Available','2025-03-29 05:24:45.425930',159,15),(525,'Available','2025-03-29 05:24:45.425930',173,15),(526,'Available','2025-03-29 05:24:45.425930',187,15),(527,'Available','2025-03-29 05:24:45.425930',201,15),(528,'Available','2025-03-29 05:24:45.425930',215,15),(529,'Available','2025-03-29 05:24:45.425930',229,15),(530,'Available','2025-03-29 05:24:45.425930',243,15),(531,'Available','2025-03-29 05:24:45.425930',257,15),(532,'Available','2025-03-29 05:24:45.425930',19,15),(533,'Available','2025-03-29 05:24:45.425930',271,15),(534,'Available','2025-03-29 05:24:45.425930',285,15),(535,'Available','2025-03-29 05:24:45.425930',299,15),(536,'Available','2025-03-29 05:24:45.425930',313,15),(537,'Available','2025-03-29 05:24:45.425930',327,15),(538,'Available','2025-03-29 05:24:45.425930',341,15),(539,'Available','2025-03-29 05:24:45.425930',355,15),(540,'Available','2025-03-29 05:24:45.425930',369,15),(541,'Available','2025-03-29 05:24:45.425930',383,15),(542,'Available','2025-03-29 05:24:45.425930',397,15),(543,'Available','2025-03-29 05:24:45.425930',33,15),(544,'Available','2025-03-29 05:24:45.425930',47,15),(545,'Available','2025-03-29 05:24:45.425930',61,15),(546,'Available','2025-03-29 05:24:45.425930',75,15),(547,'Available','2025-03-29 05:24:45.425930',89,15),(548,'Available','2025-03-29 05:24:45.425930',103,15),(549,'Available','2025-03-29 05:24:45.425930',117,15),(550,'Available','2025-03-29 05:24:45.432382',5,16),(551,'Available','2025-03-29 05:24:45.432382',131,16),(552,'Available','2025-03-29 05:24:45.432382',145,16),(553,'Available','2025-03-29 05:24:45.432382',159,16),(554,'Available','2025-03-29 05:24:45.432382',173,16),(555,'Available','2025-03-29 05:24:45.432382',187,16),(556,'Available','2025-03-29 05:24:45.432382',201,16),(557,'Available','2025-03-29 05:24:45.432382',215,16),(558,'Available','2025-03-29 05:24:45.432382',229,16),(559,'Available','2025-03-29 05:24:45.432382',243,16),(560,'Available','2025-03-29 05:24:45.432382',257,16),(561,'Available','2025-03-29 05:24:45.432382',19,16),(562,'Available','2025-03-29 05:24:45.432382',271,16),(563,'Available','2025-03-29 05:24:45.432382',285,16),(564,'Available','2025-03-29 05:24:45.432382',299,16),(565,'Available','2025-03-29 05:24:45.432382',313,16),(566,'Available','2025-03-29 05:24:45.432382',327,16),(567,'Available','2025-03-29 05:24:45.432382',341,16),(568,'Available','2025-03-29 05:24:45.432382',355,16),(569,'Available','2025-03-29 05:24:45.432382',369,16),(570,'Available','2025-03-29 05:24:45.432382',383,16),(571,'Available','2025-03-29 05:24:45.432382',397,16),(572,'Available','2025-03-29 05:24:45.432382',33,16),(573,'Available','2025-03-29 05:24:45.432382',47,16),(574,'Available','2025-03-29 05:24:45.432382',61,16),(575,'Available','2025-03-29 05:24:45.432382',75,16),(576,'Available','2025-03-29 05:24:45.432382',89,16),(577,'Available','2025-03-29 05:24:45.432382',103,16),(578,'Available','2025-03-29 05:24:45.432382',117,16),(579,'Available','2025-03-29 05:24:45.436347',3,17),(580,'Available','2025-03-29 05:24:45.436347',129,17),(581,'Available','2025-03-29 05:24:45.436347',143,17),(582,'Available','2025-03-29 05:24:45.436347',157,17),(583,'Available','2025-03-29 05:24:45.436347',171,17),(584,'Available','2025-03-29 05:24:45.436347',185,17),(585,'Available','2025-03-29 05:24:45.436347',199,17),(586,'Available','2025-03-29 05:24:45.436347',213,17),(587,'Available','2025-03-29 05:24:45.436347',227,17),(588,'Available','2025-03-29 05:24:45.436347',241,17),(589,'Available','2025-03-29 05:24:45.436347',255,17),(590,'Available','2025-03-29 05:24:45.436347',17,17),(591,'Available','2025-03-29 05:24:45.436347',269,17),(592,'Available','2025-03-29 05:24:45.436347',283,17),(593,'Available','2025-03-29 05:24:45.436347',297,17),(594,'Available','2025-03-29 05:24:45.436347',311,17),(595,'Available','2025-03-29 05:24:45.436347',325,17),(596,'Available','2025-03-29 05:24:45.436347',339,17),(597,'Available','2025-03-29 05:24:45.436347',353,17),(598,'Available','2025-03-29 05:24:45.436347',367,17),(599,'Available','2025-03-29 05:24:45.436347',381,17),(600,'Available','2025-03-29 05:24:45.436347',395,17),(601,'Available','2025-03-29 05:24:45.436347',31,17),(602,'Available','2025-03-29 05:24:45.436347',409,17),(603,'Available','2025-03-29 05:24:45.436347',421,17),(604,'Available','2025-03-29 05:24:45.436347',433,17),(605,'Available','2025-03-29 05:24:45.436347',445,17),(606,'Available','2025-03-29 05:24:45.436347',452,17),(607,'Available','2025-03-29 05:24:45.436347',459,17),(608,'Available','2025-03-29 05:24:45.436347',466,17),(609,'Available','2025-03-29 05:24:45.436347',473,17),(610,'Available','2025-03-29 05:24:45.436347',480,17),(611,'Available','2025-03-29 05:24:45.436347',487,17),(612,'Available','2025-03-29 05:24:45.436347',45,17),(613,'Available','2025-03-29 05:24:45.436347',494,17),(614,'Available','2025-03-29 05:24:45.436347',501,17),(615,'Available','2025-03-29 05:24:45.436347',508,17),(616,'Available','2025-03-29 05:24:45.436347',515,17),(617,'Available','2025-03-29 05:24:45.436347',522,17),(618,'Available','2025-03-29 05:24:45.436347',59,17),(619,'Available','2025-03-29 05:24:45.436347',73,17),(620,'Available','2025-03-29 05:24:45.436347',87,17),(621,'Available','2025-03-29 05:24:45.436347',101,17),(622,'Available','2025-03-29 05:24:45.436347',115,17),(623,'Available','2025-03-29 05:24:45.445355',3,18),(624,'Available','2025-03-29 05:24:45.445355',129,18),(625,'Available','2025-03-29 05:24:45.445355',143,18),(626,'Available','2025-03-29 05:24:45.445355',157,18),(627,'Available','2025-03-29 05:24:45.445355',171,18),(628,'Available','2025-03-29 05:24:45.445355',185,18),(629,'Available','2025-03-29 05:24:45.445355',199,18),(630,'Available','2025-03-29 05:24:45.445355',213,18),(631,'Available','2025-03-29 05:24:45.445355',227,18),(632,'Available','2025-03-29 05:24:45.445355',241,18),(633,'Available','2025-03-29 05:24:45.445355',255,18),(634,'Available','2025-03-29 05:24:45.445355',17,18),(635,'Available','2025-03-29 05:24:45.445355',269,18),(636,'Available','2025-03-29 05:24:45.445355',283,18),(637,'Available','2025-03-29 05:24:45.445355',297,18),(638,'Available','2025-03-29 05:24:45.445355',311,18),(639,'Available','2025-03-29 05:24:45.445355',325,18),(640,'Available','2025-03-29 05:24:45.445355',339,18),(641,'Available','2025-03-29 05:24:45.445355',353,18),(642,'Available','2025-03-29 05:24:45.445355',367,18),(643,'Available','2025-03-29 05:24:45.445355',381,18),(644,'Available','2025-03-29 05:24:45.445355',395,18),(645,'Available','2025-03-29 05:24:45.445355',31,18),(646,'Available','2025-03-29 05:24:45.445355',409,18),(647,'Available','2025-03-29 05:24:45.445355',421,18),(648,'Available','2025-03-29 05:24:45.445355',433,18),(649,'Available','2025-03-29 05:24:45.445355',445,18),(650,'Available','2025-03-29 05:24:45.445355',452,18),(651,'Available','2025-03-29 05:24:45.445355',459,18),(652,'Available','2025-03-29 05:24:45.445355',466,18),(653,'Available','2025-03-29 05:24:45.445355',473,18),(654,'Available','2025-03-29 05:24:45.445355',480,18),(655,'Available','2025-03-29 05:24:45.445355',487,18),(656,'Available','2025-03-29 05:24:45.446328',45,18),(657,'Available','2025-03-29 05:24:45.446328',494,18),(658,'Available','2025-03-29 05:24:45.446328',501,18),(659,'Available','2025-03-29 05:24:45.446328',508,18),(660,'Available','2025-03-29 05:24:45.446328',515,18),(661,'Available','2025-03-29 05:24:45.446328',522,18),(662,'Available','2025-03-29 05:24:45.446328',59,18),(663,'Available','2025-03-29 05:24:45.446328',73,18),(664,'Available','2025-03-29 05:24:45.446328',87,18),(665,'Available','2025-03-29 05:24:45.446328',101,18),(666,'Available','2025-03-29 05:24:45.446328',115,18),(667,'Available','2025-03-31 01:25:41.227489',2,19),(668,'Available','2025-03-31 01:25:41.227489',128,19),(669,'Available','2025-03-31 01:25:41.227489',142,19),(670,'Available','2025-03-31 01:25:41.227489',156,19),(671,'Available','2025-03-31 01:25:41.227489',170,19),(672,'Available','2025-03-31 01:25:41.227489',184,19),(673,'Available','2025-03-31 01:25:41.227489',198,19),(674,'Available','2025-03-31 01:25:41.227489',212,19),(675,'Available','2025-03-31 01:25:41.227489',226,19),(676,'Available','2025-03-31 01:25:41.227489',240,19),(677,'Available','2025-03-31 01:25:41.227489',254,19),(678,'Available','2025-03-31 01:25:41.227489',16,19),(679,'Available','2025-03-31 01:25:41.227489',268,19),(680,'Available','2025-03-31 01:25:41.227489',282,19),(681,'Available','2025-03-31 01:25:41.227489',296,19),(682,'Available','2025-03-31 01:25:41.227489',310,19),(683,'Available','2025-03-31 01:25:41.227489',324,19),(684,'Available','2025-03-31 01:25:41.227489',338,19),(685,'Available','2025-03-31 01:25:41.227489',352,19),(686,'Available','2025-03-31 01:25:41.227489',366,19),(687,'Available','2025-03-31 01:25:41.227489',380,19),(688,'Available','2025-03-31 01:25:41.227489',394,19),(689,'Available','2025-03-31 01:25:41.227489',30,19),(690,'Available','2025-03-31 01:25:41.227489',408,19),(691,'Available','2025-03-31 01:25:41.227489',420,19),(692,'Available','2025-03-31 01:25:41.227489',432,19),(693,'Available','2025-03-31 01:25:41.227489',444,19),(694,'Available','2025-03-31 01:25:41.227489',451,19),(695,'Available','2025-03-31 01:25:41.227489',458,19),(696,'Available','2025-03-31 01:25:41.227489',465,19),(697,'Available','2025-03-31 01:25:41.227489',472,19),(698,'Available','2025-03-31 01:25:41.227489',479,19),(699,'Available','2025-03-31 01:25:41.227489',486,19),(700,'Available','2025-03-31 01:25:41.227489',44,19),(701,'Available','2025-03-31 01:25:41.227489',493,19),(702,'Available','2025-03-31 01:25:41.227489',500,19),(703,'Available','2025-03-31 01:25:41.227489',507,19),(704,'Available','2025-03-31 01:25:41.227489',514,19),(705,'Available','2025-03-31 01:25:41.227489',521,19),(706,'Available','2025-03-31 01:25:41.227489',58,19),(707,'Available','2025-03-31 01:25:41.227489',72,19),(708,'Available','2025-03-31 01:25:41.227489',86,19),(709,'Available','2025-03-31 01:25:41.227489',100,19),(710,'Available','2025-03-31 01:25:41.227489',114,19),(711,'Available','2025-03-31 01:25:41.244741',2,20),(712,'Available','2025-03-31 01:25:41.244741',128,20),(713,'Available','2025-03-31 01:25:41.244741',142,20),(714,'Available','2025-03-31 01:25:41.244741',156,20),(715,'Available','2025-03-31 01:25:41.244741',170,20),(716,'Available','2025-03-31 01:25:41.244741',184,20),(717,'Available','2025-03-31 01:25:41.244741',198,20),(718,'Available','2025-03-31 01:25:41.244741',212,20),(719,'Available','2025-03-31 01:25:41.244741',226,20),(720,'Available','2025-03-31 01:25:41.244741',240,20),(721,'Available','2025-03-31 01:25:41.244741',254,20),(722,'Available','2025-03-31 01:25:41.244741',16,20),(723,'Available','2025-03-31 01:25:41.244741',268,20),(724,'Available','2025-03-31 01:25:41.244741',282,20),(725,'Available','2025-03-31 01:25:41.244741',296,20),(726,'Available','2025-03-31 01:25:41.244741',310,20),(727,'Available','2025-03-31 01:25:41.244741',324,20),(728,'Available','2025-03-31 01:25:41.244741',338,20),(729,'Available','2025-03-31 01:25:41.244741',352,20),(730,'Available','2025-03-31 01:25:41.244741',366,20),(731,'Available','2025-03-31 01:25:41.244741',380,20),(732,'Available','2025-03-31 01:25:41.244741',394,20),(733,'Available','2025-03-31 01:25:41.244741',30,20),(734,'Available','2025-03-31 01:25:41.244741',408,20),(735,'Available','2025-03-31 01:25:41.244741',420,20),(736,'Available','2025-03-31 01:25:41.244741',432,20),(737,'Available','2025-03-31 01:25:41.244741',444,20),(738,'Available','2025-03-31 01:25:41.244741',451,20),(739,'Available','2025-03-31 01:25:41.244741',458,20),(740,'Available','2025-03-31 01:25:41.244741',465,20),(741,'Available','2025-03-31 01:25:41.244741',472,20),(742,'Available','2025-03-31 01:25:41.244741',479,20),(743,'Available','2025-03-31 01:25:41.244741',486,20),(744,'Available','2025-03-31 01:25:41.244741',44,20),(745,'Available','2025-03-31 01:25:41.244741',493,20),(746,'Available','2025-03-31 01:25:41.244741',500,20),(747,'Available','2025-03-31 01:25:41.244741',507,20),(748,'Available','2025-03-31 01:25:41.244741',514,20),(749,'Available','2025-03-31 01:25:41.244741',521,20),(750,'Available','2025-03-31 01:25:41.244741',58,20),(751,'Available','2025-03-31 01:25:41.244741',72,20),(752,'Available','2025-03-31 01:25:41.244741',86,20),(753,'Available','2025-03-31 01:25:41.244741',100,20),(754,'Available','2025-03-31 01:25:41.244741',114,20),(755,'Available','2025-03-31 01:25:41.262450',7,21),(756,'Available','2025-03-31 01:25:41.262450',133,21),(757,'Available','2025-03-31 01:25:41.262450',147,21),(758,'Available','2025-03-31 01:25:41.262450',161,21),(759,'Available','2025-03-31 01:25:41.262450',175,21),(760,'Available','2025-03-31 01:25:41.262450',189,21),(761,'Available','2025-03-31 01:25:41.262450',203,21),(762,'Available','2025-03-31 01:25:41.262450',217,21),(763,'Available','2025-03-31 01:25:41.262450',231,21),(764,'Available','2025-03-31 01:25:41.262450',245,21),(765,'Available','2025-03-31 01:25:41.262450',259,21),(766,'Available','2025-03-31 01:25:41.262450',21,21),(767,'Available','2025-03-31 01:25:41.262450',273,21),(768,'Available','2025-03-31 01:25:41.262450',287,21),(769,'Available','2025-03-31 01:25:41.262450',301,21),(770,'Available','2025-03-31 01:25:41.262450',315,21),(771,'Available','2025-03-31 01:25:41.262450',329,21),(772,'Available','2025-03-31 01:25:41.262450',343,21),(773,'Available','2025-03-31 01:25:41.262450',357,21),(774,'Available','2025-03-31 01:25:41.262450',371,21),(775,'Available','2025-03-31 01:25:41.262450',385,21),(776,'Available','2025-03-31 01:25:41.262450',399,21),(777,'Available','2025-03-31 01:25:41.262450',35,21),(778,'Available','2025-03-31 01:25:41.262450',412,21),(779,'Available','2025-03-31 01:25:41.262450',424,21),(780,'Available','2025-03-31 01:25:41.262450',436,21),(781,'Available','2025-03-31 01:25:41.264622',49,21),(782,'Available','2025-03-31 01:25:41.264622',63,21),(783,'Available','2025-03-31 01:25:41.264622',77,21),(784,'Available','2025-03-31 01:25:41.264622',91,21),(785,'Available','2025-03-31 01:25:41.264622',105,21),(786,'Available','2025-03-31 01:25:41.264676',119,21),(787,'Available','2025-03-31 01:25:41.292952',7,22),(788,'Available','2025-03-31 01:25:41.292952',133,22),(789,'Available','2025-03-31 01:25:41.292952',147,22),(790,'Available','2025-03-31 01:25:41.292952',161,22),(791,'Available','2025-03-31 01:25:41.292952',175,22),(792,'Available','2025-03-31 01:25:41.292952',189,22),(793,'Available','2025-03-31 01:25:41.292952',203,22),(794,'Available','2025-03-31 01:25:41.292952',217,22),(795,'Available','2025-03-31 01:25:41.292952',231,22),(796,'Available','2025-03-31 01:25:41.292952',245,22),(797,'Available','2025-03-31 01:25:41.292952',259,22),(798,'Available','2025-03-31 01:25:41.292952',21,22),(799,'Available','2025-03-31 01:25:41.292952',273,22),(800,'Available','2025-03-31 01:25:41.292952',287,22),(801,'Available','2025-03-31 01:25:41.292952',301,22),(802,'Available','2025-03-31 01:25:41.292952',315,22),(803,'Available','2025-03-31 01:25:41.292952',329,22),(804,'Available','2025-03-31 01:25:41.292952',343,22),(805,'Available','2025-03-31 01:25:41.292952',357,22),(806,'Available','2025-03-31 01:25:41.292952',371,22),(807,'Available','2025-03-31 01:25:41.292952',385,22),(808,'Available','2025-03-31 01:25:41.292952',399,22),(809,'Available','2025-03-31 01:25:41.292952',35,22),(810,'Available','2025-03-31 01:25:41.292952',412,22),(811,'Available','2025-03-31 01:25:41.292952',424,22),(812,'Available','2025-03-31 01:25:41.292952',436,22),(813,'Available','2025-03-31 01:25:41.292952',49,22),(814,'Available','2025-03-31 01:25:41.292952',63,22),(815,'Available','2025-03-31 01:25:41.292952',77,22),(816,'Available','2025-03-31 01:25:41.292952',91,22),(817,'Available','2025-03-31 01:25:41.292952',105,22),(818,'Available','2025-03-31 01:25:41.292952',119,22),(819,'Available','2025-03-31 01:25:41.307409',4,23),(820,'Available','2025-03-31 01:25:41.307409',130,23),(821,'Available','2025-03-31 01:25:41.307409',144,23),(822,'Available','2025-03-31 01:25:41.307409',158,23),(823,'Available','2025-03-31 01:25:41.307409',172,23),(824,'Available','2025-03-31 01:25:41.307409',186,23),(825,'Available','2025-03-31 01:25:41.307409',200,23),(826,'Available','2025-03-31 01:25:41.308457',214,23),(827,'Available','2025-03-31 01:25:41.308457',228,23),(828,'Available','2025-03-31 01:25:41.308457',242,23),(829,'Available','2025-03-31 01:25:41.308457',256,23),(830,'Available','2025-03-31 01:25:41.308457',18,23),(831,'Available','2025-03-31 01:25:41.308457',270,23),(832,'Available','2025-03-31 01:25:41.308457',284,23),(833,'Available','2025-03-31 01:25:41.308457',298,23),(834,'Available','2025-03-31 01:25:41.308457',312,23),(835,'Available','2025-03-31 01:25:41.308457',326,23),(836,'Available','2025-03-31 01:25:41.308457',340,23),(837,'Available','2025-03-31 01:25:41.308457',354,23),(838,'Available','2025-03-31 01:25:41.308457',368,23),(839,'Available','2025-03-31 01:25:41.308457',382,23),(840,'Available','2025-03-31 01:25:41.308457',396,23),(841,'Available','2025-03-31 01:25:41.308457',32,23),(842,'Available','2025-03-31 01:25:41.308457',410,23),(843,'Available','2025-03-31 01:25:41.308457',422,23),(844,'Available','2025-03-31 01:25:41.308457',434,23),(845,'Available','2025-03-31 01:25:41.308457',46,23),(846,'Available','2025-03-31 01:25:41.308457',60,23),(847,'Available','2025-03-31 01:25:41.308457',74,23),(848,'Available','2025-03-31 01:25:41.308457',88,23),(849,'Available','2025-03-31 01:25:41.308457',102,23),(850,'Available','2025-03-31 01:25:41.308457',116,23),(851,'Available','2025-03-31 01:25:41.323747',4,24),(852,'Available','2025-03-31 01:25:41.323747',130,24),(853,'Available','2025-03-31 01:25:41.323747',144,24),(854,'Available','2025-03-31 01:25:41.323747',158,24),(855,'Available','2025-03-31 01:25:41.323747',172,24),(856,'Available','2025-03-31 01:25:41.323747',186,24),(857,'Available','2025-03-31 01:25:41.323747',200,24),(858,'Available','2025-03-31 01:25:41.323747',214,24),(859,'Available','2025-03-31 01:25:41.323747',228,24),(860,'Available','2025-03-31 01:25:41.323747',242,24),(861,'Available','2025-03-31 01:25:41.323747',256,24),(862,'Available','2025-03-31 01:25:41.323747',18,24),(863,'Available','2025-03-31 01:25:41.323747',270,24),(864,'Available','2025-03-31 01:25:41.323747',284,24),(865,'Available','2025-03-31 01:25:41.323747',298,24),(866,'Available','2025-03-31 01:25:41.323747',312,24),(867,'Available','2025-03-31 01:25:41.323747',326,24),(868,'Available','2025-03-31 01:25:41.323747',340,24),(869,'Available','2025-03-31 01:25:41.323747',354,24),(870,'Available','2025-03-31 01:25:41.323747',368,24),(871,'Available','2025-03-31 01:25:41.323747',382,24),(872,'Available','2025-03-31 01:25:41.323747',396,24),(873,'Available','2025-03-31 01:25:41.323747',32,24),(874,'Available','2025-03-31 01:25:41.323747',410,24),(875,'Available','2025-03-31 01:25:41.323747',422,24),(876,'Available','2025-03-31 01:25:41.323747',434,24),(877,'Available','2025-03-31 01:25:41.323747',46,24),(878,'Available','2025-03-31 01:25:41.323747',60,24),(879,'Available','2025-03-31 01:25:41.323747',74,24),(880,'Available','2025-03-31 01:25:41.323747',88,24),(881,'Available','2025-03-31 01:25:41.323747',102,24),(882,'Available','2025-03-31 01:25:41.323747',116,24),(883,'Available','2025-03-31 01:25:41.335725',13,25),(884,'Available','2025-03-31 01:25:41.335725',139,25),(885,'Available','2025-03-31 01:25:41.335725',153,25),(886,'Available','2025-03-31 01:25:41.335725',167,25),(887,'Available','2025-03-31 01:25:41.335725',181,25),(888,'Available','2025-03-31 01:25:41.335725',195,25),(889,'Available','2025-03-31 01:25:41.335725',209,25),(890,'Available','2025-03-31 01:25:41.335725',223,25),(891,'Available','2025-03-31 01:25:41.335725',237,25),(892,'Available','2025-03-31 01:25:41.335725',251,25),(893,'Available','2025-03-31 01:25:41.335725',265,25),(894,'Available','2025-03-31 01:25:41.335725',27,25),(895,'Available','2025-03-31 01:25:41.335725',279,25),(896,'Available','2025-03-31 01:25:41.335725',293,25),(897,'Available','2025-03-31 01:25:41.335725',307,25),(898,'Available','2025-03-31 01:25:41.335725',321,25),(899,'Available','2025-03-31 01:25:41.335725',335,25),(900,'Available','2025-03-31 01:25:41.335725',349,25),(901,'Available','2025-03-31 01:25:41.335725',363,25),(902,'Available','2025-03-31 01:25:41.335725',377,25),(903,'Available','2025-03-31 01:25:41.335725',391,25),(904,'Available','2025-03-31 01:25:41.335725',405,25),(905,'Available','2025-03-31 01:25:41.335725',41,25),(906,'Available','2025-03-31 01:25:41.335725',417,25),(907,'Available','2025-03-31 01:25:41.335725',429,25),(908,'Available','2025-03-31 01:25:41.335725',441,25),(909,'Available','2025-03-31 01:25:41.335725',448,25),(910,'Available','2025-03-31 01:25:41.335725',455,25),(911,'Available','2025-03-31 01:25:41.335725',462,25),(912,'Available','2025-03-31 01:25:41.335725',469,25),(913,'Available','2025-03-31 01:25:41.335725',476,25),(914,'Available','2025-03-31 01:25:41.335725',483,25),(915,'Available','2025-03-31 01:25:41.335725',490,25),(916,'Available','2025-03-31 01:25:41.335725',55,25),(917,'Available','2025-03-31 01:25:41.335725',497,25),(918,'Available','2025-03-31 01:25:41.335725',504,25),(919,'Available','2025-03-31 01:25:41.335725',511,25),(920,'Available','2025-03-31 01:25:41.335725',518,25),(921,'Available','2025-03-31 01:25:41.335725',525,25),(922,'Available','2025-03-31 01:25:41.335725',69,25),(923,'Available','2025-03-31 01:25:41.335725',83,25),(924,'Available','2025-03-31 01:25:41.335725',97,25),(925,'Available','2025-03-31 01:25:41.335725',111,25),(926,'Available','2025-03-31 01:25:41.335725',125,25),(927,'Available','2025-03-31 01:25:41.355240',13,26),(928,'Available','2025-03-31 01:25:41.355240',139,26),(929,'Available','2025-03-31 01:25:41.355240',153,26),(930,'Available','2025-03-31 01:25:41.355240',167,26),(931,'Available','2025-03-31 01:25:41.355240',181,26),(932,'Available','2025-03-31 01:25:41.355240',195,26),(933,'Available','2025-03-31 01:25:41.355240',209,26),(934,'Available','2025-03-31 01:25:41.355240',223,26),(935,'Available','2025-03-31 01:25:41.355240',237,26),(936,'Available','2025-03-31 01:25:41.355240',251,26),(937,'Available','2025-03-31 01:25:41.355240',265,26),(938,'Available','2025-03-31 01:25:41.355240',27,26),(939,'Available','2025-03-31 01:25:41.355240',279,26),(940,'Available','2025-03-31 01:25:41.355240',293,26),(941,'Available','2025-03-31 01:25:41.357251',307,26),(942,'Available','2025-03-31 01:25:41.357251',321,26),(943,'Available','2025-03-31 01:25:41.357251',335,26),(944,'Available','2025-03-31 01:25:41.357251',349,26),(945,'Available','2025-03-31 01:25:41.357251',363,26),(946,'Available','2025-03-31 01:25:41.357251',377,26),(947,'Available','2025-03-31 01:25:41.357251',391,26),(948,'Available','2025-03-31 01:25:41.357251',405,26),(949,'Available','2025-03-31 01:25:41.357251',41,26),(950,'Available','2025-03-31 01:25:41.357251',417,26),(951,'Available','2025-03-31 01:25:41.357251',429,26),(952,'Available','2025-03-31 01:25:41.357251',441,26),(953,'Available','2025-03-31 01:25:41.357251',448,26),(954,'Available','2025-03-31 01:25:41.357251',455,26),(955,'Available','2025-03-31 01:25:41.357251',462,26),(956,'Available','2025-03-31 01:25:41.357251',469,26),(957,'Available','2025-03-31 01:25:41.357251',476,26),(958,'Available','2025-03-31 01:25:41.357251',483,26),(959,'Available','2025-03-31 01:25:41.357251',490,26),(960,'Available','2025-03-31 01:25:41.357251',55,26),(961,'Available','2025-03-31 01:25:41.357251',497,26),(962,'Available','2025-03-31 01:25:41.357251',504,26),(963,'Available','2025-03-31 01:25:41.357251',511,26),(964,'Available','2025-03-31 01:25:41.357251',518,26),(965,'Available','2025-03-31 01:25:41.357251',525,26),(966,'Available','2025-03-31 01:25:41.357251',69,26),(967,'Available','2025-03-31 01:25:41.357251',83,26),(968,'Available','2025-03-31 01:25:41.357251',97,26),(969,'Available','2025-03-31 01:25:41.357251',111,26),(970,'Available','2025-03-31 01:25:41.357251',125,26),(971,'Available','2025-03-31 01:25:41.365482',14,27),(972,'Available','2025-03-31 01:25:41.365482',140,27),(973,'Available','2025-03-31 01:25:41.365482',154,27),(974,'Available','2025-03-31 01:25:41.365482',168,27),(975,'Available','2025-03-31 01:25:41.365482',182,27),(976,'Available','2025-03-31 01:25:41.365482',196,27),(977,'Available','2025-03-31 01:25:41.365482',210,27),(978,'Available','2025-03-31 01:25:41.365482',224,27),(979,'Available','2025-03-31 01:25:41.365482',238,27),(980,'Available','2025-03-31 01:25:41.365482',252,27),(981,'Available','2025-03-31 01:25:41.365482',266,27),(982,'Available','2025-03-31 01:25:41.365482',28,27),(983,'Available','2025-03-31 01:25:41.365482',280,27),(984,'Available','2025-03-31 01:25:41.365482',294,27),(985,'Available','2025-03-31 01:25:41.369559',308,27),(986,'Available','2025-03-31 01:25:41.369559',322,27),(987,'Available','2025-03-31 01:25:41.369559',336,27),(988,'Available','2025-03-31 01:25:41.369559',350,27),(989,'Available','2025-03-31 01:25:41.369559',364,27),(990,'Available','2025-03-31 01:25:41.369559',378,27),(991,'Available','2025-03-31 01:25:41.369559',392,27),(992,'Available','2025-03-31 01:25:41.369559',406,27),(993,'Available','2025-03-31 01:25:41.369559',42,27),(994,'Available','2025-03-31 01:25:41.369559',418,27),(995,'Available','2025-03-31 01:25:41.369559',430,27),(996,'Available','2025-03-31 01:25:41.369559',442,27),(997,'Available','2025-03-31 01:25:41.369559',449,27),(998,'Available','2025-03-31 01:25:41.369559',456,27),(999,'Available','2025-03-31 01:25:41.369559',463,27),(1000,'Available','2025-03-31 01:25:41.369559',470,27),(1001,'Available','2025-03-31 01:25:41.369559',477,27),(1002,'Available','2025-03-31 01:25:41.369559',484,27),(1003,'Available','2025-03-31 01:25:41.369559',491,27),(1004,'Available','2025-03-31 01:25:41.369559',56,27),(1005,'Available','2025-03-31 01:25:41.369559',498,27),(1006,'Available','2025-03-31 01:25:41.369559',505,27),(1007,'Available','2025-03-31 01:25:41.369559',512,27),(1008,'Available','2025-03-31 01:25:41.369559',519,27),(1009,'Available','2025-03-31 01:25:41.369559',526,27),(1010,'Available','2025-03-31 01:25:41.369559',70,27),(1011,'Available','2025-03-31 01:25:41.369559',84,27),(1012,'Available','2025-03-31 01:25:41.369559',98,27),(1013,'Available','2025-03-31 01:25:41.369559',112,27),(1014,'Available','2025-03-31 01:25:41.369559',126,27),(1015,'Available','2025-03-31 01:25:41.376086',14,28),(1016,'Available','2025-03-31 01:25:41.376086',140,28),(1017,'Available','2025-03-31 01:25:41.376086',154,28),(1018,'Available','2025-03-31 01:25:41.376086',168,28),(1019,'Available','2025-03-31 01:25:41.376086',182,28),(1020,'Available','2025-03-31 01:25:41.376086',196,28),(1021,'Available','2025-03-31 01:25:41.376086',210,28),(1022,'Available','2025-03-31 01:25:41.376086',224,28),(1023,'Available','2025-03-31 01:25:41.376086',238,28),(1024,'Available','2025-03-31 01:25:41.376086',252,28),(1025,'Available','2025-03-31 01:25:41.376086',266,28),(1026,'Available','2025-03-31 01:25:41.376086',28,28),(1027,'Available','2025-03-31 01:25:41.376086',280,28),(1028,'Available','2025-03-31 01:25:41.376086',294,28),(1029,'Available','2025-03-31 01:25:41.376086',308,28),(1030,'Available','2025-03-31 01:25:41.376086',322,28),(1031,'Available','2025-03-31 01:25:41.376086',336,28),(1032,'Available','2025-03-31 01:25:41.376086',350,28),(1033,'Available','2025-03-31 01:25:41.376086',364,28),(1034,'Available','2025-03-31 01:25:41.376086',378,28),(1035,'Available','2025-03-31 01:25:41.376086',392,28),(1036,'Available','2025-03-31 01:25:41.376086',406,28),(1037,'Available','2025-03-31 01:25:41.376086',42,28),(1038,'Available','2025-03-31 01:25:41.376086',418,28),(1039,'Available','2025-03-31 01:25:41.376086',430,28),(1040,'Available','2025-03-31 01:25:41.376086',442,28),(1041,'Available','2025-03-31 01:25:41.376086',449,28),(1042,'Available','2025-03-31 01:25:41.383712',456,28),(1043,'Available','2025-03-31 01:25:41.383712',463,28),(1044,'Available','2025-03-31 01:25:41.383712',470,28),(1045,'Available','2025-03-31 01:25:41.383712',477,28),(1046,'Available','2025-03-31 01:25:41.383712',484,28),(1047,'Available','2025-03-31 01:25:41.383712',491,28),(1048,'Available','2025-03-31 01:25:41.383712',56,28),(1049,'Available','2025-03-31 01:25:41.383712',498,28),(1050,'Available','2025-03-31 01:25:41.383712',505,28),(1051,'Available','2025-03-31 01:25:41.383830',512,28),(1052,'Available','2025-03-31 01:25:41.383830',519,28),(1053,'Available','2025-03-31 01:25:41.383830',526,28),(1054,'Available','2025-03-31 01:25:41.383830',70,28),(1055,'Available','2025-03-31 01:25:41.383830',84,28),(1056,'Available','2025-03-31 01:25:41.383830',98,28),(1057,'Available','2025-03-31 01:25:41.383830',112,28),(1058,'Available','2025-03-31 01:25:41.383830',126,28),(1059,'Available','2025-03-31 01:25:41.399134',12,29),(1060,'Available','2025-03-31 01:25:41.399134',138,29),(1061,'Available','2025-03-31 01:25:41.399134',152,29),(1062,'Available','2025-03-31 01:25:41.399134',166,29),(1063,'Available','2025-03-31 01:25:41.399134',180,29),(1064,'Available','2025-03-31 01:25:41.399134',194,29),(1065,'Available','2025-03-31 01:25:41.399134',208,29),(1066,'Available','2025-03-31 01:25:41.399134',222,29),(1067,'Available','2025-03-31 01:25:41.399134',236,29),(1068,'Available','2025-03-31 01:25:41.399134',250,29),(1069,'Available','2025-03-31 01:25:41.399134',264,29),(1070,'Available','2025-03-31 01:25:41.399134',26,29),(1071,'Available','2025-03-31 01:25:41.399134',278,29),(1072,'Available','2025-03-31 01:25:41.399134',292,29),(1073,'Available','2025-03-31 01:25:41.399134',306,29),(1074,'Available','2025-03-31 01:25:41.399134',320,29),(1075,'Available','2025-03-31 01:25:41.399134',334,29),(1076,'Available','2025-03-31 01:25:41.399134',348,29),(1077,'Available','2025-03-31 01:25:41.399134',362,29),(1078,'Available','2025-03-31 01:25:41.399134',376,29),(1079,'Available','2025-03-31 01:25:41.399134',390,29),(1080,'Available','2025-03-31 01:25:41.399134',404,29),(1081,'Available','2025-03-31 01:25:41.399134',40,29),(1082,'Available','2025-03-31 01:25:41.399134',416,29),(1083,'Available','2025-03-31 01:25:41.399134',428,29),(1084,'Available','2025-03-31 01:25:41.399134',440,29),(1085,'Available','2025-03-31 01:25:41.399134',54,29),(1086,'Available','2025-03-31 01:25:41.399134',68,29),(1087,'Available','2025-03-31 01:25:41.399134',82,29),(1088,'Available','2025-03-31 01:25:41.399134',96,29),(1089,'Available','2025-03-31 01:25:41.399134',110,29),(1090,'Available','2025-03-31 01:25:41.399134',124,29),(1091,'Available','2025-03-31 01:25:41.410747',12,30),(1092,'Available','2025-03-31 01:25:41.410747',138,30),(1093,'Available','2025-03-31 01:25:41.410747',152,30),(1094,'Available','2025-03-31 01:25:41.410747',166,30),(1095,'Available','2025-03-31 01:25:41.410747',180,30),(1096,'Available','2025-03-31 01:25:41.410747',194,30),(1097,'Available','2025-03-31 01:25:41.410747',208,30),(1098,'Available','2025-03-31 01:25:41.410747',222,30),(1099,'Available','2025-03-31 01:25:41.410747',236,30),(1100,'Available','2025-03-31 01:25:41.410747',250,30),(1101,'Available','2025-03-31 01:25:41.410747',264,30),(1102,'Available','2025-03-31 01:25:41.410747',26,30),(1103,'Available','2025-03-31 01:25:41.410747',278,30),(1104,'Available','2025-03-31 01:25:41.410747',292,30),(1105,'Available','2025-03-31 01:25:41.410747',306,30),(1106,'Available','2025-03-31 01:25:41.410747',320,30),(1107,'Available','2025-03-31 01:25:41.410747',334,30),(1108,'Available','2025-03-31 01:25:41.410747',348,30),(1109,'Available','2025-03-31 01:25:41.410747',362,30),(1110,'Available','2025-03-31 01:25:41.410747',376,30),(1111,'Available','2025-03-31 01:25:41.410747',390,30),(1112,'Available','2025-03-31 01:25:41.410747',404,30),(1113,'Available','2025-03-31 01:25:41.410747',40,30),(1114,'Available','2025-03-31 01:25:41.410747',416,30),(1115,'Available','2025-03-31 01:25:41.410747',428,30),(1116,'Available','2025-03-31 01:25:41.410747',440,30),(1117,'Available','2025-03-31 01:25:41.410747',54,30),(1118,'Available','2025-03-31 01:25:41.410747',68,30),(1119,'Available','2025-03-31 01:25:41.410747',82,30),(1120,'Available','2025-03-31 01:25:41.410747',96,30),(1121,'Available','2025-03-31 01:25:41.410747',110,30),(1122,'Available','2025-03-31 01:25:41.410747',124,30),(1123,'Available','2025-03-31 01:25:41.425227',8,31),(1124,'Available','2025-03-31 01:25:41.425227',134,31),(1125,'Available','2025-03-31 01:25:41.425227',148,31),(1126,'Available','2025-03-31 01:25:41.425227',162,31),(1127,'Available','2025-03-31 01:25:41.425227',176,31),(1128,'Available','2025-03-31 01:25:41.425227',190,31),(1129,'Available','2025-03-31 01:25:41.425227',204,31),(1130,'Available','2025-03-31 01:25:41.425227',218,31),(1131,'Available','2025-03-31 01:25:41.425227',232,31),(1132,'Available','2025-03-31 01:25:41.425227',246,31),(1133,'Available','2025-03-31 01:25:41.425227',260,31),(1134,'Available','2025-03-31 01:25:41.425227',22,31),(1135,'Available','2025-03-31 01:25:41.425227',274,31),(1136,'Available','2025-03-31 01:25:41.425227',288,31),(1137,'Available','2025-03-31 01:25:41.425227',302,31),(1138,'Available','2025-03-31 01:25:41.425227',316,31),(1139,'Available','2025-03-31 01:25:41.425227',330,31),(1140,'Available','2025-03-31 01:25:41.425227',344,31),(1141,'Available','2025-03-31 01:25:41.425227',358,31),(1142,'Available','2025-03-31 01:25:41.425227',372,31),(1143,'Available','2025-03-31 01:25:41.425227',386,31),(1144,'Available','2025-03-31 01:25:41.425227',400,31),(1145,'Available','2025-03-31 01:25:41.425227',36,31),(1146,'Available','2025-03-31 01:25:41.425227',413,31),(1147,'Available','2025-03-31 01:25:41.425227',425,31),(1148,'Available','2025-03-31 01:25:41.425227',437,31),(1149,'Available','2025-03-31 01:25:41.425227',50,31),(1150,'Available','2025-03-31 01:25:41.425227',64,31),(1151,'Available','2025-03-31 01:25:41.425227',78,31),(1152,'Available','2025-03-31 01:25:41.425227',92,31),(1153,'Available','2025-03-31 01:25:41.425227',106,31),(1154,'Available','2025-03-31 01:25:41.425227',120,31),(1155,'Available','2025-03-31 01:25:41.445522',8,32),(1156,'Available','2025-03-31 01:25:41.445522',134,32),(1157,'Available','2025-03-31 01:25:41.445522',148,32),(1158,'Available','2025-03-31 01:25:41.445522',162,32),(1159,'Available','2025-03-31 01:25:41.445522',176,32),(1160,'Available','2025-03-31 01:25:41.445522',190,32),(1161,'Available','2025-03-31 01:25:41.445522',204,32),(1162,'Available','2025-03-31 01:25:41.445522',218,32),(1163,'Available','2025-03-31 01:25:41.445522',232,32),(1164,'Available','2025-03-31 01:25:41.445522',246,32),(1165,'Available','2025-03-31 01:25:41.445522',260,32),(1166,'Available','2025-03-31 01:25:41.445522',22,32),(1167,'Available','2025-03-31 01:25:41.445522',274,32),(1168,'Available','2025-03-31 01:25:41.445522',288,32),(1169,'Available','2025-03-31 01:25:41.445522',302,32),(1170,'Available','2025-03-31 01:25:41.445522',316,32),(1171,'Available','2025-03-31 01:25:41.445522',330,32),(1172,'Available','2025-03-31 01:25:41.445522',344,32),(1173,'Available','2025-03-31 01:25:41.445522',358,32),(1174,'Available','2025-03-31 01:25:41.445522',372,32),(1175,'Available','2025-03-31 01:25:41.445522',386,32),(1176,'Available','2025-03-31 01:25:41.445522',400,32),(1177,'Available','2025-03-31 01:25:41.445522',36,32),(1178,'Available','2025-03-31 01:25:41.445522',413,32),(1179,'Available','2025-03-31 01:25:41.445522',425,32),(1180,'Available','2025-03-31 01:25:41.445522',437,32),(1181,'Available','2025-03-31 01:25:41.445522',50,32),(1182,'Available','2025-03-31 01:25:41.445522',64,32),(1183,'Available','2025-03-31 01:25:41.445522',78,32),(1184,'Available','2025-03-31 01:25:41.445522',92,32),(1185,'Available','2025-03-31 01:25:41.445522',106,32),(1186,'Available','2025-03-31 01:25:41.445522',120,32),(1187,'Available','2025-03-31 01:25:41.467513',5,33),(1188,'Available','2025-03-31 01:25:41.467513',131,33),(1189,'Available','2025-03-31 01:25:41.471494',145,33),(1190,'Available','2025-03-31 01:25:41.471494',159,33),(1191,'Available','2025-03-31 01:25:41.471494',173,33),(1192,'Available','2025-03-31 01:25:41.471494',187,33),(1193,'Available','2025-03-31 01:25:41.471494',201,33),(1194,'Available','2025-03-31 01:25:41.471494',215,33),(1195,'Available','2025-03-31 01:25:41.471494',229,33),(1196,'Available','2025-03-31 01:25:41.471494',243,33),(1197,'Available','2025-03-31 01:25:41.471494',257,33),(1198,'Available','2025-03-31 01:25:41.471494',19,33),(1199,'Available','2025-03-31 01:25:41.471494',271,33),(1200,'Available','2025-03-31 01:25:41.471494',285,33),(1201,'Available','2025-03-31 01:25:41.471494',299,33),(1202,'Available','2025-03-31 01:25:41.471494',313,33),(1203,'Available','2025-03-31 01:25:41.471494',327,33),(1204,'Available','2025-03-31 01:25:41.471494',341,33),(1205,'Available','2025-03-31 01:25:41.471494',355,33),(1206,'Available','2025-03-31 01:25:41.471494',369,33),(1207,'Available','2025-03-31 01:25:41.471494',383,33),(1208,'Available','2025-03-31 01:25:41.471494',397,33),(1209,'Available','2025-03-31 01:25:41.471494',33,33),(1210,'Available','2025-03-31 01:25:41.471494',47,33),(1211,'Available','2025-03-31 01:25:41.471494',61,33),(1212,'Available','2025-03-31 01:25:41.471494',75,33),(1213,'Available','2025-03-31 01:25:41.471494',89,33),(1214,'Available','2025-03-31 01:25:41.471494',103,33),(1215,'Available','2025-03-31 01:25:41.471494',117,33),(1216,'Available','2025-03-31 01:25:41.489148',5,34),(1217,'Available','2025-03-31 01:25:41.489148',131,34),(1218,'Available','2025-03-31 01:25:41.489148',145,34),(1219,'Available','2025-03-31 01:25:41.489148',159,34),(1220,'Available','2025-03-31 01:25:41.489148',173,34),(1221,'Available','2025-03-31 01:25:41.489148',187,34),(1222,'Available','2025-03-31 01:25:41.489148',201,34),(1223,'Available','2025-03-31 01:25:41.489148',215,34),(1224,'Available','2025-03-31 01:25:41.489148',229,34),(1225,'Available','2025-03-31 01:25:41.489148',243,34),(1226,'Available','2025-03-31 01:25:41.489148',257,34),(1227,'Available','2025-03-31 01:25:41.489148',19,34),(1228,'Available','2025-03-31 01:25:41.489148',271,34),(1229,'Available','2025-03-31 01:25:41.489148',285,34),(1230,'Available','2025-03-31 01:25:41.489148',299,34),(1231,'Available','2025-03-31 01:25:41.489148',313,34),(1232,'Available','2025-03-31 01:25:41.489148',327,34),(1233,'Available','2025-03-31 01:25:41.489148',341,34),(1234,'Available','2025-03-31 01:25:41.489148',355,34),(1235,'Available','2025-03-31 01:25:41.489148',369,34),(1236,'Available','2025-03-31 01:25:41.489148',383,34),(1237,'Available','2025-03-31 01:25:41.489148',397,34),(1238,'Available','2025-03-31 01:25:41.489148',33,34),(1239,'Available','2025-03-31 01:25:41.489148',47,34),(1240,'Available','2025-03-31 01:25:41.489148',61,34),(1241,'Available','2025-03-31 01:25:41.489148',75,34),(1242,'Available','2025-03-31 01:25:41.489148',89,34),(1243,'Available','2025-03-31 01:25:41.489148',103,34),(1244,'Available','2025-03-31 01:25:41.489148',117,34),(1245,'Available','2025-03-31 01:25:41.501626',3,35),(1246,'Available','2025-03-31 01:25:41.501626',129,35),(1247,'Available','2025-03-31 01:25:41.501626',143,35),(1248,'Available','2025-03-31 01:25:41.501626',157,35),(1249,'Available','2025-03-31 01:25:41.501626',171,35),(1250,'Available','2025-03-31 01:25:41.501626',185,35),(1251,'Available','2025-03-31 01:25:41.501626',199,35),(1252,'Available','2025-03-31 01:25:41.501626',213,35),(1253,'Available','2025-03-31 01:25:41.501626',227,35),(1254,'Available','2025-03-31 01:25:41.501626',241,35),(1255,'Available','2025-03-31 01:25:41.501626',255,35),(1256,'Available','2025-03-31 01:25:41.501626',17,35),(1257,'Available','2025-03-31 01:25:41.501626',269,35),(1258,'Available','2025-03-31 01:25:41.501626',283,35),(1259,'Available','2025-03-31 01:25:41.501626',297,35),(1260,'Available','2025-03-31 01:25:41.501626',311,35),(1261,'Available','2025-03-31 01:25:41.501626',325,35),(1262,'Available','2025-03-31 01:25:41.501626',339,35),(1263,'Available','2025-03-31 01:25:41.501626',353,35),(1264,'Available','2025-03-31 01:25:41.501626',367,35),(1265,'Available','2025-03-31 01:25:41.501626',381,35),(1266,'Available','2025-03-31 01:25:41.501626',395,35),(1267,'Available','2025-03-31 01:25:41.501626',31,35),(1268,'Available','2025-03-31 01:25:41.501626',409,35),(1269,'Available','2025-03-31 01:25:41.501626',421,35),(1270,'Available','2025-03-31 01:25:41.501626',433,35),(1271,'Available','2025-03-31 01:25:41.501626',445,35),(1272,'Available','2025-03-31 01:25:41.501626',452,35),(1273,'Available','2025-03-31 01:25:41.501626',459,35),(1274,'Available','2025-03-31 01:25:41.501626',466,35),(1275,'Available','2025-03-31 01:25:41.501626',473,35),(1276,'Available','2025-03-31 01:25:41.501626',480,35),(1277,'Available','2025-03-31 01:25:41.501626',487,35),(1278,'Available','2025-03-31 01:25:41.501626',45,35),(1279,'Available','2025-03-31 01:25:41.501626',494,35),(1280,'Available','2025-03-31 01:25:41.501626',501,35),(1281,'Available','2025-03-31 01:25:41.501626',508,35),(1282,'Available','2025-03-31 01:25:41.501626',515,35),(1283,'Available','2025-03-31 01:25:41.501626',522,35),(1284,'Available','2025-03-31 01:25:41.501626',59,35),(1285,'Available','2025-03-31 01:25:41.501626',73,35),(1286,'Available','2025-03-31 01:25:41.501626',87,35),(1287,'Available','2025-03-31 01:25:41.501626',101,35),(1288,'Available','2025-03-31 01:25:41.501626',115,35),(1289,'Available','2025-03-31 01:25:41.521589',3,36),(1290,'Available','2025-03-31 01:25:41.521589',129,36),(1291,'Available','2025-03-31 01:25:41.521589',143,36),(1292,'Available','2025-03-31 01:25:41.521589',157,36),(1293,'Available','2025-03-31 01:25:41.521589',171,36),(1294,'Available','2025-03-31 01:25:41.521589',185,36),(1295,'Available','2025-03-31 01:25:41.521589',199,36),(1296,'Available','2025-03-31 01:25:41.521589',213,36),(1297,'Available','2025-03-31 01:25:41.521589',227,36),(1298,'Available','2025-03-31 01:25:41.521589',241,36),(1299,'Available','2025-03-31 01:25:41.521589',255,36),(1300,'Available','2025-03-31 01:25:41.521589',17,36),(1301,'Available','2025-03-31 01:25:41.523624',269,36),(1302,'Available','2025-03-31 01:25:41.523624',283,36),(1303,'Available','2025-03-31 01:25:41.523624',297,36),(1304,'Available','2025-03-31 01:25:41.523624',311,36),(1305,'Available','2025-03-31 01:25:41.523624',325,36),(1306,'Available','2025-03-31 01:25:41.523624',339,36),(1307,'Available','2025-03-31 01:25:41.523624',353,36),(1308,'Available','2025-03-31 01:25:41.523624',367,36),(1309,'Available','2025-03-31 01:25:41.523624',381,36),(1310,'Available','2025-03-31 01:25:41.523624',395,36),(1311,'Available','2025-03-31 01:25:41.523624',31,36),(1312,'Available','2025-03-31 01:25:41.523624',409,36),(1313,'Available','2025-03-31 01:25:41.523624',421,36),(1314,'Available','2025-03-31 01:25:41.523624',433,36),(1315,'Available','2025-03-31 01:25:41.523624',445,36),(1316,'Available','2025-03-31 01:25:41.523624',452,36),(1317,'Available','2025-03-31 01:25:41.523624',459,36),(1318,'Available','2025-03-31 01:25:41.523624',466,36),(1319,'Available','2025-03-31 01:25:41.523624',473,36),(1320,'Available','2025-03-31 01:25:41.523624',480,36),(1321,'Available','2025-03-31 01:25:41.523624',487,36),(1322,'Available','2025-03-31 01:25:41.523624',45,36),(1323,'Available','2025-03-31 01:25:41.523624',494,36),(1324,'Available','2025-03-31 01:25:41.523624',501,36),(1325,'Available','2025-03-31 01:25:41.523624',508,36),(1326,'Available','2025-03-31 01:25:41.523624',515,36),(1327,'Available','2025-03-31 01:25:41.523624',522,36),(1328,'Available','2025-03-31 01:25:41.523624',59,36),(1329,'Available','2025-03-31 01:25:41.523624',73,36),(1330,'Available','2025-03-31 01:25:41.523624',87,36),(1331,'Available','2025-03-31 01:25:41.523624',101,36),(1332,'Available','2025-03-31 01:25:41.523624',115,36),(1333,'Available','2025-04-01 07:31:54.795457',2,37),(1334,'Available','2025-04-01 07:31:54.795457',128,37),(1335,'Available','2025-04-01 07:31:54.795457',142,37),(1336,'Available','2025-04-01 07:31:54.795457',156,37),(1337,'Available','2025-04-01 07:31:54.795457',170,37),(1338,'Available','2025-04-01 07:31:54.795457',184,37),(1339,'Available','2025-04-01 07:31:54.795457',198,37),(1340,'Available','2025-04-01 07:31:54.795457',212,37),(1341,'Available','2025-04-01 07:31:54.795457',226,37),(1342,'Available','2025-04-01 07:31:54.795457',240,37),(1343,'Available','2025-04-01 07:31:54.795457',254,37),(1344,'Available','2025-04-01 07:31:54.795457',16,37),(1345,'Available','2025-04-01 07:31:54.795457',268,37),(1346,'Available','2025-04-01 07:31:54.795457',282,37),(1347,'Available','2025-04-01 07:31:54.795457',296,37),(1348,'Available','2025-04-01 07:31:54.795457',310,37),(1349,'Available','2025-04-01 07:31:54.795457',324,37),(1350,'Available','2025-04-01 07:31:54.795457',338,37),(1351,'Available','2025-04-01 07:31:54.795457',352,37),(1352,'Available','2025-04-01 07:31:54.795457',366,37),(1353,'Available','2025-04-01 07:31:54.795457',380,37),(1354,'Available','2025-04-01 07:31:54.795457',394,37),(1355,'Available','2025-04-01 07:31:54.795457',30,37),(1356,'Available','2025-04-01 07:31:54.795457',408,37),(1357,'Available','2025-04-01 07:31:54.795457',420,37),(1358,'Available','2025-04-01 07:31:54.795457',432,37),(1359,'Available','2025-04-01 07:31:54.795457',444,37),(1360,'Available','2025-04-01 07:31:54.795457',451,37),(1361,'Available','2025-04-01 07:31:54.795457',458,37),(1362,'Available','2025-04-01 07:31:54.795457',465,37),(1363,'Available','2025-04-01 07:31:54.795457',472,37),(1364,'Available','2025-04-01 07:31:54.795457',479,37),(1365,'Available','2025-04-01 07:31:54.795457',486,37),(1366,'Available','2025-04-01 07:31:54.795457',44,37),(1367,'Available','2025-04-01 07:31:54.795457',493,37),(1368,'Available','2025-04-01 07:31:54.795457',500,37),(1369,'Available','2025-04-01 07:31:54.795457',507,37),(1370,'Available','2025-04-01 07:31:54.795457',514,37),(1371,'Available','2025-04-01 07:31:54.795457',521,37),(1372,'Available','2025-04-01 07:31:54.795457',58,37),(1373,'Available','2025-04-01 07:31:54.795457',72,37),(1374,'Available','2025-04-01 07:31:54.795457',86,37),(1375,'Available','2025-04-01 07:31:54.795457',100,37),(1376,'Available','2025-04-01 07:31:54.795457',114,37),(1377,'Available','2025-04-01 07:31:54.832840',7,38),(1378,'Available','2025-04-01 07:31:54.832840',133,38),(1379,'Available','2025-04-01 07:31:54.832840',147,38),(1380,'Available','2025-04-01 07:31:54.832840',161,38),(1381,'Available','2025-04-01 07:31:54.832840',175,38),(1382,'Available','2025-04-01 07:31:54.832840',189,38),(1383,'Available','2025-04-01 07:31:54.832840',203,38),(1384,'Available','2025-04-01 07:31:54.832840',217,38),(1385,'Available','2025-04-01 07:31:54.832840',231,38),(1386,'Available','2025-04-01 07:31:54.832840',245,38),(1387,'Available','2025-04-01 07:31:54.832840',259,38),(1388,'Available','2025-04-01 07:31:54.832840',21,38),(1389,'Available','2025-04-01 07:31:54.832840',273,38),(1390,'Available','2025-04-01 07:31:54.832840',287,38),(1391,'Available','2025-04-01 07:31:54.832840',301,38),(1392,'Available','2025-04-01 07:31:54.832840',315,38),(1393,'Available','2025-04-01 07:31:54.832840',329,38),(1394,'Available','2025-04-01 07:31:54.832840',343,38),(1395,'Available','2025-04-01 07:31:54.832840',357,38),(1396,'Available','2025-04-01 07:31:54.832840',371,38),(1397,'Available','2025-04-01 07:31:54.832840',385,38),(1398,'Available','2025-04-01 07:31:54.832840',399,38),(1399,'Available','2025-04-01 07:31:54.832840',35,38),(1400,'Available','2025-04-01 07:31:54.832840',412,38),(1401,'Available','2025-04-01 07:31:54.832840',424,38),(1402,'Available','2025-04-01 07:31:54.832840',436,38),(1403,'Available','2025-04-01 07:31:54.832840',49,38),(1404,'Available','2025-04-01 07:31:54.832840',63,38),(1405,'Available','2025-04-01 07:31:54.832840',77,38),(1406,'Available','2025-04-01 07:31:54.832840',91,38),(1407,'Available','2025-04-01 07:31:54.832840',105,38),(1408,'Available','2025-04-01 07:31:54.832840',119,38),(1409,'Available','2025-04-01 07:31:54.868330',4,39),(1410,'Available','2025-04-01 07:31:54.868330',130,39),(1411,'Available','2025-04-01 07:31:54.868330',144,39),(1412,'Available','2025-04-01 07:31:54.868330',158,39),(1413,'Available','2025-04-01 07:31:54.868330',172,39),(1414,'Available','2025-04-01 07:31:54.868330',186,39),(1415,'Available','2025-04-01 07:31:54.868330',200,39),(1416,'Available','2025-04-01 07:31:54.868330',214,39),(1417,'Available','2025-04-01 07:31:54.868330',228,39),(1418,'Available','2025-04-01 07:31:54.868330',242,39),(1419,'Available','2025-04-01 07:31:54.868330',256,39),(1420,'Available','2025-04-01 07:31:54.868330',18,39),(1421,'Available','2025-04-01 07:31:54.868330',270,39),(1422,'Available','2025-04-01 07:31:54.868330',284,39),(1423,'Available','2025-04-01 07:31:54.868330',298,39),(1424,'Available','2025-04-01 07:31:54.868330',312,39),(1425,'Available','2025-04-01 07:31:54.868330',326,39),(1426,'Available','2025-04-01 07:31:54.868330',340,39),(1427,'Available','2025-04-01 07:31:54.868330',354,39),(1428,'Available','2025-04-01 07:31:54.868330',368,39),(1429,'Available','2025-04-01 07:31:54.868330',382,39),(1430,'Available','2025-04-01 07:31:54.868330',396,39),(1431,'Available','2025-04-01 07:31:54.868330',32,39),(1432,'Available','2025-04-01 07:31:54.868330',410,39),(1433,'Available','2025-04-01 07:31:54.868330',422,39),(1434,'Available','2025-04-01 07:31:54.868330',434,39),(1435,'Available','2025-04-01 07:31:54.868330',46,39),(1436,'Available','2025-04-01 07:31:54.868330',60,39),(1437,'Available','2025-04-01 07:31:54.868330',74,39),(1438,'Available','2025-04-01 07:31:54.868330',88,39),(1439,'Available','2025-04-01 07:31:54.868330',102,39),(1440,'Available','2025-04-01 07:31:54.868330',116,39),(1441,'Available','2025-04-01 07:31:54.886927',13,40),(1442,'Available','2025-04-01 07:31:54.886927',139,40),(1443,'Available','2025-04-01 07:31:54.886927',153,40),(1444,'Available','2025-04-01 07:31:54.886927',167,40),(1445,'Available','2025-04-01 07:31:54.886927',181,40),(1446,'Available','2025-04-01 07:31:54.886927',195,40),(1447,'Available','2025-04-01 07:31:54.886927',209,40),(1448,'Available','2025-04-01 07:31:54.886927',223,40),(1449,'Available','2025-04-01 07:31:54.886927',237,40),(1450,'Available','2025-04-01 07:31:54.886927',251,40),(1451,'Available','2025-04-01 07:31:54.886927',265,40),(1452,'Available','2025-04-01 07:31:54.886927',27,40),(1453,'Available','2025-04-01 07:31:54.886927',279,40),(1454,'Available','2025-04-01 07:31:54.886927',293,40),(1455,'Available','2025-04-01 07:31:54.886927',307,40),(1456,'Available','2025-04-01 07:31:54.886927',321,40),(1457,'Available','2025-04-01 07:31:54.886927',335,40),(1458,'Available','2025-04-01 07:31:54.886927',349,40),(1459,'Available','2025-04-01 07:31:54.886927',363,40),(1460,'Available','2025-04-01 07:31:54.886927',377,40),(1461,'Available','2025-04-01 07:31:54.886927',391,40),(1462,'Available','2025-04-01 07:31:54.886927',405,40),(1463,'Available','2025-04-01 07:31:54.886927',41,40),(1464,'Available','2025-04-01 07:31:54.886927',417,40),(1465,'Available','2025-04-01 07:31:54.886927',429,40),(1466,'Available','2025-04-01 07:31:54.886927',441,40),(1467,'Available','2025-04-01 07:31:54.886927',448,40),(1468,'Available','2025-04-01 07:31:54.890398',455,40),(1469,'Available','2025-04-01 07:31:54.890398',462,40),(1470,'Available','2025-04-01 07:31:54.890398',469,40),(1471,'Available','2025-04-01 07:31:54.890398',476,40),(1472,'Available','2025-04-01 07:31:54.890398',483,40),(1473,'Available','2025-04-01 07:31:54.890398',490,40),(1474,'Available','2025-04-01 07:31:54.890398',55,40),(1475,'Available','2025-04-01 07:31:54.890398',497,40),(1476,'Available','2025-04-01 07:31:54.890398',504,40),(1477,'Available','2025-04-01 07:31:54.890398',511,40),(1478,'Available','2025-04-01 07:31:54.890398',518,40),(1479,'Available','2025-04-01 07:31:54.890398',525,40),(1480,'Available','2025-04-01 07:31:54.890398',69,40),(1481,'Available','2025-04-01 07:31:54.890398',83,40),(1482,'Available','2025-04-01 07:31:54.890398',97,40),(1483,'Available','2025-04-01 07:31:54.890398',111,40),(1484,'Available','2025-04-01 07:31:54.890398',125,40),(1485,'Available','2025-04-01 07:31:54.906265',14,41),(1486,'Available','2025-04-01 07:31:54.906265',140,41),(1487,'Available','2025-04-01 07:31:54.906265',154,41),(1488,'Available','2025-04-01 07:31:54.906265',168,41),(1489,'Available','2025-04-01 07:31:54.906265',182,41),(1490,'Available','2025-04-01 07:31:54.906265',196,41),(1491,'Available','2025-04-01 07:31:54.906265',210,41),(1492,'Available','2025-04-01 07:31:54.906265',224,41),(1493,'Available','2025-04-01 07:31:54.906265',238,41),(1494,'Available','2025-04-01 07:31:54.906265',252,41),(1495,'Available','2025-04-01 07:31:54.906265',266,41),(1496,'Available','2025-04-01 07:31:54.906265',28,41),(1497,'Available','2025-04-01 07:31:54.906265',280,41),(1498,'Available','2025-04-01 07:31:54.906265',294,41),(1499,'Available','2025-04-01 07:31:54.906265',308,41),(1500,'Available','2025-04-01 07:31:54.906265',322,41),(1501,'Available','2025-04-01 07:31:54.906265',336,41),(1502,'Available','2025-04-01 07:31:54.906265',350,41),(1503,'Available','2025-04-01 07:31:54.906265',364,41),(1504,'Available','2025-04-01 07:31:54.906265',378,41),(1505,'Available','2025-04-01 07:31:54.906265',392,41),(1506,'Available','2025-04-01 07:31:54.906265',406,41),(1507,'Available','2025-04-01 07:31:54.909631',42,41),(1508,'Available','2025-04-01 07:31:54.909631',418,41),(1509,'Available','2025-04-01 07:31:54.909631',430,41),(1510,'Available','2025-04-01 07:31:54.909631',442,41),(1511,'Available','2025-04-01 07:31:54.909631',449,41),(1512,'Available','2025-04-01 07:31:54.909631',456,41),(1513,'Available','2025-04-01 07:31:54.909631',463,41),(1514,'Available','2025-04-01 07:31:54.909631',470,41),(1515,'Available','2025-04-01 07:31:54.909631',477,41),(1516,'Available','2025-04-01 07:31:54.909631',484,41),(1517,'Available','2025-04-01 07:31:54.909631',491,41),(1518,'Available','2025-04-01 07:31:54.909631',56,41),(1519,'Available','2025-04-01 07:31:54.909631',498,41),(1520,'Available','2025-04-01 07:31:54.909631',505,41),(1521,'Available','2025-04-01 07:31:54.909631',512,41),(1522,'Available','2025-04-01 07:31:54.909631',519,41),(1523,'Available','2025-04-01 07:31:54.909631',526,41),(1524,'Available','2025-04-01 07:31:54.909631',70,41),(1525,'Available','2025-04-01 07:31:54.909631',84,41),(1526,'Available','2025-04-01 07:31:54.909631',98,41),(1527,'Available','2025-04-01 07:31:54.909631',112,41),(1528,'Available','2025-04-01 07:31:54.909631',126,41),(1529,'Available','2025-04-01 07:31:54.922130',12,42),(1530,'Available','2025-04-01 07:31:54.922130',138,42),(1531,'Available','2025-04-01 07:31:54.922130',152,42),(1532,'Available','2025-04-01 07:31:54.922130',166,42),(1533,'Available','2025-04-01 07:31:54.922130',180,42),(1534,'Available','2025-04-01 07:31:54.922130',194,42),(1535,'Available','2025-04-01 07:31:54.922130',208,42),(1536,'Available','2025-04-01 07:31:54.922130',222,42),(1537,'Available','2025-04-01 07:31:54.922130',236,42),(1538,'Available','2025-04-01 07:31:54.922130',250,42),(1539,'Available','2025-04-01 07:31:54.922130',264,42),(1540,'Available','2025-04-01 07:31:54.922130',26,42),(1541,'Available','2025-04-01 07:31:54.922130',278,42),(1542,'Available','2025-04-01 07:31:54.922130',292,42),(1543,'Available','2025-04-01 07:31:54.922130',306,42),(1544,'Available','2025-04-01 07:31:54.922130',320,42),(1545,'Available','2025-04-01 07:31:54.922130',334,42),(1546,'Available','2025-04-01 07:31:54.922130',348,42),(1547,'Available','2025-04-01 07:31:54.922130',362,42),(1548,'Available','2025-04-01 07:31:54.922130',376,42),(1549,'Available','2025-04-01 07:31:54.922130',390,42),(1550,'Available','2025-04-01 07:31:54.922130',404,42),(1551,'Available','2025-04-01 07:31:54.922130',40,42),(1552,'Available','2025-04-01 07:31:54.922130',416,42),(1553,'Available','2025-04-01 07:31:54.922130',428,42),(1554,'Available','2025-04-01 07:31:54.922130',440,42),(1555,'Available','2025-04-01 07:31:54.922130',54,42),(1556,'Available','2025-04-01 07:31:54.922130',68,42),(1557,'Available','2025-04-01 07:31:54.922130',82,42),(1558,'Available','2025-04-01 07:31:54.922130',96,42),(1559,'Available','2025-04-01 07:31:54.922130',110,42),(1560,'Available','2025-04-01 07:31:54.922130',124,42),(1561,'Available','2025-04-01 07:31:54.939617',8,43),(1562,'Available','2025-04-01 07:31:54.939617',134,43),(1563,'Available','2025-04-01 07:31:54.939617',148,43),(1564,'Available','2025-04-01 07:31:54.939617',162,43),(1565,'Available','2025-04-01 07:31:54.939617',176,43),(1566,'Available','2025-04-01 07:31:54.939617',190,43),(1567,'Available','2025-04-01 07:31:54.939617',204,43),(1568,'Available','2025-04-01 07:31:54.939617',218,43),(1569,'Available','2025-04-01 07:31:54.939617',232,43),(1570,'Available','2025-04-01 07:31:54.939617',246,43),(1571,'Available','2025-04-01 07:31:54.939617',260,43),(1572,'Available','2025-04-01 07:31:54.939617',22,43),(1573,'Available','2025-04-01 07:31:54.939617',274,43),(1574,'Available','2025-04-01 07:31:54.939617',288,43),(1575,'Available','2025-04-01 07:31:54.939617',302,43),(1576,'Available','2025-04-01 07:31:54.939617',316,43),(1577,'Available','2025-04-01 07:31:54.939617',330,43),(1578,'Available','2025-04-01 07:31:54.939617',344,43),(1579,'Available','2025-04-01 07:31:54.939617',358,43),(1580,'Available','2025-04-01 07:31:54.939617',372,43),(1581,'Available','2025-04-01 07:31:54.939617',386,43),(1582,'Available','2025-04-01 07:31:54.939617',400,43),(1583,'Available','2025-04-01 07:31:54.939617',36,43),(1584,'Available','2025-04-01 07:31:54.939617',413,43),(1585,'Available','2025-04-01 07:31:54.939617',425,43),(1586,'Available','2025-04-01 07:31:54.939617',437,43),(1587,'Available','2025-04-01 07:31:54.939617',50,43),(1588,'Available','2025-04-01 07:31:54.939617',64,43),(1589,'Available','2025-04-01 07:31:54.939617',78,43),(1590,'Available','2025-04-01 07:31:54.939617',92,43),(1591,'Available','2025-04-01 07:31:54.939617',106,43),(1592,'Available','2025-04-01 07:31:54.939617',120,43),(1593,'Available','2025-04-01 07:31:54.955898',5,44),(1594,'Available','2025-04-01 07:31:54.955898',131,44),(1595,'Available','2025-04-01 07:31:54.955898',145,44),(1596,'Available','2025-04-01 07:31:54.955898',159,44),(1597,'Available','2025-04-01 07:31:54.955898',173,44),(1598,'Available','2025-04-01 07:31:54.955898',187,44),(1599,'Available','2025-04-01 07:31:54.955898',201,44),(1600,'Available','2025-04-01 07:31:54.955898',215,44),(1601,'Available','2025-04-01 07:31:54.955898',229,44),(1602,'Available','2025-04-01 07:31:54.956678',243,44),(1603,'Available','2025-04-01 07:31:54.956678',257,44),(1604,'Available','2025-04-01 07:31:54.956678',19,44),(1605,'Available','2025-04-01 07:31:54.956678',271,44),(1606,'Available','2025-04-01 07:31:54.956678',285,44),(1607,'Available','2025-04-01 07:31:54.956678',299,44),(1608,'Available','2025-04-01 07:31:54.956678',313,44),(1609,'Available','2025-04-01 07:31:54.956678',327,44),(1610,'Available','2025-04-01 07:31:54.956678',341,44),(1611,'Available','2025-04-01 07:31:54.956678',355,44),(1612,'Available','2025-04-01 07:31:54.956678',369,44),(1613,'Available','2025-04-01 07:31:54.956678',383,44),(1614,'Available','2025-04-01 07:31:54.956678',397,44),(1615,'Available','2025-04-01 07:31:54.956678',33,44),(1616,'Available','2025-04-01 07:31:54.956678',47,44),(1617,'Available','2025-04-01 07:31:54.956678',61,44),(1618,'Available','2025-04-01 07:31:54.956678',75,44),(1619,'Available','2025-04-01 07:31:54.956678',89,44),(1620,'Available','2025-04-01 07:31:54.956678',103,44),(1621,'Available','2025-04-01 07:31:54.956678',117,44),(1622,'Available','2025-04-01 07:31:54.972141',3,45),(1623,'Available','2025-04-01 07:31:54.972141',129,45),(1624,'Available','2025-04-01 07:31:54.972141',143,45),(1625,'Available','2025-04-01 07:31:54.972141',157,45),(1626,'Available','2025-04-01 07:31:54.972141',171,45),(1627,'Available','2025-04-01 07:31:54.972141',185,45),(1628,'Available','2025-04-01 07:31:54.972141',199,45),(1629,'Available','2025-04-01 07:31:54.972141',213,45),(1630,'Available','2025-04-01 07:31:54.972141',227,45),(1631,'Available','2025-04-01 07:31:54.972141',241,45),(1632,'Available','2025-04-01 07:31:54.972141',255,45),(1633,'Available','2025-04-01 07:31:54.972141',17,45),(1634,'Available','2025-04-01 07:31:54.972141',269,45),(1635,'Available','2025-04-01 07:31:54.972141',283,45),(1636,'Available','2025-04-01 07:31:54.972141',297,45),(1637,'Available','2025-04-01 07:31:54.972141',311,45),(1638,'Available','2025-04-01 07:31:54.972141',325,45),(1639,'Available','2025-04-01 07:31:54.972141',339,45),(1640,'Available','2025-04-01 07:31:54.972141',353,45),(1641,'Available','2025-04-01 07:31:54.972141',367,45),(1642,'Available','2025-04-01 07:31:54.972141',381,45),(1643,'Available','2025-04-01 07:31:54.972141',395,45),(1644,'Available','2025-04-01 07:31:54.972141',31,45),(1645,'Available','2025-04-01 07:31:54.972141',409,45),(1646,'Available','2025-04-01 07:31:54.972141',421,45),(1647,'Available','2025-04-01 07:31:54.972141',433,45),(1648,'Available','2025-04-01 07:31:54.972141',445,45),(1649,'Available','2025-04-01 07:31:54.972141',452,45),(1650,'Available','2025-04-01 07:31:54.972141',459,45),(1651,'Available','2025-04-01 07:31:54.972141',466,45),(1652,'Available','2025-04-01 07:31:54.972141',473,45),(1653,'Available','2025-04-01 07:31:54.972141',480,45),(1654,'Available','2025-04-01 07:31:54.972141',487,45),(1655,'Available','2025-04-01 07:31:54.972141',45,45),(1656,'Available','2025-04-01 07:31:54.972141',494,45),(1657,'Available','2025-04-01 07:31:54.972141',501,45),(1658,'Available','2025-04-01 07:31:54.972141',508,45),(1659,'Available','2025-04-01 07:31:54.972141',515,45),(1660,'Available','2025-04-01 07:31:54.972141',522,45),(1661,'Available','2025-04-01 07:31:54.972141',59,45),(1662,'Available','2025-04-01 07:31:54.972141',73,45),(1663,'Available','2025-04-01 07:31:54.972141',87,45),(1664,'Available','2025-04-01 07:31:54.972141',101,45),(1665,'Available','2025-04-01 07:31:54.972141',115,45),(1666,'Available','2025-04-02 14:38:53.124884',2,46),(1667,'Available','2025-04-02 14:38:53.124884',128,46),(1668,'Available','2025-04-02 14:38:53.124884',142,46),(1669,'Available','2025-04-02 14:38:53.124884',156,46),(1670,'Available','2025-04-02 14:38:53.124884',170,46),(1671,'Available','2025-04-02 14:38:53.124884',184,46),(1672,'Available','2025-04-02 14:38:53.124884',198,46),(1673,'Available','2025-04-02 14:38:53.124884',212,46),(1674,'Available','2025-04-02 14:38:53.124884',226,46),(1675,'Available','2025-04-02 14:38:53.124884',240,46),(1676,'Available','2025-04-02 14:38:53.124884',254,46),(1677,'Available','2025-04-02 14:38:53.124884',16,46),(1678,'Available','2025-04-02 14:38:53.124884',268,46),(1679,'Available','2025-04-02 14:38:53.124884',282,46),(1680,'Available','2025-04-02 14:38:53.124884',296,46),(1681,'Available','2025-04-02 14:38:53.124884',310,46),(1682,'Available','2025-04-02 14:38:53.124884',324,46),(1683,'Available','2025-04-02 14:38:53.124884',338,46),(1684,'Available','2025-04-02 14:38:53.124884',352,46),(1685,'Available','2025-04-02 14:38:53.124884',366,46),(1686,'Available','2025-04-02 14:38:53.124884',380,46),(1687,'Available','2025-04-02 14:38:53.124884',394,46),(1688,'Available','2025-04-02 14:38:53.124884',30,46),(1689,'Available','2025-04-02 14:38:53.124884',408,46),(1690,'Available','2025-04-02 14:38:53.124884',420,46),(1691,'Available','2025-04-02 14:38:53.124884',432,46),(1692,'Available','2025-04-02 14:38:53.124884',444,46),(1693,'Available','2025-04-02 14:38:53.124884',451,46),(1694,'Available','2025-04-02 14:38:53.124884',458,46),(1695,'Available','2025-04-02 14:38:53.124884',465,46),(1696,'Available','2025-04-02 14:38:53.124884',472,46),(1697,'Available','2025-04-02 14:38:53.124884',479,46),(1698,'Available','2025-04-02 14:38:53.124884',486,46),(1699,'Available','2025-04-02 14:38:53.124884',44,46),(1700,'Available','2025-04-02 14:38:53.124884',493,46),(1701,'Available','2025-04-02 14:38:53.124884',500,46),(1702,'Available','2025-04-02 14:38:53.124884',507,46),(1703,'Available','2025-04-02 14:38:53.124884',514,46),(1704,'Available','2025-04-02 14:38:53.124884',521,46),(1705,'Available','2025-04-02 14:38:53.124884',58,46),(1706,'Available','2025-04-02 14:38:53.124884',72,46),(1707,'Available','2025-04-02 14:38:53.124884',86,46),(1708,'Available','2025-04-02 14:38:53.124884',100,46),(1709,'Available','2025-04-02 14:38:53.124884',114,46),(1710,'Available','2025-04-02 14:38:53.133102',2,47),(1711,'Available','2025-04-02 14:38:53.133102',128,47),(1712,'Available','2025-04-02 14:38:53.133102',142,47),(1713,'Available','2025-04-02 14:38:53.133102',156,47),(1714,'Available','2025-04-02 14:38:53.133102',170,47),(1715,'Available','2025-04-02 14:38:53.133102',184,47),(1716,'Available','2025-04-02 14:38:53.133102',198,47),(1717,'Available','2025-04-02 14:38:53.133102',212,47),(1718,'Available','2025-04-02 14:38:53.133102',226,47),(1719,'Available','2025-04-02 14:38:53.133102',240,47),(1720,'Available','2025-04-02 14:38:53.133102',254,47),(1721,'Available','2025-04-02 14:38:53.133102',16,47),(1722,'Available','2025-04-02 14:38:53.133102',268,47),(1723,'Available','2025-04-02 14:38:53.133102',282,47),(1724,'Available','2025-04-02 14:38:53.133102',296,47),(1725,'Available','2025-04-02 14:38:53.133102',310,47),(1726,'Available','2025-04-02 14:38:53.133102',324,47),(1727,'Available','2025-04-02 14:38:53.133102',338,47),(1728,'Available','2025-04-02 14:38:53.133102',352,47),(1729,'Available','2025-04-02 14:38:53.133102',366,47),(1730,'Available','2025-04-02 14:38:53.133102',380,47),(1731,'Available','2025-04-02 14:38:53.133102',394,47),(1732,'Available','2025-04-02 14:38:53.133102',30,47),(1733,'Available','2025-04-02 14:38:53.133102',408,47),(1734,'Available','2025-04-02 14:38:53.133102',420,47),(1735,'Available','2025-04-02 14:38:53.133102',432,47),(1736,'Available','2025-04-02 14:38:53.133102',444,47),(1737,'Available','2025-04-02 14:38:53.133102',451,47),(1738,'Available','2025-04-02 14:38:53.133102',458,47),(1739,'Available','2025-04-02 14:38:53.133102',465,47),(1740,'Available','2025-04-02 14:38:53.133102',472,47),(1741,'Available','2025-04-02 14:38:53.133102',479,47),(1742,'Available','2025-04-02 14:38:53.133102',486,47),(1743,'Available','2025-04-02 14:38:53.133102',44,47),(1744,'Available','2025-04-02 14:38:53.133102',493,47),(1745,'Available','2025-04-02 14:38:53.133102',500,47),(1746,'Available','2025-04-02 14:38:53.133102',507,47),(1747,'Available','2025-04-02 14:38:53.133102',514,47),(1748,'Available','2025-04-02 14:38:53.133102',521,47),(1749,'Available','2025-04-02 14:38:53.133102',58,47),(1750,'Available','2025-04-02 14:38:53.133102',72,47),(1751,'Available','2025-04-02 14:38:53.133102',86,47),(1752,'Available','2025-04-02 14:38:53.133102',100,47),(1753,'Available','2025-04-02 14:38:53.133102',114,47),(1754,'Available','2025-04-02 14:38:53.139073',2,48),(1755,'Available','2025-04-02 14:38:53.139073',128,48),(1756,'Available','2025-04-02 14:38:53.139073',142,48),(1757,'Available','2025-04-02 14:38:53.139073',156,48),(1758,'Available','2025-04-02 14:38:53.139073',170,48),(1759,'Available','2025-04-02 14:38:53.139073',184,48),(1760,'Available','2025-04-02 14:38:53.139073',198,48),(1761,'Available','2025-04-02 14:38:53.139073',212,48),(1762,'Available','2025-04-02 14:38:53.139073',226,48),(1763,'Available','2025-04-02 14:38:53.139073',240,48),(1764,'Available','2025-04-02 14:38:53.139073',254,48),(1765,'Available','2025-04-02 14:38:53.139073',16,48),(1766,'Available','2025-04-02 14:38:53.139073',268,48),(1767,'Available','2025-04-02 14:38:53.139073',282,48),(1768,'Available','2025-04-02 14:38:53.139073',296,48),(1769,'Available','2025-04-02 14:38:53.139073',310,48),(1770,'Available','2025-04-02 14:38:53.139073',324,48),(1771,'Available','2025-04-02 14:38:53.139073',338,48),(1772,'Available','2025-04-02 14:38:53.139073',352,48),(1773,'Available','2025-04-02 14:38:53.139073',366,48),(1774,'Available','2025-04-02 14:38:53.139073',380,48),(1775,'Available','2025-04-02 14:38:53.139073',394,48),(1776,'Available','2025-04-02 14:38:53.139073',30,48),(1777,'Available','2025-04-02 14:38:53.139073',408,48),(1778,'Available','2025-04-02 14:38:53.139073',420,48),(1779,'Available','2025-04-02 14:38:53.139073',432,48),(1780,'Available','2025-04-02 14:38:53.139073',444,48),(1781,'Available','2025-04-02 14:38:53.139073',451,48),(1782,'Available','2025-04-02 14:38:53.139073',458,48),(1783,'Available','2025-04-02 14:38:53.139073',465,48),(1784,'Available','2025-04-02 14:38:53.139073',472,48),(1785,'Available','2025-04-02 14:38:53.139073',479,48),(1786,'Available','2025-04-02 14:38:53.139073',486,48),(1787,'Available','2025-04-02 14:38:53.139073',44,48),(1788,'Available','2025-04-02 14:38:53.139073',493,48),(1789,'Available','2025-04-02 14:38:53.139073',500,48),(1790,'Available','2025-04-02 14:38:53.139073',507,48),(1791,'Available','2025-04-02 14:38:53.139073',514,48),(1792,'Available','2025-04-02 14:38:53.139073',521,48),(1793,'Available','2025-04-02 14:38:53.139073',58,48),(1794,'Available','2025-04-02 14:38:53.139073',72,48),(1795,'Available','2025-04-02 14:38:53.139073',86,48),(1796,'Available','2025-04-02 14:38:53.139073',100,48),(1797,'Available','2025-04-02 14:38:53.139073',114,48),(1798,'Available','2025-04-02 14:38:53.148019',2,49),(1799,'Available','2025-04-02 14:38:53.148019',128,49),(1800,'Available','2025-04-02 14:38:53.148019',142,49),(1801,'Available','2025-04-02 14:38:53.148019',156,49),(1802,'Available','2025-04-02 14:38:53.148019',170,49),(1803,'Available','2025-04-02 14:38:53.148019',184,49),(1804,'Available','2025-04-02 14:38:53.148019',198,49),(1805,'Available','2025-04-02 14:38:53.148019',212,49),(1806,'Available','2025-04-02 14:38:53.148019',226,49),(1807,'Available','2025-04-02 14:38:53.148019',240,49),(1808,'Available','2025-04-02 14:38:53.148019',254,49),(1809,'Available','2025-04-02 14:38:53.148019',16,49),(1810,'Available','2025-04-02 14:38:53.148019',268,49),(1811,'Available','2025-04-02 14:38:53.148019',282,49),(1812,'Available','2025-04-02 14:38:53.148019',296,49),(1813,'Available','2025-04-02 14:38:53.148019',310,49),(1814,'Available','2025-04-02 14:38:53.148019',324,49),(1815,'Available','2025-04-02 14:38:53.148019',338,49),(1816,'Available','2025-04-02 14:38:53.148019',352,49),(1817,'Available','2025-04-02 14:38:53.148019',366,49),(1818,'Available','2025-04-02 14:38:53.148019',380,49),(1819,'Available','2025-04-02 14:38:53.148019',394,49),(1820,'Available','2025-04-02 14:38:53.148019',30,49),(1821,'Available','2025-04-02 14:38:53.148019',408,49),(1822,'Available','2025-04-02 14:38:53.148019',420,49),(1823,'Available','2025-04-02 14:38:53.148019',432,49),(1824,'Available','2025-04-02 14:38:53.148019',444,49),(1825,'Available','2025-04-02 14:38:53.148019',451,49),(1826,'Available','2025-04-02 14:38:53.148019',458,49),(1827,'Available','2025-04-02 14:38:53.148019',465,49),(1828,'Available','2025-04-02 14:38:53.148019',472,49),(1829,'Available','2025-04-02 14:38:53.148019',479,49),(1830,'Available','2025-04-02 14:38:53.148019',486,49),(1831,'Available','2025-04-02 14:38:53.148019',44,49),(1832,'Available','2025-04-02 14:38:53.148019',493,49),(1833,'Available','2025-04-02 14:38:53.148019',500,49),(1834,'Available','2025-04-02 14:38:53.148019',507,49),(1835,'Available','2025-04-02 14:38:53.148019',514,49),(1836,'Available','2025-04-02 14:38:53.148019',521,49),(1837,'Available','2025-04-02 14:38:53.148019',58,49),(1838,'Available','2025-04-02 14:38:53.148019',72,49),(1839,'Available','2025-04-02 14:38:53.148019',86,49),(1840,'Available','2025-04-02 14:38:53.148019',100,49),(1841,'Available','2025-04-02 14:38:53.148019',114,49),(1842,'Available','2025-04-02 14:38:53.157463',2,50),(1843,'Available','2025-04-02 14:38:53.157463',128,50),(1844,'Available','2025-04-02 14:38:53.157463',142,50),(1845,'Available','2025-04-02 14:38:53.157463',156,50),(1846,'Available','2025-04-02 14:38:53.157463',170,50),(1847,'Available','2025-04-02 14:38:53.157463',184,50),(1848,'Available','2025-04-02 14:38:53.157463',198,50),(1849,'Available','2025-04-02 14:38:53.157463',212,50),(1850,'Available','2025-04-02 14:38:53.157463',226,50),(1851,'Available','2025-04-02 14:38:53.157463',240,50),(1852,'Available','2025-04-02 14:38:53.157463',254,50),(1853,'Available','2025-04-02 14:38:53.157463',16,50),(1854,'Available','2025-04-02 14:38:53.157463',268,50),(1855,'Available','2025-04-02 14:38:53.157463',282,50),(1856,'Available','2025-04-02 14:38:53.157463',296,50),(1857,'Available','2025-04-02 14:38:53.157463',310,50),(1858,'Available','2025-04-02 14:38:53.157463',324,50),(1859,'Available','2025-04-02 14:38:53.157463',338,50),(1860,'Available','2025-04-02 14:38:53.157463',352,50),(1861,'Available','2025-04-02 14:38:53.157463',366,50),(1862,'Available','2025-04-02 14:38:53.157463',380,50),(1863,'Available','2025-04-02 14:38:53.157463',394,50),(1864,'Available','2025-04-02 14:38:53.157463',30,50),(1865,'Available','2025-04-02 14:38:53.157463',408,50),(1866,'Available','2025-04-02 14:38:53.157463',420,50),(1867,'Available','2025-04-02 14:38:53.157463',432,50),(1868,'Available','2025-04-02 14:38:53.157463',444,50),(1869,'Available','2025-04-02 14:38:53.157463',451,50),(1870,'Available','2025-04-02 14:38:53.157463',458,50),(1871,'Available','2025-04-02 14:38:53.157463',465,50),(1872,'Available','2025-04-02 14:38:53.157463',472,50),(1873,'Available','2025-04-02 14:38:53.157463',479,50),(1874,'Available','2025-04-02 14:38:53.157463',486,50),(1875,'Available','2025-04-02 14:38:53.157463',44,50),(1876,'Available','2025-04-02 14:38:53.157463',493,50),(1877,'Available','2025-04-02 14:38:53.157463',500,50),(1878,'Available','2025-04-02 14:38:53.157463',507,50),(1879,'Available','2025-04-02 14:38:53.157463',514,50),(1880,'Available','2025-04-02 14:38:53.157463',521,50),(1881,'Available','2025-04-02 14:38:53.157463',58,50),(1882,'Available','2025-04-02 14:38:53.157463',72,50),(1883,'Available','2025-04-02 14:38:53.157463',86,50),(1884,'Available','2025-04-02 14:38:53.157463',100,50),(1885,'Available','2025-04-02 14:38:53.157463',114,50),(1886,'Available','2025-04-02 14:38:53.166974',2,51),(1887,'Available','2025-04-02 14:38:53.166974',128,51),(1888,'Available','2025-04-02 14:38:53.167974',142,51),(1889,'Available','2025-04-02 14:38:53.167974',156,51),(1890,'Available','2025-04-02 14:38:53.167974',170,51),(1891,'Available','2025-04-02 14:38:53.167974',184,51),(1892,'Available','2025-04-02 14:38:53.167974',198,51),(1893,'Available','2025-04-02 14:38:53.167974',212,51),(1894,'Available','2025-04-02 14:38:53.167974',226,51),(1895,'Available','2025-04-02 14:38:53.167974',240,51),(1896,'Available','2025-04-02 14:38:53.167974',254,51),(1897,'Available','2025-04-02 14:38:53.167974',16,51),(1898,'Available','2025-04-02 14:38:53.167974',268,51),(1899,'Available','2025-04-02 14:38:53.167974',282,51),(1900,'Available','2025-04-02 14:38:53.167974',296,51),(1901,'Available','2025-04-02 14:38:53.167974',310,51),(1902,'Available','2025-04-02 14:38:53.167974',324,51),(1903,'Available','2025-04-02 14:38:53.167974',338,51),(1904,'Available','2025-04-02 14:38:53.167974',352,51),(1905,'Available','2025-04-02 14:38:53.167974',366,51),(1906,'Available','2025-04-02 14:38:53.167974',380,51),(1907,'Available','2025-04-02 14:38:53.167974',394,51),(1908,'Available','2025-04-02 14:38:53.167974',30,51),(1909,'Available','2025-04-02 14:38:53.167974',408,51),(1910,'Available','2025-04-02 14:38:53.167974',420,51),(1911,'Available','2025-04-02 14:38:53.167974',432,51),(1912,'Available','2025-04-02 14:38:53.167974',444,51),(1913,'Available','2025-04-02 14:38:53.167974',451,51),(1914,'Available','2025-04-02 14:38:53.167974',458,51),(1915,'Available','2025-04-02 14:38:53.167974',465,51),(1916,'Available','2025-04-02 14:38:53.167974',472,51),(1917,'Available','2025-04-02 14:38:53.167974',479,51),(1918,'Available','2025-04-02 14:38:53.167974',486,51),(1919,'Available','2025-04-02 14:38:53.167974',44,51),(1920,'Available','2025-04-02 14:38:53.167974',493,51),(1921,'Available','2025-04-02 14:38:53.167974',500,51),(1922,'Available','2025-04-02 14:38:53.167974',507,51),(1923,'Available','2025-04-02 14:38:53.167974',514,51),(1924,'Available','2025-04-02 14:38:53.167974',521,51),(1925,'Available','2025-04-02 14:38:53.167974',58,51),(1926,'Available','2025-04-02 14:38:53.167974',72,51),(1927,'Available','2025-04-02 14:38:53.167974',86,51),(1928,'Available','2025-04-02 14:38:53.167974',100,51),(1929,'Available','2025-04-02 14:38:53.167974',114,51),(1930,'Available','2025-04-02 14:38:53.174484',2,52),(1931,'Available','2025-04-02 14:38:53.174484',128,52),(1932,'Available','2025-04-02 14:38:53.174484',142,52),(1933,'Available','2025-04-02 14:38:53.174484',156,52),(1934,'Available','2025-04-02 14:38:53.174484',170,52),(1935,'Available','2025-04-02 14:38:53.174484',184,52),(1936,'Available','2025-04-02 14:38:53.175484',198,52),(1937,'Available','2025-04-02 14:38:53.175484',212,52),(1938,'Available','2025-04-02 14:38:53.175484',226,52),(1939,'Available','2025-04-02 14:38:53.175484',240,52),(1940,'Available','2025-04-02 14:38:53.175484',254,52),(1941,'Available','2025-04-02 14:38:53.175484',16,52),(1942,'Available','2025-04-02 14:38:53.175484',268,52),(1943,'Available','2025-04-02 14:38:53.175484',282,52),(1944,'Available','2025-04-02 14:38:53.175484',296,52),(1945,'Available','2025-04-02 14:38:53.175484',310,52),(1946,'Available','2025-04-02 14:38:53.175484',324,52),(1947,'Available','2025-04-02 14:38:53.175484',338,52),(1948,'Available','2025-04-02 14:38:53.175484',352,52),(1949,'Available','2025-04-02 14:38:53.175484',366,52),(1950,'Available','2025-04-02 14:38:53.175484',380,52),(1951,'Available','2025-04-02 14:38:53.175484',394,52),(1952,'Available','2025-04-02 14:38:53.175484',30,52),(1953,'Available','2025-04-02 14:38:53.175484',408,52),(1954,'Available','2025-04-02 14:38:53.175484',420,52),(1955,'Available','2025-04-02 14:38:53.175484',432,52),(1956,'Available','2025-04-02 14:38:53.175484',444,52),(1957,'Available','2025-04-02 14:38:53.175484',451,52),(1958,'Available','2025-04-02 14:38:53.175484',458,52),(1959,'Available','2025-04-02 14:38:53.175484',465,52),(1960,'Available','2025-04-02 14:38:53.175484',472,52),(1961,'Available','2025-04-02 14:38:53.175484',479,52),(1962,'Available','2025-04-02 14:38:53.175484',486,52),(1963,'Available','2025-04-02 14:38:53.175484',44,52),(1964,'Available','2025-04-02 14:38:53.175484',493,52),(1965,'Available','2025-04-02 14:38:53.175484',500,52),(1966,'Available','2025-04-02 14:38:53.175484',507,52),(1967,'Available','2025-04-02 14:38:53.175484',514,52),(1968,'Available','2025-04-02 14:38:53.175484',521,52),(1969,'Available','2025-04-02 14:38:53.175484',58,52),(1970,'Available','2025-04-02 14:38:53.175484',72,52),(1971,'Available','2025-04-02 14:38:53.175484',86,52),(1972,'Available','2025-04-02 14:38:53.175484',100,52),(1973,'Available','2025-04-02 14:38:53.175484',114,52),(1974,'Available','2025-04-02 14:38:53.186996',7,53),(1975,'Available','2025-04-02 14:38:53.186996',133,53),(1976,'Available','2025-04-02 14:38:53.186996',147,53),(1977,'Available','2025-04-02 14:38:53.186996',161,53),(1978,'Available','2025-04-02 14:38:53.186996',175,53),(1979,'Available','2025-04-02 14:38:53.186996',189,53),(1980,'Available','2025-04-02 14:38:53.186996',203,53),(1981,'Available','2025-04-02 14:38:53.186996',217,53),(1982,'Available','2025-04-02 14:38:53.186996',231,53),(1983,'Available','2025-04-02 14:38:53.186996',245,53),(1984,'Available','2025-04-02 14:38:53.186996',259,53),(1985,'Available','2025-04-02 14:38:53.186996',21,53),(1986,'Available','2025-04-02 14:38:53.186996',273,53),(1987,'Available','2025-04-02 14:38:53.186996',287,53),(1988,'Available','2025-04-02 14:38:53.186996',301,53),(1989,'Available','2025-04-02 14:38:53.186996',315,53),(1990,'Available','2025-04-02 14:38:53.186996',329,53),(1991,'Available','2025-04-02 14:38:53.186996',343,53),(1992,'Available','2025-04-02 14:38:53.186996',357,53),(1993,'Available','2025-04-02 14:38:53.186996',371,53),(1994,'Available','2025-04-02 14:38:53.186996',385,53),(1995,'Available','2025-04-02 14:38:53.186996',399,53),(1996,'Available','2025-04-02 14:38:53.186996',35,53),(1997,'Available','2025-04-02 14:38:53.186996',412,53),(1998,'Available','2025-04-02 14:38:53.186996',424,53),(1999,'Available','2025-04-02 14:38:53.186996',436,53),(2000,'Available','2025-04-02 14:38:53.186996',49,53),(2001,'Available','2025-04-02 14:38:53.186996',63,53),(2002,'Available','2025-04-02 14:38:53.186996',77,53),(2003,'Available','2025-04-02 14:38:53.186996',91,53),(2004,'Available','2025-04-02 14:38:53.186996',105,53),(2005,'Available','2025-04-02 14:38:53.186996',119,53),(2006,'Available','2025-04-02 14:38:53.203956',7,54),(2007,'Available','2025-04-02 14:38:53.203956',133,54),(2008,'Available','2025-04-02 14:38:53.203956',147,54),(2009,'Available','2025-04-02 14:38:53.203956',161,54),(2010,'Available','2025-04-02 14:38:53.203956',175,54),(2011,'Available','2025-04-02 14:38:53.203956',189,54),(2012,'Available','2025-04-02 14:38:53.203956',203,54),(2013,'Available','2025-04-02 14:38:53.203956',217,54),(2014,'Available','2025-04-02 14:38:53.203956',231,54),(2015,'Available','2025-04-02 14:38:53.203956',245,54),(2016,'Available','2025-04-02 14:38:53.203956',259,54),(2017,'Available','2025-04-02 14:38:53.203956',21,54),(2018,'Available','2025-04-02 14:38:53.203956',273,54),(2019,'Available','2025-04-02 14:38:53.203956',287,54),(2020,'Available','2025-04-02 14:38:53.203956',301,54),(2021,'Available','2025-04-02 14:38:53.203956',315,54),(2022,'Available','2025-04-02 14:38:53.203956',329,54),(2023,'Available','2025-04-02 14:38:53.203956',343,54),(2024,'Available','2025-04-02 14:38:53.203956',357,54),(2025,'Available','2025-04-02 14:38:53.203956',371,54),(2026,'Available','2025-04-02 14:38:53.203956',385,54),(2027,'Available','2025-04-02 14:38:53.203956',399,54),(2028,'Available','2025-04-02 14:38:53.203956',35,54),(2029,'Available','2025-04-02 14:38:53.203956',412,54),(2030,'Available','2025-04-02 14:38:53.203956',424,54),(2031,'Available','2025-04-02 14:38:53.203956',436,54),(2032,'Available','2025-04-02 14:38:53.203956',49,54),(2033,'Available','2025-04-02 14:38:53.203956',63,54),(2034,'Available','2025-04-02 14:38:53.203956',77,54),(2035,'Available','2025-04-02 14:38:53.203956',91,54),(2036,'Available','2025-04-02 14:38:53.203956',105,54),(2037,'Available','2025-04-02 14:38:53.203956',119,54),(2038,'Available','2025-04-02 14:38:53.208958',7,55),(2039,'Available','2025-04-02 14:38:53.208958',133,55),(2040,'Available','2025-04-02 14:38:53.208958',147,55),(2041,'Available','2025-04-02 14:38:53.208958',161,55),(2042,'Available','2025-04-02 14:38:53.208958',175,55),(2043,'Available','2025-04-02 14:38:53.208958',189,55),(2044,'Available','2025-04-02 14:38:53.208958',203,55),(2045,'Available','2025-04-02 14:38:53.208958',217,55),(2046,'Available','2025-04-02 14:38:53.208958',231,55),(2047,'Available','2025-04-02 14:38:53.208958',245,55),(2048,'Available','2025-04-02 14:38:53.208958',259,55),(2049,'Available','2025-04-02 14:38:53.208958',21,55),(2050,'Available','2025-04-02 14:38:53.208958',273,55),(2051,'Available','2025-04-02 14:38:53.208958',287,55),(2052,'Available','2025-04-02 14:38:53.208958',301,55),(2053,'Available','2025-04-02 14:38:53.208958',315,55),(2054,'Available','2025-04-02 14:38:53.208958',329,55),(2055,'Available','2025-04-02 14:38:53.208958',343,55),(2056,'Available','2025-04-02 14:38:53.208958',357,55),(2057,'Available','2025-04-02 14:38:53.208958',371,55),(2058,'Available','2025-04-02 14:38:53.208958',385,55),(2059,'Available','2025-04-02 14:38:53.208958',399,55),(2060,'Available','2025-04-02 14:38:53.208958',35,55),(2061,'Available','2025-04-02 14:38:53.208958',412,55),(2062,'Available','2025-04-02 14:38:53.208958',424,55),(2063,'Available','2025-04-02 14:38:53.208958',436,55),(2064,'Available','2025-04-02 14:38:53.208958',49,55),(2065,'Available','2025-04-02 14:38:53.208958',63,55),(2066,'Available','2025-04-02 14:38:53.208958',77,55),(2067,'Available','2025-04-02 14:38:53.208958',91,55),(2068,'Available','2025-04-02 14:38:53.208958',105,55),(2069,'Available','2025-04-02 14:38:53.208958',119,55),(2070,'Available','2025-04-02 14:38:53.215393',7,56),(2071,'Available','2025-04-02 14:38:53.215393',133,56),(2072,'Available','2025-04-02 14:38:53.215393',147,56),(2073,'Available','2025-04-02 14:38:53.215393',161,56),(2074,'Available','2025-04-02 14:38:53.215393',175,56),(2075,'Available','2025-04-02 14:38:53.215393',189,56),(2076,'Available','2025-04-02 14:38:53.215393',203,56),(2077,'Available','2025-04-02 14:38:53.215393',217,56),(2078,'Available','2025-04-02 14:38:53.215393',231,56),(2079,'Available','2025-04-02 14:38:53.215393',245,56),(2080,'Available','2025-04-02 14:38:53.215393',259,56),(2081,'Available','2025-04-02 14:38:53.215393',21,56),(2082,'Available','2025-04-02 14:38:53.215393',273,56),(2083,'Available','2025-04-02 14:38:53.215393',287,56),(2084,'Available','2025-04-02 14:38:53.215393',301,56),(2085,'Available','2025-04-02 14:38:53.215393',315,56),(2086,'Available','2025-04-02 14:38:53.215393',329,56),(2087,'Available','2025-04-02 14:38:53.215393',343,56),(2088,'Available','2025-04-02 14:38:53.215393',357,56),(2089,'Available','2025-04-02 14:38:53.215393',371,56),(2090,'Available','2025-04-02 14:38:53.215393',385,56),(2091,'Available','2025-04-02 14:38:53.215393',399,56),(2092,'Available','2025-04-02 14:38:53.215393',35,56),(2093,'Available','2025-04-02 14:38:53.215393',412,56),(2094,'Available','2025-04-02 14:38:53.215393',424,56),(2095,'Available','2025-04-02 14:38:53.215393',436,56),(2096,'Available','2025-04-02 14:38:53.215393',49,56),(2097,'Available','2025-04-02 14:38:53.215393',63,56),(2098,'Available','2025-04-02 14:38:53.215393',77,56),(2099,'Available','2025-04-02 14:38:53.215393',91,56),(2100,'Available','2025-04-02 14:38:53.215393',105,56),(2101,'Available','2025-04-02 14:38:53.215393',119,56),(2102,'Available','2025-04-02 14:38:53.220901',7,57),(2103,'Available','2025-04-02 14:38:53.220901',133,57),(2104,'Available','2025-04-02 14:38:53.220901',147,57),(2105,'Available','2025-04-02 14:38:53.220901',161,57),(2106,'Available','2025-04-02 14:38:53.220901',175,57),(2107,'Available','2025-04-02 14:38:53.220901',189,57),(2108,'Available','2025-04-02 14:38:53.220901',203,57),(2109,'Available','2025-04-02 14:38:53.220901',217,57),(2110,'Available','2025-04-02 14:38:53.220901',231,57),(2111,'Available','2025-04-02 14:38:53.220901',245,57),(2112,'Available','2025-04-02 14:38:53.220901',259,57),(2113,'Available','2025-04-02 14:38:53.220901',21,57),(2114,'Available','2025-04-02 14:38:53.220901',273,57),(2115,'Available','2025-04-02 14:38:53.220901',287,57),(2116,'Available','2025-04-02 14:38:53.220901',301,57),(2117,'Available','2025-04-02 14:38:53.220901',315,57),(2118,'Available','2025-04-02 14:38:53.220901',329,57),(2119,'Available','2025-04-02 14:38:53.220901',343,57),(2120,'Available','2025-04-02 14:38:53.220901',357,57),(2121,'Available','2025-04-02 14:38:53.220901',371,57),(2122,'Available','2025-04-02 14:38:53.220901',385,57),(2123,'Available','2025-04-02 14:38:53.220901',399,57),(2124,'Available','2025-04-02 14:38:53.220901',35,57),(2125,'Available','2025-04-02 14:38:53.220901',412,57),(2126,'Available','2025-04-02 14:38:53.220901',424,57),(2127,'Available','2025-04-02 14:38:53.220901',436,57),(2128,'Available','2025-04-02 14:38:53.220901',49,57),(2129,'Available','2025-04-02 14:38:53.220901',63,57),(2130,'Available','2025-04-02 14:38:53.220901',77,57),(2131,'Available','2025-04-02 14:38:53.220901',91,57),(2132,'Available','2025-04-02 14:38:53.220901',105,57),(2133,'Available','2025-04-02 14:38:53.220901',119,57),(2134,'Available','2025-04-02 14:38:53.226315',7,58),(2135,'Available','2025-04-02 14:38:53.226315',133,58),(2136,'Available','2025-04-02 14:38:53.226315',147,58),(2137,'Available','2025-04-02 14:38:53.226315',161,58),(2138,'Available','2025-04-02 14:38:53.226315',175,58),(2139,'Available','2025-04-02 14:38:53.226315',189,58),(2140,'Available','2025-04-02 14:38:53.226315',203,58),(2141,'Available','2025-04-02 14:38:53.226315',217,58),(2142,'Available','2025-04-02 14:38:53.226315',231,58),(2143,'Available','2025-04-02 14:38:53.226315',245,58),(2144,'Available','2025-04-02 14:38:53.226315',259,58),(2145,'Available','2025-04-02 14:38:53.226315',21,58),(2146,'Available','2025-04-02 14:38:53.226315',273,58),(2147,'Available','2025-04-02 14:38:53.226315',287,58),(2148,'Available','2025-04-02 14:38:53.226315',301,58),(2149,'Available','2025-04-02 14:38:53.226315',315,58),(2150,'Available','2025-04-02 14:38:53.226315',329,58),(2151,'Available','2025-04-02 14:38:53.226315',343,58),(2152,'Available','2025-04-02 14:38:53.226315',357,58),(2153,'Available','2025-04-02 14:38:53.226315',371,58),(2154,'Available','2025-04-02 14:38:53.226315',385,58),(2155,'Available','2025-04-02 14:38:53.226315',399,58),(2156,'Available','2025-04-02 14:38:53.226315',35,58),(2157,'Available','2025-04-02 14:38:53.226315',412,58),(2158,'Available','2025-04-02 14:38:53.226315',424,58),(2159,'Available','2025-04-02 14:38:53.226315',436,58),(2160,'Available','2025-04-02 14:38:53.226315',49,58),(2161,'Available','2025-04-02 14:38:53.226315',63,58),(2162,'Available','2025-04-02 14:38:53.226315',77,58),(2163,'Available','2025-04-02 14:38:53.226315',91,58),(2164,'Available','2025-04-02 14:38:53.226315',105,58),(2165,'Available','2025-04-02 14:38:53.226315',119,58),(2166,'Available','2025-04-02 14:38:53.234595',7,59),(2167,'Available','2025-04-02 14:38:53.234595',133,59),(2168,'Available','2025-04-02 14:38:53.234595',147,59),(2169,'Available','2025-04-02 14:38:53.234595',161,59),(2170,'Available','2025-04-02 14:38:53.234595',175,59),(2171,'Available','2025-04-02 14:38:53.234595',189,59),(2172,'Available','2025-04-02 14:38:53.234595',203,59),(2173,'Available','2025-04-02 14:38:53.234595',217,59),(2174,'Available','2025-04-02 14:38:53.234595',231,59),(2175,'Available','2025-04-02 14:38:53.234595',245,59),(2176,'Available','2025-04-02 14:38:53.234595',259,59),(2177,'Available','2025-04-02 14:38:53.234595',21,59),(2178,'Available','2025-04-02 14:38:53.234595',273,59),(2179,'Available','2025-04-02 14:38:53.234595',287,59),(2180,'Available','2025-04-02 14:38:53.234595',301,59),(2181,'Available','2025-04-02 14:38:53.234595',315,59),(2182,'Available','2025-04-02 14:38:53.234595',329,59),(2183,'Available','2025-04-02 14:38:53.234595',343,59),(2184,'Available','2025-04-02 14:38:53.234595',357,59),(2185,'Available','2025-04-02 14:38:53.234595',371,59),(2186,'Available','2025-04-02 14:38:53.234595',385,59),(2187,'Available','2025-04-02 14:38:53.234595',399,59),(2188,'Available','2025-04-02 14:38:53.234595',35,59),(2189,'Available','2025-04-02 14:38:53.234595',412,59),(2190,'Available','2025-04-02 14:38:53.234595',424,59),(2191,'Available','2025-04-02 14:38:53.234595',436,59),(2192,'Available','2025-04-02 14:38:53.234595',49,59),(2193,'Available','2025-04-02 14:38:53.234595',63,59),(2194,'Available','2025-04-02 14:38:53.234595',77,59),(2195,'Available','2025-04-02 14:38:53.234595',91,59),(2196,'Available','2025-04-02 14:38:53.234595',105,59),(2197,'Available','2025-04-02 14:38:53.234595',119,59),(2198,'Available','2025-04-02 14:38:53.244108',4,60),(2199,'Available','2025-04-02 14:38:53.244108',130,60),(2200,'Available','2025-04-02 14:38:53.244108',144,60),(2201,'Available','2025-04-02 14:38:53.244108',158,60),(2202,'Available','2025-04-02 14:38:53.244108',172,60),(2203,'Available','2025-04-02 14:38:53.244108',186,60),(2204,'Available','2025-04-02 14:38:53.244108',200,60),(2205,'Available','2025-04-02 14:38:53.244108',214,60),(2206,'Available','2025-04-02 14:38:53.244108',228,60),(2207,'Available','2025-04-02 14:38:53.244108',242,60),(2208,'Available','2025-04-02 14:38:53.244108',256,60),(2209,'Available','2025-04-02 14:38:53.244108',18,60),(2210,'Available','2025-04-02 14:38:53.244108',270,60),(2211,'Available','2025-04-02 14:38:53.244108',284,60),(2212,'Available','2025-04-02 14:38:53.244108',298,60),(2213,'Available','2025-04-02 14:38:53.244108',312,60),(2214,'Available','2025-04-02 14:38:53.244108',326,60),(2215,'Available','2025-04-02 14:38:53.244108',340,60),(2216,'Available','2025-04-02 14:38:53.244108',354,60),(2217,'Available','2025-04-02 14:38:53.244108',368,60),(2218,'Available','2025-04-02 14:38:53.244108',382,60),(2219,'Available','2025-04-02 14:38:53.244108',396,60),(2220,'Available','2025-04-02 14:38:53.244108',32,60),(2221,'Available','2025-04-02 14:38:53.244108',410,60),(2222,'Available','2025-04-02 14:38:53.244108',422,60),(2223,'Available','2025-04-02 14:38:53.244108',434,60),(2224,'Available','2025-04-02 14:38:53.244108',46,60),(2225,'Available','2025-04-02 14:38:53.244108',60,60),(2226,'Available','2025-04-02 14:38:53.244108',74,60),(2227,'Available','2025-04-02 14:38:53.244108',88,60),(2228,'Available','2025-04-02 14:38:53.244108',102,60),(2229,'Available','2025-04-02 14:38:53.244108',116,60),(2230,'Available','2025-04-02 14:38:53.251453',4,61),(2231,'Available','2025-04-02 14:38:53.251453',130,61),(2232,'Available','2025-04-02 14:38:53.251453',144,61),(2233,'Available','2025-04-02 14:38:53.251453',158,61),(2234,'Available','2025-04-02 14:38:53.251453',172,61),(2235,'Available','2025-04-02 14:38:53.251453',186,61),(2236,'Available','2025-04-02 14:38:53.251453',200,61),(2237,'Available','2025-04-02 14:38:53.251453',214,61),(2238,'Available','2025-04-02 14:38:53.251453',228,61),(2239,'Available','2025-04-02 14:38:53.251453',242,61),(2240,'Available','2025-04-02 14:38:53.251453',256,61),(2241,'Available','2025-04-02 14:38:53.251453',18,61),(2242,'Available','2025-04-02 14:38:53.251453',270,61),(2243,'Available','2025-04-02 14:38:53.251453',284,61),(2244,'Available','2025-04-02 14:38:53.251453',298,61),(2245,'Available','2025-04-02 14:38:53.251453',312,61),(2246,'Available','2025-04-02 14:38:53.251453',326,61),(2247,'Available','2025-04-02 14:38:53.251453',340,61),(2248,'Available','2025-04-02 14:38:53.251453',354,61),(2249,'Available','2025-04-02 14:38:53.251453',368,61),(2250,'Available','2025-04-02 14:38:53.252458',382,61),(2251,'Available','2025-04-02 14:38:53.252458',396,61),(2252,'Available','2025-04-02 14:38:53.252458',32,61),(2253,'Available','2025-04-02 14:38:53.252458',410,61),(2254,'Available','2025-04-02 14:38:53.252458',422,61),(2255,'Available','2025-04-02 14:38:53.252458',434,61),(2256,'Available','2025-04-02 14:38:53.252458',46,61),(2257,'Available','2025-04-02 14:38:53.252458',60,61),(2258,'Available','2025-04-02 14:38:53.252458',74,61),(2259,'Available','2025-04-02 14:38:53.252458',88,61),(2260,'Available','2025-04-02 14:38:53.252458',102,61),(2261,'Available','2025-04-02 14:38:53.252458',116,61),(2262,'Available','2025-04-02 14:38:53.260067',4,62),(2263,'Available','2025-04-02 14:38:53.260067',130,62),(2264,'Available','2025-04-02 14:38:53.260067',144,62),(2265,'Available','2025-04-02 14:38:53.260067',158,62),(2266,'Available','2025-04-02 14:38:53.260067',172,62),(2267,'Available','2025-04-02 14:38:53.260067',186,62),(2268,'Available','2025-04-02 14:38:53.260067',200,62),(2269,'Available','2025-04-02 14:38:53.260067',214,62),(2270,'Available','2025-04-02 14:38:53.260067',228,62),(2271,'Available','2025-04-02 14:38:53.260067',242,62),(2272,'Available','2025-04-02 14:38:53.260067',256,62),(2273,'Available','2025-04-02 14:38:53.260067',18,62),(2274,'Available','2025-04-02 14:38:53.260067',270,62),(2275,'Available','2025-04-02 14:38:53.260067',284,62),(2276,'Available','2025-04-02 14:38:53.260067',298,62),(2277,'Available','2025-04-02 14:38:53.260067',312,62),(2278,'Available','2025-04-02 14:38:53.260067',326,62),(2279,'Available','2025-04-02 14:38:53.260067',340,62),(2280,'Available','2025-04-02 14:38:53.260067',354,62),(2281,'Available','2025-04-02 14:38:53.260067',368,62),(2282,'Available','2025-04-02 14:38:53.260067',382,62),(2283,'Available','2025-04-02 14:38:53.260067',396,62),(2284,'Available','2025-04-02 14:38:53.260067',32,62),(2285,'Available','2025-04-02 14:38:53.260067',410,62),(2286,'Available','2025-04-02 14:38:53.260067',422,62),(2287,'Available','2025-04-02 14:38:53.260067',434,62),(2288,'Available','2025-04-02 14:38:53.260067',46,62),(2289,'Available','2025-04-02 14:38:53.260067',60,62),(2290,'Available','2025-04-02 14:38:53.260067',74,62),(2291,'Available','2025-04-02 14:38:53.260067',88,62),(2292,'Available','2025-04-02 14:38:53.260067',102,62),(2293,'Available','2025-04-02 14:38:53.260067',116,62),(2294,'Available','2025-04-02 14:38:53.268016',4,63),(2295,'Available','2025-04-02 14:38:53.268016',130,63),(2296,'Available','2025-04-02 14:38:53.268016',144,63),(2297,'Available','2025-04-02 14:38:53.268016',158,63),(2298,'Available','2025-04-02 14:38:53.268016',172,63),(2299,'Available','2025-04-02 14:38:53.268016',186,63),(2300,'Available','2025-04-02 14:38:53.268016',200,63),(2301,'Available','2025-04-02 14:38:53.268016',214,63),(2302,'Available','2025-04-02 14:38:53.268016',228,63),(2303,'Available','2025-04-02 14:38:53.268016',242,63),(2304,'Available','2025-04-02 14:38:53.268016',256,63),(2305,'Available','2025-04-02 14:38:53.268016',18,63),(2306,'Available','2025-04-02 14:38:53.268016',270,63),(2307,'Available','2025-04-02 14:38:53.268016',284,63),(2308,'Available','2025-04-02 14:38:53.268016',298,63),(2309,'Available','2025-04-02 14:38:53.268016',312,63),(2310,'Available','2025-04-02 14:38:53.268016',326,63),(2311,'Available','2025-04-02 14:38:53.268016',340,63),(2312,'Available','2025-04-02 14:38:53.268016',354,63),(2313,'Available','2025-04-02 14:38:53.268016',368,63),(2314,'Available','2025-04-02 14:38:53.268016',382,63),(2315,'Available','2025-04-02 14:38:53.268016',396,63),(2316,'Available','2025-04-02 14:38:53.268016',32,63),(2317,'Available','2025-04-02 14:38:53.268016',410,63),(2318,'Available','2025-04-02 14:38:53.268016',422,63),(2319,'Available','2025-04-02 14:38:53.268016',434,63),(2320,'Available','2025-04-02 14:38:53.268016',46,63),(2321,'Available','2025-04-02 14:38:53.268016',60,63),(2322,'Available','2025-04-02 14:38:53.268016',74,63),(2323,'Available','2025-04-02 14:38:53.268016',88,63),(2324,'Available','2025-04-02 14:38:53.268016',102,63),(2325,'Available','2025-04-02 14:38:53.268016',116,63),(2326,'Available','2025-04-02 14:38:53.274417',4,64),(2327,'Available','2025-04-02 14:38:53.274417',130,64),(2328,'Available','2025-04-02 14:38:53.274417',144,64),(2329,'Available','2025-04-02 14:38:53.274417',158,64),(2330,'Available','2025-04-02 14:38:53.274417',172,64),(2331,'Available','2025-04-02 14:38:53.274417',186,64),(2332,'Available','2025-04-02 14:38:53.274417',200,64),(2333,'Available','2025-04-02 14:38:53.274417',214,64),(2334,'Available','2025-04-02 14:38:53.274417',228,64),(2335,'Available','2025-04-02 14:38:53.274417',242,64),(2336,'Available','2025-04-02 14:38:53.274417',256,64),(2337,'Available','2025-04-02 14:38:53.274417',18,64),(2338,'Available','2025-04-02 14:38:53.274417',270,64),(2339,'Available','2025-04-02 14:38:53.274417',284,64),(2340,'Available','2025-04-02 14:38:53.274417',298,64),(2341,'Available','2025-04-02 14:38:53.274417',312,64),(2342,'Available','2025-04-02 14:38:53.274417',326,64),(2343,'Available','2025-04-02 14:38:53.274417',340,64),(2344,'Available','2025-04-02 14:38:53.274417',354,64),(2345,'Available','2025-04-02 14:38:53.274417',368,64),(2346,'Available','2025-04-02 14:38:53.274417',382,64),(2347,'Available','2025-04-02 14:38:53.274417',396,64),(2348,'Available','2025-04-02 14:38:53.274417',32,64),(2349,'Available','2025-04-02 14:38:53.274417',410,64),(2350,'Available','2025-04-02 14:38:53.274417',422,64),(2351,'Available','2025-04-02 14:38:53.274417',434,64),(2352,'Available','2025-04-02 14:38:53.274417',46,64),(2353,'Available','2025-04-02 14:38:53.274417',60,64),(2354,'Available','2025-04-02 14:38:53.274417',74,64),(2355,'Available','2025-04-02 14:38:53.274417',88,64),(2356,'Available','2025-04-02 14:38:53.274417',102,64),(2357,'Available','2025-04-02 14:38:53.274417',116,64),(2358,'Available','2025-04-02 14:38:53.280075',4,65),(2359,'Available','2025-04-02 14:38:53.280075',130,65),(2360,'Available','2025-04-02 14:38:53.280075',144,65),(2361,'Available','2025-04-02 14:38:53.280075',158,65),(2362,'Available','2025-04-02 14:38:53.280075',172,65),(2363,'Available','2025-04-02 14:38:53.280075',186,65),(2364,'Available','2025-04-02 14:38:53.280075',200,65),(2365,'Available','2025-04-02 14:38:53.280075',214,65),(2366,'Available','2025-04-02 14:38:53.280075',228,65),(2367,'Available','2025-04-02 14:38:53.280075',242,65),(2368,'Available','2025-04-02 14:38:53.280075',256,65),(2369,'Available','2025-04-02 14:38:53.280075',18,65),(2370,'Available','2025-04-02 14:38:53.280075',270,65),(2371,'Available','2025-04-02 14:38:53.280075',284,65),(2372,'Available','2025-04-02 14:38:53.280075',298,65),(2373,'Available','2025-04-02 14:38:53.280075',312,65),(2374,'Available','2025-04-02 14:38:53.280075',326,65),(2375,'Available','2025-04-02 14:38:53.280075',340,65),(2376,'Available','2025-04-02 14:38:53.280075',354,65),(2377,'Available','2025-04-02 14:38:53.280075',368,65),(2378,'Available','2025-04-02 14:38:53.280075',382,65),(2379,'Available','2025-04-02 14:38:53.280075',396,65),(2380,'Available','2025-04-02 14:38:53.280075',32,65),(2381,'Available','2025-04-02 14:38:53.280075',410,65),(2382,'Available','2025-04-02 14:38:53.280075',422,65),(2383,'Available','2025-04-02 14:38:53.280075',434,65),(2384,'Available','2025-04-02 14:38:53.280075',46,65),(2385,'Available','2025-04-02 14:38:53.280075',60,65),(2386,'Available','2025-04-02 14:38:53.280075',74,65),(2387,'Available','2025-04-02 14:38:53.280075',88,65),(2388,'Available','2025-04-02 14:38:53.280075',102,65),(2389,'Available','2025-04-02 14:38:53.280075',116,65),(2390,'Available','2025-04-02 14:38:53.289934',4,66),(2391,'Available','2025-04-02 14:38:53.289934',130,66),(2392,'Available','2025-04-02 14:38:53.289934',144,66),(2393,'Available','2025-04-02 14:38:53.289934',158,66),(2394,'Available','2025-04-02 14:38:53.289934',172,66),(2395,'Available','2025-04-02 14:38:53.289934',186,66),(2396,'Available','2025-04-02 14:38:53.289934',200,66),(2397,'Available','2025-04-02 14:38:53.289934',214,66),(2398,'Available','2025-04-02 14:38:53.289934',228,66),(2399,'Available','2025-04-02 14:38:53.289934',242,66),(2400,'Available','2025-04-02 14:38:53.289934',256,66),(2401,'Available','2025-04-02 14:38:53.289934',18,66),(2402,'Available','2025-04-02 14:38:53.289934',270,66),(2403,'Available','2025-04-02 14:38:53.289934',284,66),(2404,'Available','2025-04-02 14:38:53.289934',298,66),(2405,'Available','2025-04-02 14:38:53.289934',312,66),(2406,'Available','2025-04-02 14:38:53.289934',326,66),(2407,'Available','2025-04-02 14:38:53.289934',340,66),(2408,'Available','2025-04-02 14:38:53.289934',354,66),(2409,'Available','2025-04-02 14:38:53.289934',368,66),(2410,'Available','2025-04-02 14:38:53.289934',382,66),(2411,'Available','2025-04-02 14:38:53.289934',396,66),(2412,'Available','2025-04-02 14:38:53.289934',32,66),(2413,'Available','2025-04-02 14:38:53.289934',410,66),(2414,'Available','2025-04-02 14:38:53.289934',422,66),(2415,'Available','2025-04-02 14:38:53.289934',434,66),(2416,'Available','2025-04-02 14:38:53.289934',46,66),(2417,'Available','2025-04-02 14:38:53.289934',60,66),(2418,'Available','2025-04-02 14:38:53.289934',74,66),(2419,'Available','2025-04-02 14:38:53.289934',88,66),(2420,'Available','2025-04-02 14:38:53.289934',102,66),(2421,'Available','2025-04-02 14:38:53.289934',116,66),(2422,'Available','2025-04-02 14:38:53.298436',13,67),(2423,'Available','2025-04-02 14:38:53.298436',139,67),(2424,'Available','2025-04-02 14:38:53.298436',153,67),(2425,'Available','2025-04-02 14:38:53.298436',167,67),(2426,'Available','2025-04-02 14:38:53.298436',181,67),(2427,'Available','2025-04-02 14:38:53.298436',195,67),(2428,'Available','2025-04-02 14:38:53.298436',209,67),(2429,'Available','2025-04-02 14:38:53.298436',223,67),(2430,'Available','2025-04-02 14:38:53.298436',237,67),(2431,'Available','2025-04-02 14:38:53.298436',251,67),(2432,'Available','2025-04-02 14:38:53.298436',265,67),(2433,'Available','2025-04-02 14:38:53.298436',27,67),(2434,'Available','2025-04-02 14:38:53.298436',279,67),(2435,'Available','2025-04-02 14:38:53.298436',293,67),(2436,'Available','2025-04-02 14:38:53.298436',307,67),(2437,'Available','2025-04-02 14:38:53.298436',321,67),(2438,'Available','2025-04-02 14:38:53.298436',335,67),(2439,'Available','2025-04-02 14:38:53.298436',349,67),(2440,'Available','2025-04-02 14:38:53.298436',363,67),(2441,'Available','2025-04-02 14:38:53.298436',377,67),(2442,'Available','2025-04-02 14:38:53.298436',391,67),(2443,'Available','2025-04-02 14:38:53.298436',405,67),(2444,'Available','2025-04-02 14:38:53.298436',41,67),(2445,'Available','2025-04-02 14:38:53.298436',417,67),(2446,'Available','2025-04-02 14:38:53.298436',429,67),(2447,'Available','2025-04-02 14:38:53.298436',441,67),(2448,'Available','2025-04-02 14:38:53.298436',448,67),(2449,'Available','2025-04-02 14:38:53.298436',455,67),(2450,'Available','2025-04-02 14:38:53.298436',462,67),(2451,'Available','2025-04-02 14:38:53.298436',469,67),(2452,'Available','2025-04-02 14:38:53.298436',476,67),(2453,'Available','2025-04-02 14:38:53.298436',483,67),(2454,'Available','2025-04-02 14:38:53.298436',490,67),(2455,'Available','2025-04-02 14:38:53.298436',55,67),(2456,'Available','2025-04-02 14:38:53.298436',497,67),(2457,'Available','2025-04-02 14:38:53.298436',504,67),(2458,'Available','2025-04-02 14:38:53.298436',511,67),(2459,'Available','2025-04-02 14:38:53.298436',518,67),(2460,'Available','2025-04-02 14:38:53.298436',525,67),(2461,'Available','2025-04-02 14:38:53.298436',69,67),(2462,'Available','2025-04-02 14:38:53.298436',83,67),(2463,'Available','2025-04-02 14:38:53.299953',97,67),(2464,'Available','2025-04-02 14:38:53.299953',111,67),(2465,'Available','2025-04-02 14:38:53.299953',125,67),(2466,'Available','2025-04-02 14:38:53.309977',13,68),(2467,'Available','2025-04-02 14:38:53.309977',139,68),(2468,'Available','2025-04-02 14:38:53.309977',153,68),(2469,'Available','2025-04-02 14:38:53.309977',167,68),(2470,'Available','2025-04-02 14:38:53.309977',181,68),(2471,'Available','2025-04-02 14:38:53.309977',195,68),(2472,'Available','2025-04-02 14:38:53.309977',209,68),(2473,'Available','2025-04-02 14:38:53.309977',223,68),(2474,'Available','2025-04-02 14:38:53.309977',237,68),(2475,'Available','2025-04-02 14:38:53.309977',251,68),(2476,'Available','2025-04-02 14:38:53.309977',265,68),(2477,'Available','2025-04-02 14:38:53.309977',27,68),(2478,'Available','2025-04-02 14:38:53.309977',279,68),(2479,'Available','2025-04-02 14:38:53.309977',293,68),(2480,'Available','2025-04-02 14:38:53.309977',307,68),(2481,'Available','2025-04-02 14:38:53.309977',321,68),(2482,'Available','2025-04-02 14:38:53.309977',335,68),(2483,'Available','2025-04-02 14:38:53.309977',349,68),(2484,'Available','2025-04-02 14:38:53.309977',363,68),(2485,'Available','2025-04-02 14:38:53.309977',377,68),(2486,'Available','2025-04-02 14:38:53.309977',391,68),(2487,'Available','2025-04-02 14:38:53.309977',405,68),(2488,'Available','2025-04-02 14:38:53.309977',41,68),(2489,'Available','2025-04-02 14:38:53.309977',417,68),(2490,'Available','2025-04-02 14:38:53.309977',429,68),(2491,'Available','2025-04-02 14:38:53.309977',441,68),(2492,'Available','2025-04-02 14:38:53.309977',448,68),(2493,'Available','2025-04-02 14:38:53.309977',455,68),(2494,'Available','2025-04-02 14:38:53.309977',462,68),(2495,'Available','2025-04-02 14:38:53.309977',469,68),(2496,'Available','2025-04-02 14:38:53.309977',476,68),(2497,'Available','2025-04-02 14:38:53.309977',483,68),(2498,'Available','2025-04-02 14:38:53.309977',490,68),(2499,'Available','2025-04-02 14:38:53.309977',55,68),(2500,'Available','2025-04-02 14:38:53.309977',497,68),(2501,'Available','2025-04-02 14:38:53.309977',504,68),(2502,'Available','2025-04-02 14:38:53.309977',511,68),(2503,'Available','2025-04-02 14:38:53.309977',518,68),(2504,'Available','2025-04-02 14:38:53.309977',525,68),(2505,'Available','2025-04-02 14:38:53.309977',69,68),(2506,'Available','2025-04-02 14:38:53.309977',83,68),(2507,'Available','2025-04-02 14:38:53.309977',97,68),(2508,'Available','2025-04-02 14:38:53.309977',111,68),(2509,'Available','2025-04-02 14:38:53.309977',125,68),(2510,'Available','2025-04-02 14:38:53.318517',13,69),(2511,'Available','2025-04-02 14:38:53.318517',139,69),(2512,'Available','2025-04-02 14:38:53.318517',153,69),(2513,'Available','2025-04-02 14:38:53.318517',167,69),(2514,'Available','2025-04-02 14:38:53.318517',181,69),(2515,'Available','2025-04-02 14:38:53.318517',195,69),(2516,'Available','2025-04-02 14:38:53.318517',209,69),(2517,'Available','2025-04-02 14:38:53.318517',223,69),(2518,'Available','2025-04-02 14:38:53.318517',237,69),(2519,'Available','2025-04-02 14:38:53.318517',251,69),(2520,'Available','2025-04-02 14:38:53.318517',265,69),(2521,'Available','2025-04-02 14:38:53.318517',27,69),(2522,'Available','2025-04-02 14:38:53.318517',279,69),(2523,'Available','2025-04-02 14:38:53.318517',293,69),(2524,'Available','2025-04-02 14:38:53.318517',307,69),(2525,'Available','2025-04-02 14:38:53.318517',321,69),(2526,'Available','2025-04-02 14:38:53.318517',335,69),(2527,'Available','2025-04-02 14:38:53.318517',349,69),(2528,'Available','2025-04-02 14:38:53.318517',363,69),(2529,'Available','2025-04-02 14:38:53.318517',377,69),(2530,'Available','2025-04-02 14:38:53.318517',391,69),(2531,'Available','2025-04-02 14:38:53.318517',405,69),(2532,'Available','2025-04-02 14:38:53.318517',41,69),(2533,'Available','2025-04-02 14:38:53.318517',417,69),(2534,'Available','2025-04-02 14:38:53.318517',429,69),(2535,'Available','2025-04-02 14:38:53.318517',441,69),(2536,'Available','2025-04-02 14:38:53.318517',448,69),(2537,'Available','2025-04-02 14:38:53.318517',455,69),(2538,'Available','2025-04-02 14:38:53.318517',462,69),(2539,'Available','2025-04-02 14:38:53.318517',469,69),(2540,'Available','2025-04-02 14:38:53.318517',476,69),(2541,'Available','2025-04-02 14:38:53.318517',483,69),(2542,'Available','2025-04-02 14:38:53.318517',490,69),(2543,'Available','2025-04-02 14:38:53.318517',55,69),(2544,'Available','2025-04-02 14:38:53.318517',497,69),(2545,'Available','2025-04-02 14:38:53.318517',504,69),(2546,'Available','2025-04-02 14:38:53.318517',511,69),(2547,'Available','2025-04-02 14:38:53.318517',518,69),(2548,'Available','2025-04-02 14:38:53.318517',525,69),(2549,'Available','2025-04-02 14:38:53.318517',69,69),(2550,'Available','2025-04-02 14:38:53.318517',83,69),(2551,'Available','2025-04-02 14:38:53.318517',97,69),(2552,'Available','2025-04-02 14:38:53.318517',111,69),(2553,'Available','2025-04-02 14:38:53.318517',125,69),(2554,'Available','2025-04-02 14:38:53.324041',13,70),(2555,'Available','2025-04-02 14:38:53.324041',139,70),(2556,'Available','2025-04-02 14:38:53.324041',153,70),(2557,'Available','2025-04-02 14:38:53.324041',167,70),(2558,'Available','2025-04-02 14:38:53.324041',181,70),(2559,'Available','2025-04-02 14:38:53.324041',195,70),(2560,'Available','2025-04-02 14:38:53.324041',209,70),(2561,'Available','2025-04-02 14:38:53.324041',223,70),(2562,'Available','2025-04-02 14:38:53.324041',237,70),(2563,'Available','2025-04-02 14:38:53.324041',251,70),(2564,'Available','2025-04-02 14:38:53.324041',265,70),(2565,'Available','2025-04-02 14:38:53.324041',27,70),(2566,'Available','2025-04-02 14:38:53.324041',279,70),(2567,'Available','2025-04-02 14:38:53.324041',293,70),(2568,'Available','2025-04-02 14:38:53.324041',307,70),(2569,'Available','2025-04-02 14:38:53.324041',321,70),(2570,'Available','2025-04-02 14:38:53.324041',335,70),(2571,'Available','2025-04-02 14:38:53.324041',349,70),(2572,'Available','2025-04-02 14:38:53.324041',363,70),(2573,'Available','2025-04-02 14:38:53.324041',377,70),(2574,'Available','2025-04-02 14:38:53.324041',391,70),(2575,'Available','2025-04-02 14:38:53.324041',405,70),(2576,'Available','2025-04-02 14:38:53.324041',41,70),(2577,'Available','2025-04-02 14:38:53.324041',417,70),(2578,'Available','2025-04-02 14:38:53.324041',429,70),(2579,'Available','2025-04-02 14:38:53.324041',441,70),(2580,'Available','2025-04-02 14:38:53.324041',448,70),(2581,'Available','2025-04-02 14:38:53.324041',455,70),(2582,'Available','2025-04-02 14:38:53.324041',462,70),(2583,'Available','2025-04-02 14:38:53.324041',469,70),(2584,'Available','2025-04-02 14:38:53.324041',476,70),(2585,'Available','2025-04-02 14:38:53.324041',483,70),(2586,'Available','2025-04-02 14:38:53.324041',490,70),(2587,'Available','2025-04-02 14:38:53.324041',55,70),(2588,'Available','2025-04-02 14:38:53.324041',497,70),(2589,'Available','2025-04-02 14:38:53.324041',504,70),(2590,'Available','2025-04-02 14:38:53.324041',511,70),(2591,'Available','2025-04-02 14:38:53.324041',518,70),(2592,'Available','2025-04-02 14:38:53.324041',525,70),(2593,'Available','2025-04-02 14:38:53.324041',69,70),(2594,'Available','2025-04-02 14:38:53.324041',83,70),(2595,'Available','2025-04-02 14:38:53.324041',97,70),(2596,'Available','2025-04-02 14:38:53.324041',111,70),(2597,'Available','2025-04-02 14:38:53.324041',125,70),(2598,'Available','2025-04-02 14:38:53.331146',13,71),(2599,'Available','2025-04-02 14:38:53.331146',139,71),(2600,'Available','2025-04-02 14:38:53.331146',153,71),(2601,'Available','2025-04-02 14:38:53.331146',167,71),(2602,'Available','2025-04-02 14:38:53.331146',181,71),(2603,'Available','2025-04-02 14:38:53.331146',195,71),(2604,'Available','2025-04-02 14:38:53.331146',209,71),(2605,'Available','2025-04-02 14:38:53.331146',223,71),(2606,'Available','2025-04-02 14:38:53.331146',237,71),(2607,'Available','2025-04-02 14:38:53.331146',251,71),(2608,'Available','2025-04-02 14:38:53.331146',265,71),(2609,'Available','2025-04-02 14:38:53.331146',27,71),(2610,'Available','2025-04-02 14:38:53.331146',279,71),(2611,'Available','2025-04-02 14:38:53.331146',293,71),(2612,'Available','2025-04-02 14:38:53.331146',307,71),(2613,'Available','2025-04-02 14:38:53.331146',321,71),(2614,'Available','2025-04-02 14:38:53.331146',335,71),(2615,'Available','2025-04-02 14:38:53.331146',349,71),(2616,'Available','2025-04-02 14:38:53.331146',363,71),(2617,'Available','2025-04-02 14:38:53.331146',377,71),(2618,'Available','2025-04-02 14:38:53.331146',391,71),(2619,'Available','2025-04-02 14:38:53.331146',405,71),(2620,'Available','2025-04-02 14:38:53.331146',41,71),(2621,'Available','2025-04-02 14:38:53.331146',417,71),(2622,'Available','2025-04-02 14:38:53.331146',429,71),(2623,'Available','2025-04-02 14:38:53.331146',441,71),(2624,'Available','2025-04-02 14:38:53.331146',448,71),(2625,'Available','2025-04-02 14:38:53.331146',455,71),(2626,'Available','2025-04-02 14:38:53.331146',462,71),(2627,'Available','2025-04-02 14:38:53.331146',469,71),(2628,'Available','2025-04-02 14:38:53.331146',476,71),(2629,'Available','2025-04-02 14:38:53.331146',483,71),(2630,'Available','2025-04-02 14:38:53.331146',490,71),(2631,'Available','2025-04-02 14:38:53.331146',55,71),(2632,'Available','2025-04-02 14:38:53.331146',497,71),(2633,'Available','2025-04-02 14:38:53.331146',504,71),(2634,'Available','2025-04-02 14:38:53.331146',511,71),(2635,'Available','2025-04-02 14:38:53.331146',518,71),(2636,'Available','2025-04-02 14:38:53.331146',525,71),(2637,'Available','2025-04-02 14:38:53.331146',69,71),(2638,'Available','2025-04-02 14:38:53.331146',83,71),(2639,'Available','2025-04-02 14:38:53.331146',97,71),(2640,'Available','2025-04-02 14:38:53.331146',111,71),(2641,'Available','2025-04-02 14:38:53.331146',125,71),(2642,'Available','2025-04-02 14:38:53.341667',13,72),(2643,'Available','2025-04-02 14:38:53.341667',139,72),(2644,'Available','2025-04-02 14:38:53.341667',153,72),(2645,'Available','2025-04-02 14:38:53.341667',167,72),(2646,'Available','2025-04-02 14:38:53.341667',181,72),(2647,'Available','2025-04-02 14:38:53.341667',195,72),(2648,'Available','2025-04-02 14:38:53.341667',209,72),(2649,'Available','2025-04-02 14:38:53.341667',223,72),(2650,'Available','2025-04-02 14:38:53.341667',237,72),(2651,'Available','2025-04-02 14:38:53.341667',251,72),(2652,'Available','2025-04-02 14:38:53.341667',265,72),(2653,'Available','2025-04-02 14:38:53.341667',27,72),(2654,'Available','2025-04-02 14:38:53.341667',279,72),(2655,'Available','2025-04-02 14:38:53.341667',293,72),(2656,'Available','2025-04-02 14:38:53.341667',307,72),(2657,'Available','2025-04-02 14:38:53.341667',321,72),(2658,'Available','2025-04-02 14:38:53.341667',335,72),(2659,'Available','2025-04-02 14:38:53.341667',349,72),(2660,'Available','2025-04-02 14:38:53.341667',363,72),(2661,'Available','2025-04-02 14:38:53.341667',377,72),(2662,'Available','2025-04-02 14:38:53.341667',391,72),(2663,'Available','2025-04-02 14:38:53.341667',405,72),(2664,'Available','2025-04-02 14:38:53.341667',41,72),(2665,'Available','2025-04-02 14:38:53.341667',417,72),(2666,'Available','2025-04-02 14:38:53.341667',429,72),(2667,'Available','2025-04-02 14:38:53.341667',441,72),(2668,'Available','2025-04-02 14:38:53.341667',448,72),(2669,'Available','2025-04-02 14:38:53.341667',455,72),(2670,'Available','2025-04-02 14:38:53.341667',462,72),(2671,'Available','2025-04-02 14:38:53.341667',469,72),(2672,'Available','2025-04-02 14:38:53.341667',476,72),(2673,'Available','2025-04-02 14:38:53.341667',483,72),(2674,'Available','2025-04-02 14:38:53.341667',490,72),(2675,'Available','2025-04-02 14:38:53.341667',55,72),(2676,'Available','2025-04-02 14:38:53.341667',497,72),(2677,'Available','2025-04-02 14:38:53.341667',504,72),(2678,'Available','2025-04-02 14:38:53.341667',511,72),(2679,'Available','2025-04-02 14:38:53.341667',518,72),(2680,'Available','2025-04-02 14:38:53.341667',525,72),(2681,'Available','2025-04-02 14:38:53.341667',69,72),(2682,'Available','2025-04-02 14:38:53.341667',83,72),(2683,'Available','2025-04-02 14:38:53.341667',97,72),(2684,'Available','2025-04-02 14:38:53.341667',111,72),(2685,'Available','2025-04-02 14:38:53.341667',125,72),(2686,'Available','2025-04-02 14:38:53.348662',13,73),(2687,'Available','2025-04-02 14:38:53.348662',139,73),(2688,'Available','2025-04-02 14:38:53.348662',153,73),(2689,'Available','2025-04-02 14:38:53.348662',167,73),(2690,'Available','2025-04-02 14:38:53.348662',181,73),(2691,'Available','2025-04-02 14:38:53.348662',195,73),(2692,'Available','2025-04-02 14:38:53.348662',209,73),(2693,'Available','2025-04-02 14:38:53.348662',223,73),(2694,'Available','2025-04-02 14:38:53.348662',237,73),(2695,'Available','2025-04-02 14:38:53.348662',251,73),(2696,'Available','2025-04-02 14:38:53.348662',265,73),(2697,'Available','2025-04-02 14:38:53.348662',27,73),(2698,'Available','2025-04-02 14:38:53.348662',279,73),(2699,'Available','2025-04-02 14:38:53.348662',293,73),(2700,'Available','2025-04-02 14:38:53.348662',307,73),(2701,'Available','2025-04-02 14:38:53.348662',321,73),(2702,'Available','2025-04-02 14:38:53.348662',335,73),(2703,'Available','2025-04-02 14:38:53.348662',349,73),(2704,'Available','2025-04-02 14:38:53.348662',363,73),(2705,'Available','2025-04-02 14:38:53.348662',377,73),(2706,'Available','2025-04-02 14:38:53.348662',391,73),(2707,'Available','2025-04-02 14:38:53.348662',405,73),(2708,'Available','2025-04-02 14:38:53.348662',41,73),(2709,'Available','2025-04-02 14:38:53.348662',417,73),(2710,'Available','2025-04-02 14:38:53.348662',429,73),(2711,'Available','2025-04-02 14:38:53.348662',441,73),(2712,'Available','2025-04-02 14:38:53.348662',448,73),(2713,'Available','2025-04-02 14:38:53.348662',455,73),(2714,'Available','2025-04-02 14:38:53.348662',462,73),(2715,'Available','2025-04-02 14:38:53.348662',469,73),(2716,'Available','2025-04-02 14:38:53.348662',476,73),(2717,'Available','2025-04-02 14:38:53.348662',483,73),(2718,'Available','2025-04-02 14:38:53.348662',490,73),(2719,'Available','2025-04-02 14:38:53.348662',55,73),(2720,'Available','2025-04-02 14:38:53.348662',497,73),(2721,'Available','2025-04-02 14:38:53.348662',504,73),(2722,'Available','2025-04-02 14:38:53.348662',511,73),(2723,'Available','2025-04-02 14:38:53.348662',518,73),(2724,'Available','2025-04-02 14:38:53.348662',525,73),(2725,'Available','2025-04-02 14:38:53.348662',69,73),(2726,'Available','2025-04-02 14:38:53.348662',83,73),(2727,'Available','2025-04-02 14:38:53.348662',97,73),(2728,'Available','2025-04-02 14:38:53.348662',111,73),(2729,'Available','2025-04-02 14:38:53.348662',125,73),(2730,'Available','2025-04-02 14:38:53.357206',14,74),(2731,'Available','2025-04-02 14:38:53.357206',140,74),(2732,'Available','2025-04-02 14:38:53.357206',154,74),(2733,'Available','2025-04-02 14:38:53.357206',168,74),(2734,'Available','2025-04-02 14:38:53.357206',182,74),(2735,'Available','2025-04-02 14:38:53.357206',196,74),(2736,'Available','2025-04-02 14:38:53.357206',210,74),(2737,'Available','2025-04-02 14:38:53.357206',224,74),(2738,'Available','2025-04-02 14:38:53.357206',238,74),(2739,'Available','2025-04-02 14:38:53.357206',252,74),(2740,'Available','2025-04-02 14:38:53.357206',266,74),(2741,'Available','2025-04-02 14:38:53.357206',28,74),(2742,'Available','2025-04-02 14:38:53.357206',280,74),(2743,'Available','2025-04-02 14:38:53.357206',294,74),(2744,'Available','2025-04-02 14:38:53.357206',308,74),(2745,'Available','2025-04-02 14:38:53.357206',322,74),(2746,'Available','2025-04-02 14:38:53.357206',336,74),(2747,'Available','2025-04-02 14:38:53.357206',350,74),(2748,'Available','2025-04-02 14:38:53.357206',364,74),(2749,'Available','2025-04-02 14:38:53.357206',378,74),(2750,'Available','2025-04-02 14:38:53.357206',392,74),(2751,'Available','2025-04-02 14:38:53.357206',406,74),(2752,'Available','2025-04-02 14:38:53.357206',42,74),(2753,'Available','2025-04-02 14:38:53.357206',418,74),(2754,'Available','2025-04-02 14:38:53.357206',430,74),(2755,'Available','2025-04-02 14:38:53.357206',442,74),(2756,'Available','2025-04-02 14:38:53.357206',449,74),(2757,'Available','2025-04-02 14:38:53.357206',456,74),(2758,'Available','2025-04-02 14:38:53.357206',463,74),(2759,'Available','2025-04-02 14:38:53.357206',470,74),(2760,'Available','2025-04-02 14:38:53.357206',477,74),(2761,'Available','2025-04-02 14:38:53.357206',484,74),(2762,'Available','2025-04-02 14:38:53.357206',491,74),(2763,'Available','2025-04-02 14:38:53.357206',56,74),(2764,'Available','2025-04-02 14:38:53.357206',498,74),(2765,'Available','2025-04-02 14:38:53.357206',505,74),(2766,'Available','2025-04-02 14:38:53.357206',512,74),(2767,'Available','2025-04-02 14:38:53.357206',519,74),(2768,'Available','2025-04-02 14:38:53.357206',526,74),(2769,'Available','2025-04-02 14:38:53.357206',70,74),(2770,'Available','2025-04-02 14:38:53.357206',84,74),(2771,'Available','2025-04-02 14:38:53.357206',98,74),(2772,'Available','2025-04-02 14:38:53.357206',112,74),(2773,'Available','2025-04-02 14:38:53.357206',126,74),(2774,'Available','2025-04-02 14:38:53.368299',14,75),(2775,'Available','2025-04-02 14:38:53.368299',140,75),(2776,'Available','2025-04-02 14:38:53.368299',154,75),(2777,'Available','2025-04-02 14:38:53.368299',168,75),(2778,'Available','2025-04-02 14:38:53.368299',182,75),(2779,'Available','2025-04-02 14:38:53.368299',196,75),(2780,'Available','2025-04-02 14:38:53.368299',210,75),(2781,'Available','2025-04-02 14:38:53.368299',224,75),(2782,'Available','2025-04-02 14:38:53.368299',238,75),(2783,'Available','2025-04-02 14:38:53.368299',252,75),(2784,'Available','2025-04-02 14:38:53.368299',266,75),(2785,'Available','2025-04-02 14:38:53.368299',28,75),(2786,'Available','2025-04-02 14:38:53.368299',280,75),(2787,'Available','2025-04-02 14:38:53.368299',294,75),(2788,'Available','2025-04-02 14:38:53.368299',308,75),(2789,'Available','2025-04-02 14:38:53.368299',322,75),(2790,'Available','2025-04-02 14:38:53.368299',336,75),(2791,'Available','2025-04-02 14:38:53.368299',350,75),(2792,'Available','2025-04-02 14:38:53.368299',364,75),(2793,'Available','2025-04-02 14:38:53.368299',378,75),(2794,'Available','2025-04-02 14:38:53.368299',392,75),(2795,'Available','2025-04-02 14:38:53.368299',406,75),(2796,'Available','2025-04-02 14:38:53.368299',42,75),(2797,'Available','2025-04-02 14:38:53.368299',418,75),(2798,'Available','2025-04-02 14:38:53.368299',430,75),(2799,'Available','2025-04-02 14:38:53.368299',442,75),(2800,'Available','2025-04-02 14:38:53.368299',449,75),(2801,'Available','2025-04-02 14:38:53.368299',456,75),(2802,'Available','2025-04-02 14:38:53.368299',463,75),(2803,'Available','2025-04-02 14:38:53.368299',470,75),(2804,'Available','2025-04-02 14:38:53.368299',477,75),(2805,'Available','2025-04-02 14:38:53.368299',484,75),(2806,'Available','2025-04-02 14:38:53.368299',491,75),(2807,'Available','2025-04-02 14:38:53.368299',56,75),(2808,'Available','2025-04-02 14:38:53.368299',498,75),(2809,'Available','2025-04-02 14:38:53.368299',505,75),(2810,'Available','2025-04-02 14:38:53.368299',512,75),(2811,'Available','2025-04-02 14:38:53.368299',519,75),(2812,'Available','2025-04-02 14:38:53.368299',526,75),(2813,'Available','2025-04-02 14:38:53.368299',70,75),(2814,'Available','2025-04-02 14:38:53.368299',84,75),(2815,'Available','2025-04-02 14:38:53.368299',98,75),(2816,'Available','2025-04-02 14:38:53.368299',112,75),(2817,'Available','2025-04-02 14:38:53.368299',126,75),(2818,'Available','2025-04-02 14:38:53.376841',14,76),(2819,'Available','2025-04-02 14:38:53.376841',140,76),(2820,'Available','2025-04-02 14:38:53.376841',154,76),(2821,'Available','2025-04-02 14:38:53.376841',168,76),(2822,'Available','2025-04-02 14:38:53.376841',182,76),(2823,'Available','2025-04-02 14:38:53.376841',196,76),(2824,'Available','2025-04-02 14:38:53.376841',210,76),(2825,'Available','2025-04-02 14:38:53.376841',224,76),(2826,'Available','2025-04-02 14:38:53.376841',238,76),(2827,'Available','2025-04-02 14:38:53.376841',252,76),(2828,'Available','2025-04-02 14:38:53.376841',266,76),(2829,'Available','2025-04-02 14:38:53.376841',28,76),(2830,'Available','2025-04-02 14:38:53.376841',280,76),(2831,'Available','2025-04-02 14:38:53.376841',294,76),(2832,'Available','2025-04-02 14:38:53.376841',308,76),(2833,'Available','2025-04-02 14:38:53.376841',322,76),(2834,'Available','2025-04-02 14:38:53.376841',336,76),(2835,'Available','2025-04-02 14:38:53.376841',350,76),(2836,'Available','2025-04-02 14:38:53.376841',364,76),(2837,'Available','2025-04-02 14:38:53.376841',378,76),(2838,'Available','2025-04-02 14:38:53.376841',392,76),(2839,'Available','2025-04-02 14:38:53.376841',406,76),(2840,'Available','2025-04-02 14:38:53.376841',42,76),(2841,'Available','2025-04-02 14:38:53.376841',418,76),(2842,'Available','2025-04-02 14:38:53.376841',430,76),(2843,'Available','2025-04-02 14:38:53.376841',442,76),(2844,'Available','2025-04-02 14:38:53.376841',449,76),(2845,'Available','2025-04-02 14:38:53.376841',456,76),(2846,'Available','2025-04-02 14:38:53.376841',463,76),(2847,'Available','2025-04-02 14:38:53.376841',470,76),(2848,'Available','2025-04-02 14:38:53.376841',477,76),(2849,'Available','2025-04-02 14:38:53.376841',484,76),(2850,'Available','2025-04-02 14:38:53.376841',491,76),(2851,'Available','2025-04-02 14:38:53.376841',56,76),(2852,'Available','2025-04-02 14:38:53.376841',498,76),(2853,'Available','2025-04-02 14:38:53.376841',505,76),(2854,'Available','2025-04-02 14:38:53.376841',512,76),(2855,'Available','2025-04-02 14:38:53.376841',519,76),(2856,'Available','2025-04-02 14:38:53.376841',526,76),(2857,'Available','2025-04-02 14:38:53.376841',70,76),(2858,'Available','2025-04-02 14:38:53.376841',84,76),(2859,'Available','2025-04-02 14:38:53.376841',98,76),(2860,'Available','2025-04-02 14:38:53.376841',112,76),(2861,'Available','2025-04-02 14:38:53.376841',126,76),(2862,'Available','2025-04-02 14:38:53.384039',14,77),(2863,'Available','2025-04-02 14:38:53.384039',140,77),(2864,'Available','2025-04-02 14:38:53.384039',154,77),(2865,'Available','2025-04-02 14:38:53.384039',168,77),(2866,'Available','2025-04-02 14:38:53.384039',182,77),(2867,'Available','2025-04-02 14:38:53.384039',196,77),(2868,'Available','2025-04-02 14:38:53.384039',210,77),(2869,'Available','2025-04-02 14:38:53.384039',224,77),(2870,'Available','2025-04-02 14:38:53.384039',238,77),(2871,'Available','2025-04-02 14:38:53.384039',252,77),(2872,'Available','2025-04-02 14:38:53.384039',266,77),(2873,'Available','2025-04-02 14:38:53.384039',28,77),(2874,'Available','2025-04-02 14:38:53.384039',280,77),(2875,'Available','2025-04-02 14:38:53.384039',294,77),(2876,'Available','2025-04-02 14:38:53.384039',308,77),(2877,'Available','2025-04-02 14:38:53.384039',322,77),(2878,'Available','2025-04-02 14:38:53.384039',336,77),(2879,'Available','2025-04-02 14:38:53.384039',350,77),(2880,'Available','2025-04-02 14:38:53.384039',364,77),(2881,'Available','2025-04-02 14:38:53.384039',378,77),(2882,'Available','2025-04-02 14:38:53.384039',392,77),(2883,'Available','2025-04-02 14:38:53.384039',406,77),(2884,'Available','2025-04-02 14:38:53.384039',42,77),(2885,'Available','2025-04-02 14:38:53.384039',418,77),(2886,'Available','2025-04-02 14:38:53.384039',430,77),(2887,'Available','2025-04-02 14:38:53.384039',442,77),(2888,'Available','2025-04-02 14:38:53.384039',449,77),(2889,'Available','2025-04-02 14:38:53.384039',456,77),(2890,'Available','2025-04-02 14:38:53.384039',463,77),(2891,'Available','2025-04-02 14:38:53.384039',470,77),(2892,'Available','2025-04-02 14:38:53.384039',477,77),(2893,'Available','2025-04-02 14:38:53.384039',484,77),(2894,'Available','2025-04-02 14:38:53.384039',491,77),(2895,'Available','2025-04-02 14:38:53.384039',56,77),(2896,'Available','2025-04-02 14:38:53.384039',498,77),(2897,'Available','2025-04-02 14:38:53.384039',505,77),(2898,'Available','2025-04-02 14:38:53.384039',512,77),(2899,'Available','2025-04-02 14:38:53.384039',519,77),(2900,'Available','2025-04-02 14:38:53.384039',526,77),(2901,'Available','2025-04-02 14:38:53.384039',70,77),(2902,'Available','2025-04-02 14:38:53.384039',84,77),(2903,'Available','2025-04-02 14:38:53.384039',98,77),(2904,'Available','2025-04-02 14:38:53.384039',112,77),(2905,'Available','2025-04-02 14:38:53.384039',126,77),(2906,'Available','2025-04-02 14:38:53.389946',14,78),(2907,'Available','2025-04-02 14:38:53.389946',140,78),(2908,'Available','2025-04-02 14:38:53.389946',154,78),(2909,'Available','2025-04-02 14:38:53.389946',168,78),(2910,'Available','2025-04-02 14:38:53.389946',182,78),(2911,'Available','2025-04-02 14:38:53.389946',196,78),(2912,'Available','2025-04-02 14:38:53.389946',210,78),(2913,'Available','2025-04-02 14:38:53.389946',224,78),(2914,'Available','2025-04-02 14:38:53.389946',238,78),(2915,'Available','2025-04-02 14:38:53.389946',252,78),(2916,'Available','2025-04-02 14:38:53.389946',266,78),(2917,'Available','2025-04-02 14:38:53.389946',28,78),(2918,'Available','2025-04-02 14:38:53.389946',280,78),(2919,'Available','2025-04-02 14:38:53.389946',294,78),(2920,'Available','2025-04-02 14:38:53.389946',308,78),(2921,'Available','2025-04-02 14:38:53.389946',322,78),(2922,'Available','2025-04-02 14:38:53.389946',336,78),(2923,'Available','2025-04-02 14:38:53.389946',350,78),(2924,'Available','2025-04-02 14:38:53.389946',364,78),(2925,'Available','2025-04-02 14:38:53.390901',378,78),(2926,'Available','2025-04-02 14:38:53.390901',392,78),(2927,'Available','2025-04-02 14:38:53.390901',406,78),(2928,'Available','2025-04-02 14:38:53.390901',42,78),(2929,'Available','2025-04-02 14:38:53.390901',418,78),(2930,'Available','2025-04-02 14:38:53.390901',430,78),(2931,'Available','2025-04-02 14:38:53.390901',442,78),(2932,'Available','2025-04-02 14:38:53.390901',449,78),(2933,'Available','2025-04-02 14:38:53.390901',456,78),(2934,'Available','2025-04-02 14:38:53.390901',463,78),(2935,'Available','2025-04-02 14:38:53.390901',470,78),(2936,'Available','2025-04-02 14:38:53.390901',477,78),(2937,'Available','2025-04-02 14:38:53.390901',484,78),(2938,'Available','2025-04-02 14:38:53.390901',491,78),(2939,'Available','2025-04-02 14:38:53.390901',56,78),(2940,'Available','2025-04-02 14:38:53.390901',498,78),(2941,'Available','2025-04-02 14:38:53.390901',505,78),(2942,'Available','2025-04-02 14:38:53.390901',512,78),(2943,'Available','2025-04-02 14:38:53.390901',519,78),(2944,'Available','2025-04-02 14:38:53.390901',526,78),(2945,'Available','2025-04-02 14:38:53.390901',70,78),(2946,'Available','2025-04-02 14:38:53.390901',84,78),(2947,'Available','2025-04-02 14:38:53.390901',98,78),(2948,'Available','2025-04-02 14:38:53.390901',112,78),(2949,'Available','2025-04-02 14:38:53.390901',126,78),(2950,'Available','2025-04-02 14:38:53.395897',14,79),(2951,'Available','2025-04-02 14:38:53.395897',140,79),(2952,'Available','2025-04-02 14:38:53.395897',154,79),(2953,'Available','2025-04-02 14:38:53.395897',168,79),(2954,'Available','2025-04-02 14:38:53.395897',182,79),(2955,'Available','2025-04-02 14:38:53.395897',196,79),(2956,'Available','2025-04-02 14:38:53.395897',210,79),(2957,'Available','2025-04-02 14:38:53.395897',224,79),(2958,'Available','2025-04-02 14:38:53.395897',238,79),(2959,'Available','2025-04-02 14:38:53.395897',252,79),(2960,'Available','2025-04-02 14:38:53.395897',266,79),(2961,'Available','2025-04-02 14:38:53.395897',28,79),(2962,'Available','2025-04-02 14:38:53.395897',280,79),(2963,'Available','2025-04-02 14:38:53.395897',294,79),(2964,'Available','2025-04-02 14:38:53.395897',308,79),(2965,'Available','2025-04-02 14:38:53.395897',322,79),(2966,'Available','2025-04-02 14:38:53.395897',336,79),(2967,'Available','2025-04-02 14:38:53.395897',350,79),(2968,'Available','2025-04-02 14:38:53.395897',364,79),(2969,'Available','2025-04-02 14:38:53.395897',378,79),(2970,'Available','2025-04-02 14:38:53.395897',392,79),(2971,'Available','2025-04-02 14:38:53.395897',406,79),(2972,'Available','2025-04-02 14:38:53.395897',42,79),(2973,'Available','2025-04-02 14:38:53.396897',418,79),(2974,'Available','2025-04-02 14:38:53.396897',430,79),(2975,'Available','2025-04-02 14:38:53.396897',442,79),(2976,'Available','2025-04-02 14:38:53.396897',449,79),(2977,'Available','2025-04-02 14:38:53.396897',456,79),(2978,'Available','2025-04-02 14:38:53.396897',463,79),(2979,'Available','2025-04-02 14:38:53.396897',470,79),(2980,'Available','2025-04-02 14:38:53.396897',477,79),(2981,'Available','2025-04-02 14:38:53.396897',484,79),(2982,'Available','2025-04-02 14:38:53.396897',491,79),(2983,'Available','2025-04-02 14:38:53.396897',56,79),(2984,'Available','2025-04-02 14:38:53.396897',498,79),(2985,'Available','2025-04-02 14:38:53.396897',505,79),(2986,'Available','2025-04-02 14:38:53.396897',512,79),(2987,'Available','2025-04-02 14:38:53.396897',519,79),(2988,'Available','2025-04-02 14:38:53.396897',526,79),(2989,'Available','2025-04-02 14:38:53.396897',70,79),(2990,'Available','2025-04-02 14:38:53.396897',84,79),(2991,'Available','2025-04-02 14:38:53.396897',98,79),(2992,'Available','2025-04-02 14:38:53.396897',112,79),(2993,'Available','2025-04-02 14:38:53.396897',126,79),(2994,'Available','2025-04-02 14:38:53.419873',14,80),(2995,'Available','2025-04-02 14:38:53.419873',140,80),(2996,'Available','2025-04-02 14:38:53.419873',154,80),(2997,'Available','2025-04-02 14:38:53.419873',168,80),(2998,'Available','2025-04-02 14:38:53.419873',182,80),(2999,'Available','2025-04-02 14:38:53.419873',196,80),(3000,'Available','2025-04-02 14:38:53.419873',210,80),(3001,'Available','2025-04-02 14:38:53.419873',224,80),(3002,'Available','2025-04-02 14:38:53.419873',238,80),(3003,'Available','2025-04-02 14:38:53.419873',252,80),(3004,'Available','2025-04-02 14:38:53.419873',266,80),(3005,'Available','2025-04-02 14:38:53.419873',28,80),(3006,'Available','2025-04-02 14:38:53.419873',280,80),(3007,'Available','2025-04-02 14:38:53.419873',294,80),(3008,'Available','2025-04-02 14:38:53.419873',308,80),(3009,'Available','2025-04-02 14:38:53.419873',322,80),(3010,'Available','2025-04-02 14:38:53.419873',336,80),(3011,'Available','2025-04-02 14:38:53.419873',350,80),(3012,'Available','2025-04-02 14:38:53.419873',364,80),(3013,'Available','2025-04-02 14:38:53.419873',378,80),(3014,'Available','2025-04-02 14:38:53.419873',392,80),(3015,'Available','2025-04-02 14:38:53.419873',406,80),(3016,'Available','2025-04-02 14:38:53.419873',42,80),(3017,'Available','2025-04-02 14:38:53.419873',418,80),(3018,'Available','2025-04-02 14:38:53.419873',430,80),(3019,'Available','2025-04-02 14:38:53.419873',442,80),(3020,'Available','2025-04-02 14:38:53.419873',449,80),(3021,'Available','2025-04-02 14:38:53.419873',456,80),(3022,'Available','2025-04-02 14:38:53.419873',463,80),(3023,'Available','2025-04-02 14:38:53.420387',470,80),(3024,'Available','2025-04-02 14:38:53.420387',477,80),(3025,'Available','2025-04-02 14:38:53.420387',484,80),(3026,'Available','2025-04-02 14:38:53.420387',491,80),(3027,'Available','2025-04-02 14:38:53.420387',56,80),(3028,'Available','2025-04-02 14:38:53.420387',498,80),(3029,'Available','2025-04-02 14:38:53.420387',505,80),(3030,'Available','2025-04-02 14:38:53.420387',512,80),(3031,'Available','2025-04-02 14:38:53.420387',519,80),(3032,'Available','2025-04-02 14:38:53.420387',526,80),(3033,'Available','2025-04-02 14:38:53.420387',70,80),(3034,'Available','2025-04-02 14:38:53.420387',84,80),(3035,'Available','2025-04-02 14:38:53.420387',98,80),(3036,'Available','2025-04-02 14:38:53.420387',112,80),(3037,'Available','2025-04-02 14:38:53.420387',126,80),(3038,'Available','2025-04-02 14:38:53.430475',12,81),(3039,'Available','2025-04-02 14:38:53.430475',138,81),(3040,'Available','2025-04-02 14:38:53.430475',152,81),(3041,'Available','2025-04-02 14:38:53.430475',166,81),(3042,'Available','2025-04-02 14:38:53.430475',180,81),(3043,'Available','2025-04-02 14:38:53.430475',194,81),(3044,'Available','2025-04-02 14:38:53.430475',208,81),(3045,'Available','2025-04-02 14:38:53.430475',222,81),(3046,'Available','2025-04-02 14:38:53.430475',236,81),(3047,'Available','2025-04-02 14:38:53.430475',250,81),(3048,'Available','2025-04-02 14:38:53.430475',264,81),(3049,'Available','2025-04-02 14:38:53.430475',26,81),(3050,'Available','2025-04-02 14:38:53.430475',278,81),(3051,'Available','2025-04-02 14:38:53.430475',292,81),(3052,'Available','2025-04-02 14:38:53.430475',306,81),(3053,'Available','2025-04-02 14:38:53.430475',320,81),(3054,'Available','2025-04-02 14:38:53.430475',334,81),(3055,'Available','2025-04-02 14:38:53.430475',348,81),(3056,'Available','2025-04-02 14:38:53.430475',362,81),(3057,'Available','2025-04-02 14:38:53.430475',376,81),(3058,'Available','2025-04-02 14:38:53.430475',390,81),(3059,'Available','2025-04-02 14:38:53.430475',404,81),(3060,'Available','2025-04-02 14:38:53.430475',40,81),(3061,'Available','2025-04-02 14:38:53.430475',416,81),(3062,'Available','2025-04-02 14:38:53.430475',428,81),(3063,'Available','2025-04-02 14:38:53.430475',440,81),(3064,'Available','2025-04-02 14:38:53.430475',54,81),(3065,'Available','2025-04-02 14:38:53.430475',68,81),(3066,'Available','2025-04-02 14:38:53.430475',82,81),(3067,'Available','2025-04-02 14:38:53.430475',96,81),(3068,'Available','2025-04-02 14:38:53.430475',110,81),(3069,'Available','2025-04-02 14:38:53.430475',124,81),(3070,'Available','2025-04-02 14:38:53.439047',12,82),(3071,'Available','2025-04-02 14:38:53.439047',138,82),(3072,'Available','2025-04-02 14:38:53.439047',152,82),(3073,'Available','2025-04-02 14:38:53.439047',166,82),(3074,'Available','2025-04-02 14:38:53.439047',180,82),(3075,'Available','2025-04-02 14:38:53.439047',194,82),(3076,'Available','2025-04-02 14:38:53.439047',208,82),(3077,'Available','2025-04-02 14:38:53.439047',222,82),(3078,'Available','2025-04-02 14:38:53.439047',236,82),(3079,'Available','2025-04-02 14:38:53.439047',250,82),(3080,'Available','2025-04-02 14:38:53.439047',264,82),(3081,'Available','2025-04-02 14:38:53.439047',26,82),(3082,'Available','2025-04-02 14:38:53.439047',278,82),(3083,'Available','2025-04-02 14:38:53.439047',292,82),(3084,'Available','2025-04-02 14:38:53.439047',306,82),(3085,'Available','2025-04-02 14:38:53.439047',320,82),(3086,'Available','2025-04-02 14:38:53.439047',334,82),(3087,'Available','2025-04-02 14:38:53.439047',348,82),(3088,'Available','2025-04-02 14:38:53.439047',362,82),(3089,'Available','2025-04-02 14:38:53.439047',376,82),(3090,'Available','2025-04-02 14:38:53.439047',390,82),(3091,'Available','2025-04-02 14:38:53.439047',404,82),(3092,'Available','2025-04-02 14:38:53.439047',40,82),(3093,'Available','2025-04-02 14:38:53.439047',416,82),(3094,'Available','2025-04-02 14:38:53.439047',428,82),(3095,'Available','2025-04-02 14:38:53.439047',440,82),(3096,'Available','2025-04-02 14:38:53.439047',54,82),(3097,'Available','2025-04-02 14:38:53.439047',68,82),(3098,'Available','2025-04-02 14:38:53.439047',82,82),(3099,'Available','2025-04-02 14:38:53.439047',96,82),(3100,'Available','2025-04-02 14:38:53.439047',110,82),(3101,'Available','2025-04-02 14:38:53.439047',124,82),(3102,'Available','2025-04-02 14:38:53.446369',12,83),(3103,'Available','2025-04-02 14:38:53.446369',138,83),(3104,'Available','2025-04-02 14:38:53.446369',152,83),(3105,'Available','2025-04-02 14:38:53.446369',166,83),(3106,'Available','2025-04-02 14:38:53.446369',180,83),(3107,'Available','2025-04-02 14:38:53.446369',194,83),(3108,'Available','2025-04-02 14:38:53.446369',208,83),(3109,'Available','2025-04-02 14:38:53.446369',222,83),(3110,'Available','2025-04-02 14:38:53.446369',236,83),(3111,'Available','2025-04-02 14:38:53.446369',250,83),(3112,'Available','2025-04-02 14:38:53.446369',264,83),(3113,'Available','2025-04-02 14:38:53.446369',26,83),(3114,'Available','2025-04-02 14:38:53.446369',278,83),(3115,'Available','2025-04-02 14:38:53.446369',292,83),(3116,'Available','2025-04-02 14:38:53.446369',306,83),(3117,'Available','2025-04-02 14:38:53.446369',320,83),(3118,'Available','2025-04-02 14:38:53.446369',334,83),(3119,'Available','2025-04-02 14:38:53.446369',348,83),(3120,'Available','2025-04-02 14:38:53.446369',362,83),(3121,'Available','2025-04-02 14:38:53.446369',376,83),(3122,'Available','2025-04-02 14:38:53.446369',390,83),(3123,'Available','2025-04-02 14:38:53.446369',404,83),(3124,'Available','2025-04-02 14:38:53.446369',40,83),(3125,'Available','2025-04-02 14:38:53.446369',416,83),(3126,'Available','2025-04-02 14:38:53.446369',428,83),(3127,'Available','2025-04-02 14:38:53.446369',440,83),(3128,'Available','2025-04-02 14:38:53.446369',54,83),(3129,'Available','2025-04-02 14:38:53.446369',68,83),(3130,'Available','2025-04-02 14:38:53.446369',82,83),(3131,'Available','2025-04-02 14:38:53.446369',96,83),(3132,'Available','2025-04-02 14:38:53.446369',110,83),(3133,'Available','2025-04-02 14:38:53.446369',124,83),(3134,'Available','2025-04-02 14:38:53.455911',12,84),(3135,'Available','2025-04-02 14:38:53.455911',138,84),(3136,'Available','2025-04-02 14:38:53.455911',152,84),(3137,'Available','2025-04-02 14:38:53.455911',166,84),(3138,'Available','2025-04-02 14:38:53.455911',180,84),(3139,'Available','2025-04-02 14:38:53.455911',194,84),(3140,'Available','2025-04-02 14:38:53.455911',208,84),(3141,'Available','2025-04-02 14:38:53.455911',222,84),(3142,'Available','2025-04-02 14:38:53.455911',236,84),(3143,'Available','2025-04-02 14:38:53.455911',250,84),(3144,'Available','2025-04-02 14:38:53.455911',264,84),(3145,'Available','2025-04-02 14:38:53.455911',26,84),(3146,'Available','2025-04-02 14:38:53.455911',278,84),(3147,'Available','2025-04-02 14:38:53.455911',292,84),(3148,'Available','2025-04-02 14:38:53.455911',306,84),(3149,'Available','2025-04-02 14:38:53.455911',320,84),(3150,'Available','2025-04-02 14:38:53.455911',334,84),(3151,'Available','2025-04-02 14:38:53.455911',348,84),(3152,'Available','2025-04-02 14:38:53.455911',362,84),(3153,'Available','2025-04-02 14:38:53.455911',376,84),(3154,'Available','2025-04-02 14:38:53.455911',390,84),(3155,'Available','2025-04-02 14:38:53.455911',404,84),(3156,'Available','2025-04-02 14:38:53.455911',40,84),(3157,'Available','2025-04-02 14:38:53.455911',416,84),(3158,'Available','2025-04-02 14:38:53.455911',428,84),(3159,'Available','2025-04-02 14:38:53.455911',440,84),(3160,'Available','2025-04-02 14:38:53.455911',54,84),(3161,'Available','2025-04-02 14:38:53.455911',68,84),(3162,'Available','2025-04-02 14:38:53.455911',82,84),(3163,'Available','2025-04-02 14:38:53.455911',96,84),(3164,'Available','2025-04-02 14:38:53.455911',110,84),(3165,'Available','2025-04-02 14:38:53.455911',124,84),(3166,'Available','2025-04-02 14:38:53.463414',12,85),(3167,'Available','2025-04-02 14:38:53.463414',138,85),(3168,'Available','2025-04-02 14:38:53.463414',152,85),(3169,'Available','2025-04-02 14:38:53.463414',166,85),(3170,'Available','2025-04-02 14:38:53.463414',180,85),(3171,'Available','2025-04-02 14:38:53.463414',194,85),(3172,'Available','2025-04-02 14:38:53.463414',208,85),(3173,'Available','2025-04-02 14:38:53.463414',222,85),(3174,'Available','2025-04-02 14:38:53.463414',236,85),(3175,'Available','2025-04-02 14:38:53.463414',250,85),(3176,'Available','2025-04-02 14:38:53.463414',264,85),(3177,'Available','2025-04-02 14:38:53.463414',26,85),(3178,'Available','2025-04-02 14:38:53.463414',278,85),(3179,'Available','2025-04-02 14:38:53.463414',292,85),(3180,'Available','2025-04-02 14:38:53.463414',306,85),(3181,'Available','2025-04-02 14:38:53.463414',320,85),(3182,'Available','2025-04-02 14:38:53.463414',334,85),(3183,'Available','2025-04-02 14:38:53.463414',348,85),(3184,'Available','2025-04-02 14:38:53.463414',362,85),(3185,'Available','2025-04-02 14:38:53.463414',376,85),(3186,'Available','2025-04-02 14:38:53.463414',390,85),(3187,'Available','2025-04-02 14:38:53.463414',404,85),(3188,'Available','2025-04-02 14:38:53.463414',40,85),(3189,'Available','2025-04-02 14:38:53.463414',416,85),(3190,'Available','2025-04-02 14:38:53.463414',428,85),(3191,'Available','2025-04-02 14:38:53.463414',440,85),(3192,'Available','2025-04-02 14:38:53.463414',54,85),(3193,'Available','2025-04-02 14:38:53.463414',68,85),(3194,'Available','2025-04-02 14:38:53.463414',82,85),(3195,'Available','2025-04-02 14:38:53.463414',96,85),(3196,'Available','2025-04-02 14:38:53.463414',110,85),(3197,'Available','2025-04-02 14:38:53.463414',124,85),(3198,'Available','2025-04-02 14:38:53.470953',12,86),(3199,'Available','2025-04-02 14:38:53.470953',138,86),(3200,'Available','2025-04-02 14:38:53.470953',152,86),(3201,'Available','2025-04-02 14:38:53.470953',166,86),(3202,'Available','2025-04-02 14:38:53.470953',180,86),(3203,'Available','2025-04-02 14:38:53.470953',194,86),(3204,'Available','2025-04-02 14:38:53.470953',208,86),(3205,'Available','2025-04-02 14:38:53.470953',222,86),(3206,'Available','2025-04-02 14:38:53.470953',236,86),(3207,'Available','2025-04-02 14:38:53.470953',250,86),(3208,'Available','2025-04-02 14:38:53.470953',264,86),(3209,'Available','2025-04-02 14:38:53.470953',26,86),(3210,'Available','2025-04-02 14:38:53.470953',278,86),(3211,'Available','2025-04-02 14:38:53.470953',292,86),(3212,'Available','2025-04-02 14:38:53.470953',306,86),(3213,'Available','2025-04-02 14:38:53.470953',320,86),(3214,'Available','2025-04-02 14:38:53.470953',334,86),(3215,'Available','2025-04-02 14:38:53.470953',348,86),(3216,'Available','2025-04-02 14:38:53.470953',362,86),(3217,'Available','2025-04-02 14:38:53.470953',376,86),(3218,'Available','2025-04-02 14:38:53.470953',390,86),(3219,'Available','2025-04-02 14:38:53.470953',404,86),(3220,'Available','2025-04-02 14:38:53.470953',40,86),(3221,'Available','2025-04-02 14:38:53.470953',416,86),(3222,'Available','2025-04-02 14:38:53.470953',428,86),(3223,'Available','2025-04-02 14:38:53.470953',440,86),(3224,'Available','2025-04-02 14:38:53.470953',54,86),(3225,'Available','2025-04-02 14:38:53.470953',68,86),(3226,'Available','2025-04-02 14:38:53.470953',82,86),(3227,'Available','2025-04-02 14:38:53.470953',96,86),(3228,'Available','2025-04-02 14:38:53.470953',110,86),(3229,'Available','2025-04-02 14:38:53.470953',124,86),(3230,'Available','2025-04-02 14:38:53.475925',12,87),(3231,'Available','2025-04-02 14:38:53.475925',138,87),(3232,'Available','2025-04-02 14:38:53.475925',152,87),(3233,'Available','2025-04-02 14:38:53.475925',166,87),(3234,'Available','2025-04-02 14:38:53.475925',180,87),(3235,'Available','2025-04-02 14:38:53.475925',194,87),(3236,'Available','2025-04-02 14:38:53.475925',208,87),(3237,'Available','2025-04-02 14:38:53.475925',222,87),(3238,'Available','2025-04-02 14:38:53.475925',236,87),(3239,'Available','2025-04-02 14:38:53.475925',250,87),(3240,'Available','2025-04-02 14:38:53.475925',264,87),(3241,'Available','2025-04-02 14:38:53.475925',26,87),(3242,'Available','2025-04-02 14:38:53.475925',278,87),(3243,'Available','2025-04-02 14:38:53.475925',292,87),(3244,'Available','2025-04-02 14:38:53.475925',306,87),(3245,'Available','2025-04-02 14:38:53.475925',320,87),(3246,'Available','2025-04-02 14:38:53.475925',334,87),(3247,'Available','2025-04-02 14:38:53.475925',348,87),(3248,'Available','2025-04-02 14:38:53.475925',362,87),(3249,'Available','2025-04-02 14:38:53.475925',376,87),(3250,'Available','2025-04-02 14:38:53.475925',390,87),(3251,'Available','2025-04-02 14:38:53.475925',404,87),(3252,'Available','2025-04-02 14:38:53.475925',40,87),(3253,'Available','2025-04-02 14:38:53.475925',416,87),(3254,'Available','2025-04-02 14:38:53.475925',428,87),(3255,'Available','2025-04-02 14:38:53.475925',440,87),(3256,'Available','2025-04-02 14:38:53.475925',54,87),(3257,'Available','2025-04-02 14:38:53.475925',68,87),(3258,'Available','2025-04-02 14:38:53.475925',82,87),(3259,'Available','2025-04-02 14:38:53.475925',96,87),(3260,'Available','2025-04-02 14:38:53.475925',110,87),(3261,'Available','2025-04-02 14:38:53.475925',124,87),(3262,'Available','2025-04-02 14:38:53.484230',8,88),(3263,'Available','2025-04-02 14:38:53.485225',134,88),(3264,'Available','2025-04-02 14:38:53.485225',148,88),(3265,'Available','2025-04-02 14:38:53.485225',162,88),(3266,'Available','2025-04-02 14:38:53.485225',176,88),(3267,'Available','2025-04-02 14:38:53.485225',190,88),(3268,'Available','2025-04-02 14:38:53.485225',204,88),(3269,'Available','2025-04-02 14:38:53.485225',218,88),(3270,'Available','2025-04-02 14:38:53.485225',232,88),(3271,'Available','2025-04-02 14:38:53.485225',246,88),(3272,'Available','2025-04-02 14:38:53.485225',260,88),(3273,'Available','2025-04-02 14:38:53.485225',22,88),(3274,'Available','2025-04-02 14:38:53.485225',274,88),(3275,'Available','2025-04-02 14:38:53.485225',288,88),(3276,'Available','2025-04-02 14:38:53.485225',302,88),(3277,'Available','2025-04-02 14:38:53.485225',316,88),(3278,'Available','2025-04-02 14:38:53.485225',330,88),(3279,'Available','2025-04-02 14:38:53.485225',344,88),(3280,'Available','2025-04-02 14:38:53.485225',358,88),(3281,'Available','2025-04-02 14:38:53.485225',372,88),(3282,'Available','2025-04-02 14:38:53.485225',386,88),(3283,'Available','2025-04-02 14:38:53.485225',400,88),(3284,'Available','2025-04-02 14:38:53.485225',36,88),(3285,'Available','2025-04-02 14:38:53.485225',413,88),(3286,'Available','2025-04-02 14:38:53.485225',425,88),(3287,'Available','2025-04-02 14:38:53.485225',437,88),(3288,'Available','2025-04-02 14:38:53.485225',50,88),(3289,'Available','2025-04-02 14:38:53.485225',64,88),(3290,'Available','2025-04-02 14:38:53.485225',78,88),(3291,'Available','2025-04-02 14:38:53.485225',92,88),(3292,'Available','2025-04-02 14:38:53.485225',106,88),(3293,'Available','2025-04-02 14:38:53.485225',120,88),(3294,'Available','2025-04-02 14:38:53.496410',8,89),(3295,'Available','2025-04-02 14:38:53.496410',134,89),(3296,'Available','2025-04-02 14:38:53.496410',148,89),(3297,'Available','2025-04-02 14:38:53.496410',162,89),(3298,'Available','2025-04-02 14:38:53.496410',176,89),(3299,'Available','2025-04-02 14:38:53.496410',190,89),(3300,'Available','2025-04-02 14:38:53.496410',204,89),(3301,'Available','2025-04-02 14:38:53.496410',218,89),(3302,'Available','2025-04-02 14:38:53.496410',232,89),(3303,'Available','2025-04-02 14:38:53.496410',246,89),(3304,'Available','2025-04-02 14:38:53.496410',260,89),(3305,'Available','2025-04-02 14:38:53.496410',22,89),(3306,'Available','2025-04-02 14:38:53.496410',274,89),(3307,'Available','2025-04-02 14:38:53.496410',288,89),(3308,'Available','2025-04-02 14:38:53.496410',302,89),(3309,'Available','2025-04-02 14:38:53.496410',316,89),(3310,'Available','2025-04-02 14:38:53.496410',330,89),(3311,'Available','2025-04-02 14:38:53.496410',344,89),(3312,'Available','2025-04-02 14:38:53.496410',358,89),(3313,'Available','2025-04-02 14:38:53.496410',372,89),(3314,'Available','2025-04-02 14:38:53.496410',386,89),(3315,'Available','2025-04-02 14:38:53.496410',400,89),(3316,'Available','2025-04-02 14:38:53.496410',36,89),(3317,'Available','2025-04-02 14:38:53.496410',413,89),(3318,'Available','2025-04-02 14:38:53.496410',425,89),(3319,'Available','2025-04-02 14:38:53.496410',437,89),(3320,'Available','2025-04-02 14:38:53.496410',50,89),(3321,'Available','2025-04-02 14:38:53.496410',64,89),(3322,'Available','2025-04-02 14:38:53.496410',78,89),(3323,'Available','2025-04-02 14:38:53.496410',92,89),(3324,'Available','2025-04-02 14:38:53.496410',106,89),(3325,'Available','2025-04-02 14:38:53.496410',120,89),(3326,'Available','2025-04-02 14:38:53.504926',8,90),(3327,'Available','2025-04-02 14:38:53.504926',134,90),(3328,'Available','2025-04-02 14:38:53.504926',148,90),(3329,'Available','2025-04-02 14:38:53.504926',162,90),(3330,'Available','2025-04-02 14:38:53.504926',176,90),(3331,'Available','2025-04-02 14:38:53.504926',190,90),(3332,'Available','2025-04-02 14:38:53.504926',204,90),(3333,'Available','2025-04-02 14:38:53.504926',218,90),(3334,'Available','2025-04-02 14:38:53.504926',232,90),(3335,'Available','2025-04-02 14:38:53.504926',246,90),(3336,'Available','2025-04-02 14:38:53.504926',260,90),(3337,'Available','2025-04-02 14:38:53.504926',22,90),(3338,'Available','2025-04-02 14:38:53.504926',274,90),(3339,'Available','2025-04-02 14:38:53.504926',288,90),(3340,'Available','2025-04-02 14:38:53.504926',302,90),(3341,'Available','2025-04-02 14:38:53.504926',316,90),(3342,'Available','2025-04-02 14:38:53.504926',330,90),(3343,'Available','2025-04-02 14:38:53.504926',344,90),(3344,'Available','2025-04-02 14:38:53.504926',358,90),(3345,'Available','2025-04-02 14:38:53.504926',372,90),(3346,'Available','2025-04-02 14:38:53.504926',386,90),(3347,'Available','2025-04-02 14:38:53.504926',400,90),(3348,'Available','2025-04-02 14:38:53.504926',36,90),(3349,'Available','2025-04-02 14:38:53.504926',413,90),(3350,'Available','2025-04-02 14:38:53.504926',425,90),(3351,'Available','2025-04-02 14:38:53.504926',437,90),(3352,'Available','2025-04-02 14:38:53.504926',50,90),(3353,'Available','2025-04-02 14:38:53.504926',64,90),(3354,'Available','2025-04-02 14:38:53.504926',78,90),(3355,'Available','2025-04-02 14:38:53.504926',92,90),(3356,'Available','2025-04-02 14:38:53.504926',106,90),(3357,'Available','2025-04-02 14:38:53.504926',120,90),(3358,'Available','2025-04-02 14:38:53.512993',8,91),(3359,'Available','2025-04-02 14:38:53.512993',134,91),(3360,'Available','2025-04-02 14:38:53.512993',148,91),(3361,'Available','2025-04-02 14:38:53.512993',162,91),(3362,'Available','2025-04-02 14:38:53.512993',176,91),(3363,'Available','2025-04-02 14:38:53.512993',190,91),(3364,'Available','2025-04-02 14:38:53.512993',204,91),(3365,'Available','2025-04-02 14:38:53.512993',218,91),(3366,'Available','2025-04-02 14:38:53.512993',232,91),(3367,'Available','2025-04-02 14:38:53.512993',246,91),(3368,'Available','2025-04-02 14:38:53.512993',260,91),(3369,'Available','2025-04-02 14:38:53.512993',22,91),(3370,'Available','2025-04-02 14:38:53.512993',274,91),(3371,'Available','2025-04-02 14:38:53.512993',288,91),(3372,'Available','2025-04-02 14:38:53.512993',302,91),(3373,'Available','2025-04-02 14:38:53.512993',316,91),(3374,'Available','2025-04-02 14:38:53.512993',330,91),(3375,'Available','2025-04-02 14:38:53.512993',344,91),(3376,'Available','2025-04-02 14:38:53.512993',358,91),(3377,'Available','2025-04-02 14:38:53.512993',372,91),(3378,'Available','2025-04-02 14:38:53.512993',386,91),(3379,'Available','2025-04-02 14:38:53.512993',400,91),(3380,'Available','2025-04-02 14:38:53.512993',36,91),(3381,'Available','2025-04-02 14:38:53.512993',413,91),(3382,'Available','2025-04-02 14:38:53.512993',425,91),(3383,'Available','2025-04-02 14:38:53.513994',437,91),(3384,'Available','2025-04-02 14:38:53.513994',50,91),(3385,'Available','2025-04-02 14:38:53.513994',64,91),(3386,'Available','2025-04-02 14:38:53.513994',78,91),(3387,'Available','2025-04-02 14:38:53.513994',92,91),(3388,'Available','2025-04-02 14:38:53.513994',106,91),(3389,'Available','2025-04-02 14:38:53.513994',120,91),(3390,'Available','2025-04-02 14:38:53.525205',8,92),(3391,'Available','2025-04-02 14:38:53.525205',134,92),(3392,'Available','2025-04-02 14:38:53.525205',148,92),(3393,'Available','2025-04-02 14:38:53.525205',162,92),(3394,'Available','2025-04-02 14:38:53.525205',176,92),(3395,'Available','2025-04-02 14:38:53.525205',190,92),(3396,'Available','2025-04-02 14:38:53.525205',204,92),(3397,'Available','2025-04-02 14:38:53.525205',218,92),(3398,'Available','2025-04-02 14:38:53.525205',232,92),(3399,'Available','2025-04-02 14:38:53.525205',246,92),(3400,'Available','2025-04-02 14:38:53.525205',260,92),(3401,'Available','2025-04-02 14:38:53.525205',22,92),(3402,'Available','2025-04-02 14:38:53.525205',274,92),(3403,'Available','2025-04-02 14:38:53.525205',288,92),(3404,'Available','2025-04-02 14:38:53.525205',302,92),(3405,'Available','2025-04-02 14:38:53.525205',316,92),(3406,'Available','2025-04-02 14:38:53.525205',330,92),(3407,'Available','2025-04-02 14:38:53.525205',344,92),(3408,'Available','2025-04-02 14:38:53.525205',358,92),(3409,'Available','2025-04-02 14:38:53.525205',372,92),(3410,'Available','2025-04-02 14:38:53.525205',386,92),(3411,'Available','2025-04-02 14:38:53.525205',400,92),(3412,'Available','2025-04-02 14:38:53.525205',36,92),(3413,'Available','2025-04-02 14:38:53.525205',413,92),(3414,'Available','2025-04-02 14:38:53.525205',425,92),(3415,'Available','2025-04-02 14:38:53.525205',437,92),(3416,'Available','2025-04-02 14:38:53.525205',50,92),(3417,'Available','2025-04-02 14:38:53.525205',64,92),(3418,'Available','2025-04-02 14:38:53.525205',78,92),(3419,'Available','2025-04-02 14:38:53.525205',92,92),(3420,'Available','2025-04-02 14:38:53.525205',106,92),(3421,'Available','2025-04-02 14:38:53.525205',120,92),(3422,'Available','2025-04-02 14:38:53.531215',8,93),(3423,'Available','2025-04-02 14:38:53.531215',134,93),(3424,'Available','2025-04-02 14:38:53.531215',148,93),(3425,'Available','2025-04-02 14:38:53.531215',162,93),(3426,'Available','2025-04-02 14:38:53.531215',176,93),(3427,'Available','2025-04-02 14:38:53.531215',190,93),(3428,'Available','2025-04-02 14:38:53.531215',204,93),(3429,'Available','2025-04-02 14:38:53.531215',218,93),(3430,'Available','2025-04-02 14:38:53.531215',232,93),(3431,'Available','2025-04-02 14:38:53.531215',246,93),(3432,'Available','2025-04-02 14:38:53.531215',260,93),(3433,'Available','2025-04-02 14:38:53.531215',22,93),(3434,'Available','2025-04-02 14:38:53.531215',274,93),(3435,'Available','2025-04-02 14:38:53.531215',288,93),(3436,'Available','2025-04-02 14:38:53.531215',302,93),(3437,'Available','2025-04-02 14:38:53.531215',316,93),(3438,'Available','2025-04-02 14:38:53.531215',330,93),(3439,'Available','2025-04-02 14:38:53.531215',344,93),(3440,'Available','2025-04-02 14:38:53.531215',358,93),(3441,'Available','2025-04-02 14:38:53.531215',372,93),(3442,'Available','2025-04-02 14:38:53.531215',386,93),(3443,'Available','2025-04-02 14:38:53.531215',400,93),(3444,'Available','2025-04-02 14:38:53.531215',36,93),(3445,'Available','2025-04-02 14:38:53.531215',413,93),(3446,'Available','2025-04-02 14:38:53.531215',425,93),(3447,'Available','2025-04-02 14:38:53.531215',437,93),(3448,'Available','2025-04-02 14:38:53.531215',50,93),(3449,'Available','2025-04-02 14:38:53.531215',64,93),(3450,'Available','2025-04-02 14:38:53.531215',78,93),(3451,'Available','2025-04-02 14:38:53.531215',92,93),(3452,'Available','2025-04-02 14:38:53.531215',106,93),(3453,'Available','2025-04-02 14:38:53.531215',120,93),(3454,'Available','2025-04-02 14:38:53.540225',8,94),(3455,'Available','2025-04-02 14:38:53.540225',134,94),(3456,'Available','2025-04-02 14:38:53.540225',148,94),(3457,'Available','2025-04-02 14:38:53.540225',162,94),(3458,'Available','2025-04-02 14:38:53.540225',176,94),(3459,'Available','2025-04-02 14:38:53.540225',190,94),(3460,'Available','2025-04-02 14:38:53.540225',204,94),(3461,'Available','2025-04-02 14:38:53.540225',218,94),(3462,'Available','2025-04-02 14:38:53.540225',232,94),(3463,'Available','2025-04-02 14:38:53.540225',246,94),(3464,'Available','2025-04-02 14:38:53.540225',260,94),(3465,'Available','2025-04-02 14:38:53.540225',22,94),(3466,'Available','2025-04-02 14:38:53.540225',274,94),(3467,'Available','2025-04-02 14:38:53.540225',288,94),(3468,'Available','2025-04-02 14:38:53.540225',302,94),(3469,'Available','2025-04-02 14:38:53.540225',316,94),(3470,'Available','2025-04-02 14:38:53.540225',330,94),(3471,'Available','2025-04-02 14:38:53.540225',344,94),(3472,'Available','2025-04-02 14:38:53.540225',358,94),(3473,'Available','2025-04-02 14:38:53.540225',372,94),(3474,'Available','2025-04-02 14:38:53.540225',386,94),(3475,'Available','2025-04-02 14:38:53.540225',400,94),(3476,'Available','2025-04-02 14:38:53.540225',36,94),(3477,'Available','2025-04-02 14:38:53.540225',413,94),(3478,'Available','2025-04-02 14:38:53.540225',425,94),(3479,'Available','2025-04-02 14:38:53.540225',437,94),(3480,'Available','2025-04-02 14:38:53.540225',50,94),(3481,'Available','2025-04-02 14:38:53.540225',64,94),(3482,'Available','2025-04-02 14:38:53.540225',78,94),(3483,'Available','2025-04-02 14:38:53.540225',92,94),(3484,'Available','2025-04-02 14:38:53.540225',106,94),(3485,'Available','2025-04-02 14:38:53.540225',120,94),(3486,'Available','2025-04-02 14:38:53.550336',5,95),(3487,'Available','2025-04-02 14:38:53.550336',131,95),(3488,'Available','2025-04-02 14:38:53.550336',145,95),(3489,'Available','2025-04-02 14:38:53.550336',159,95),(3490,'Available','2025-04-02 14:38:53.550336',173,95),(3491,'Available','2025-04-02 14:38:53.550336',187,95),(3492,'Available','2025-04-02 14:38:53.550336',201,95),(3493,'Available','2025-04-02 14:38:53.550336',215,95),(3494,'Available','2025-04-02 14:38:53.550336',229,95),(3495,'Available','2025-04-02 14:38:53.550336',243,95),(3496,'Available','2025-04-02 14:38:53.550336',257,95),(3497,'Available','2025-04-02 14:38:53.550336',19,95),(3498,'Available','2025-04-02 14:38:53.550336',271,95),(3499,'Available','2025-04-02 14:38:53.550336',285,95),(3500,'Available','2025-04-02 14:38:53.550336',299,95),(3501,'Available','2025-04-02 14:38:53.550336',313,95),(3502,'Available','2025-04-02 14:38:53.550336',327,95),(3503,'Available','2025-04-02 14:38:53.550336',341,95),(3504,'Available','2025-04-02 14:38:53.550336',355,95),(3505,'Available','2025-04-02 14:38:53.550336',369,95),(3506,'Available','2025-04-02 14:38:53.550336',383,95),(3507,'Available','2025-04-02 14:38:53.550336',397,95),(3508,'Available','2025-04-02 14:38:53.550336',33,95),(3509,'Available','2025-04-02 14:38:53.550336',47,95),(3510,'Available','2025-04-02 14:38:53.550336',61,95),(3511,'Available','2025-04-02 14:38:53.550336',75,95),(3512,'Available','2025-04-02 14:38:53.550336',89,95),(3513,'Available','2025-04-02 14:38:53.550336',103,95),(3514,'Available','2025-04-02 14:38:53.550336',117,95),(3515,'Available','2025-04-02 14:38:53.558302',5,96),(3516,'Available','2025-04-02 14:38:53.558302',131,96),(3517,'Available','2025-04-02 14:38:53.558302',145,96),(3518,'Available','2025-04-02 14:38:53.558302',159,96),(3519,'Available','2025-04-02 14:38:53.558302',173,96),(3520,'Available','2025-04-02 14:38:53.558302',187,96),(3521,'Available','2025-04-02 14:38:53.558302',201,96),(3522,'Available','2025-04-02 14:38:53.558302',215,96),(3523,'Available','2025-04-02 14:38:53.558302',229,96),(3524,'Available','2025-04-02 14:38:53.558302',243,96),(3525,'Available','2025-04-02 14:38:53.558302',257,96),(3526,'Available','2025-04-02 14:38:53.558302',19,96),(3527,'Available','2025-04-02 14:38:53.558302',271,96),(3528,'Available','2025-04-02 14:38:53.558302',285,96),(3529,'Available','2025-04-02 14:38:53.558302',299,96),(3530,'Available','2025-04-02 14:38:53.558302',313,96),(3531,'Available','2025-04-02 14:38:53.558302',327,96),(3532,'Available','2025-04-02 14:38:53.558302',341,96),(3533,'Available','2025-04-02 14:38:53.558302',355,96),(3534,'Available','2025-04-02 14:38:53.558302',369,96),(3535,'Available','2025-04-02 14:38:53.558302',383,96),(3536,'Available','2025-04-02 14:38:53.558302',397,96),(3537,'Available','2025-04-02 14:38:53.558302',33,96),(3538,'Available','2025-04-02 14:38:53.558302',47,96),(3539,'Available','2025-04-02 14:38:53.558302',61,96),(3540,'Available','2025-04-02 14:38:53.558302',75,96),(3541,'Available','2025-04-02 14:38:53.558302',89,96),(3542,'Available','2025-04-02 14:38:53.558302',103,96),(3543,'Available','2025-04-02 14:38:53.558302',117,96),(3544,'Available','2025-04-02 14:38:53.563821',5,97),(3545,'Available','2025-04-02 14:38:53.563821',131,97),(3546,'Available','2025-04-02 14:38:53.563821',145,97),(3547,'Available','2025-04-02 14:38:53.563821',159,97),(3548,'Available','2025-04-02 14:38:53.563821',173,97),(3549,'Available','2025-04-02 14:38:53.563821',187,97),(3550,'Available','2025-04-02 14:38:53.563821',201,97),(3551,'Available','2025-04-02 14:38:53.563821',215,97),(3552,'Available','2025-04-02 14:38:53.563821',229,97),(3553,'Available','2025-04-02 14:38:53.563821',243,97),(3554,'Available','2025-04-02 14:38:53.563821',257,97),(3555,'Available','2025-04-02 14:38:53.563821',19,97),(3556,'Available','2025-04-02 14:38:53.563821',271,97),(3557,'Available','2025-04-02 14:38:53.563821',285,97),(3558,'Available','2025-04-02 14:38:53.563821',299,97),(3559,'Available','2025-04-02 14:38:53.563821',313,97),(3560,'Available','2025-04-02 14:38:53.563821',327,97),(3561,'Available','2025-04-02 14:38:53.563821',341,97),(3562,'Available','2025-04-02 14:38:53.563821',355,97),(3563,'Available','2025-04-02 14:38:53.563821',369,97),(3564,'Available','2025-04-02 14:38:53.563821',383,97),(3565,'Available','2025-04-02 14:38:53.563821',397,97),(3566,'Available','2025-04-02 14:38:53.563821',33,97),(3567,'Available','2025-04-02 14:38:53.563821',47,97),(3568,'Available','2025-04-02 14:38:53.563821',61,97),(3569,'Available','2025-04-02 14:38:53.563821',75,97),(3570,'Available','2025-04-02 14:38:53.563821',89,97),(3571,'Available','2025-04-02 14:38:53.563821',103,97),(3572,'Available','2025-04-02 14:38:53.563821',117,97),(3573,'Available','2025-04-02 14:38:53.573221',5,98),(3574,'Available','2025-04-02 14:38:53.573221',131,98),(3575,'Available','2025-04-02 14:38:53.573221',145,98),(3576,'Available','2025-04-02 14:38:53.573221',159,98),(3577,'Available','2025-04-02 14:38:53.573221',173,98),(3578,'Available','2025-04-02 14:38:53.573221',187,98),(3579,'Available','2025-04-02 14:38:53.573221',201,98),(3580,'Available','2025-04-02 14:38:53.573221',215,98),(3581,'Available','2025-04-02 14:38:53.573221',229,98),(3582,'Available','2025-04-02 14:38:53.573221',243,98),(3583,'Available','2025-04-02 14:38:53.573221',257,98),(3584,'Available','2025-04-02 14:38:53.573221',19,98),(3585,'Available','2025-04-02 14:38:53.573221',271,98),(3586,'Available','2025-04-02 14:38:53.573221',285,98),(3587,'Available','2025-04-02 14:38:53.573221',299,98),(3588,'Available','2025-04-02 14:38:53.573221',313,98),(3589,'Available','2025-04-02 14:38:53.573221',327,98),(3590,'Available','2025-04-02 14:38:53.573221',341,98),(3591,'Available','2025-04-02 14:38:53.573221',355,98),(3592,'Available','2025-04-02 14:38:53.573221',369,98),(3593,'Available','2025-04-02 14:38:53.573221',383,98),(3594,'Available','2025-04-02 14:38:53.573221',397,98),(3595,'Available','2025-04-02 14:38:53.573221',33,98),(3596,'Available','2025-04-02 14:38:53.573221',47,98),(3597,'Available','2025-04-02 14:38:53.573221',61,98),(3598,'Available','2025-04-02 14:38:53.573221',75,98),(3599,'Available','2025-04-02 14:38:53.573221',89,98),(3600,'Available','2025-04-02 14:38:53.573221',103,98),(3601,'Available','2025-04-02 14:38:53.573221',117,98),(3602,'Available','2025-04-02 14:38:53.579397',5,99),(3603,'Available','2025-04-02 14:38:53.579397',131,99),(3604,'Available','2025-04-02 14:38:53.579397',145,99),(3605,'Available','2025-04-02 14:38:53.579397',159,99),(3606,'Available','2025-04-02 14:38:53.579397',173,99),(3607,'Available','2025-04-02 14:38:53.579397',187,99),(3608,'Available','2025-04-02 14:38:53.579397',201,99),(3609,'Available','2025-04-02 14:38:53.579397',215,99),(3610,'Available','2025-04-02 14:38:53.579397',229,99),(3611,'Available','2025-04-02 14:38:53.579397',243,99),(3612,'Available','2025-04-02 14:38:53.579397',257,99),(3613,'Available','2025-04-02 14:38:53.579397',19,99),(3614,'Available','2025-04-02 14:38:53.579397',271,99),(3615,'Available','2025-04-02 14:38:53.579902',285,99),(3616,'Available','2025-04-02 14:38:53.579902',299,99),(3617,'Available','2025-04-02 14:38:53.579902',313,99),(3618,'Available','2025-04-02 14:38:53.579902',327,99),(3619,'Available','2025-04-02 14:38:53.579902',341,99),(3620,'Available','2025-04-02 14:38:53.579902',355,99),(3621,'Available','2025-04-02 14:38:53.579902',369,99),(3622,'Available','2025-04-02 14:38:53.579902',383,99),(3623,'Available','2025-04-02 14:38:53.579902',397,99),(3624,'Available','2025-04-02 14:38:53.579902',33,99),(3625,'Available','2025-04-02 14:38:53.579902',47,99),(3626,'Available','2025-04-02 14:38:53.579902',61,99),(3627,'Available','2025-04-02 14:38:53.579902',75,99),(3628,'Available','2025-04-02 14:38:53.579902',89,99),(3629,'Available','2025-04-02 14:38:53.579902',103,99),(3630,'Available','2025-04-02 14:38:53.579902',117,99),(3631,'Available','2025-04-02 14:38:53.586398',5,100),(3632,'Available','2025-04-02 14:38:53.586398',131,100),(3633,'Available','2025-04-02 14:38:53.586398',145,100),(3634,'Available','2025-04-02 14:38:53.586398',159,100),(3635,'Available','2025-04-02 14:38:53.586398',173,100),(3636,'Available','2025-04-02 14:38:53.586398',187,100),(3637,'Available','2025-04-02 14:38:53.586398',201,100),(3638,'Available','2025-04-02 14:38:53.586398',215,100),(3639,'Available','2025-04-02 14:38:53.586398',229,100),(3640,'Available','2025-04-02 14:38:53.586398',243,100),(3641,'Available','2025-04-02 14:38:53.586398',257,100),(3642,'Available','2025-04-02 14:38:53.586398',19,100),(3643,'Available','2025-04-02 14:38:53.586398',271,100),(3644,'Available','2025-04-02 14:38:53.586398',285,100),(3645,'Available','2025-04-02 14:38:53.586398',299,100),(3646,'Available','2025-04-02 14:38:53.586398',313,100),(3647,'Available','2025-04-02 14:38:53.586398',327,100),(3648,'Available','2025-04-02 14:38:53.586398',341,100),(3649,'Available','2025-04-02 14:38:53.586398',355,100),(3650,'Available','2025-04-02 14:38:53.586398',369,100),(3651,'Available','2025-04-02 14:38:53.586398',383,100),(3652,'Available','2025-04-02 14:38:53.586398',397,100),(3653,'Available','2025-04-02 14:38:53.586398',33,100),(3654,'Available','2025-04-02 14:38:53.586398',47,100),(3655,'Available','2025-04-02 14:38:53.586398',61,100),(3656,'Available','2025-04-02 14:38:53.586398',75,100),(3657,'Available','2025-04-02 14:38:53.586398',89,100),(3658,'Available','2025-04-02 14:38:53.586398',103,100),(3659,'Available','2025-04-02 14:38:53.586398',117,100),(3660,'Available','2025-04-02 14:38:53.590879',5,101),(3661,'Available','2025-04-02 14:38:53.590879',131,101),(3662,'Available','2025-04-02 14:38:53.590879',145,101),(3663,'Available','2025-04-02 14:38:53.590879',159,101),(3664,'Available','2025-04-02 14:38:53.590879',173,101),(3665,'Available','2025-04-02 14:38:53.590879',187,101),(3666,'Available','2025-04-02 14:38:53.590879',201,101),(3667,'Available','2025-04-02 14:38:53.590879',215,101),(3668,'Available','2025-04-02 14:38:53.590879',229,101),(3669,'Available','2025-04-02 14:38:53.590879',243,101),(3670,'Available','2025-04-02 14:38:53.590879',257,101),(3671,'Available','2025-04-02 14:38:53.590879',19,101),(3672,'Available','2025-04-02 14:38:53.590879',271,101),(3673,'Available','2025-04-02 14:38:53.590879',285,101),(3674,'Available','2025-04-02 14:38:53.590879',299,101),(3675,'Available','2025-04-02 14:38:53.590879',313,101),(3676,'Available','2025-04-02 14:38:53.590879',327,101),(3677,'Available','2025-04-02 14:38:53.590879',341,101),(3678,'Available','2025-04-02 14:38:53.590879',355,101),(3679,'Available','2025-04-02 14:38:53.590879',369,101),(3680,'Available','2025-04-02 14:38:53.590879',383,101),(3681,'Available','2025-04-02 14:38:53.590879',397,101),(3682,'Available','2025-04-02 14:38:53.590879',33,101),(3683,'Available','2025-04-02 14:38:53.590879',47,101),(3684,'Available','2025-04-02 14:38:53.590879',61,101),(3685,'Available','2025-04-02 14:38:53.590879',75,101),(3686,'Available','2025-04-02 14:38:53.590879',89,101),(3687,'Available','2025-04-02 14:38:53.590879',103,101),(3688,'Available','2025-04-02 14:38:53.590879',117,101),(3689,'Available','2025-04-02 14:38:53.601933',3,102),(3690,'Available','2025-04-02 14:38:53.601933',129,102),(3691,'Available','2025-04-02 14:38:53.601933',143,102),(3692,'Available','2025-04-02 14:38:53.601933',157,102),(3693,'Available','2025-04-02 14:38:53.601933',171,102),(3694,'Available','2025-04-02 14:38:53.601933',185,102),(3695,'Available','2025-04-02 14:38:53.601933',199,102),(3696,'Available','2025-04-02 14:38:53.601933',213,102),(3697,'Available','2025-04-02 14:38:53.601933',227,102),(3698,'Available','2025-04-02 14:38:53.601933',241,102),(3699,'Available','2025-04-02 14:38:53.601933',255,102),(3700,'Available','2025-04-02 14:38:53.601933',17,102),(3701,'Available','2025-04-02 14:38:53.601933',269,102),(3702,'Available','2025-04-02 14:38:53.601933',283,102),(3703,'Available','2025-04-02 14:38:53.601933',297,102),(3704,'Available','2025-04-02 14:38:53.601933',311,102),(3705,'Available','2025-04-02 14:38:53.601933',325,102),(3706,'Available','2025-04-02 14:38:53.601933',339,102),(3707,'Available','2025-04-02 14:38:53.601933',353,102),(3708,'Available','2025-04-02 14:38:53.601933',367,102),(3709,'Available','2025-04-02 14:38:53.601933',381,102),(3710,'Available','2025-04-02 14:38:53.601933',395,102),(3711,'Available','2025-04-02 14:38:53.601933',31,102),(3712,'Available','2025-04-02 14:38:53.601933',409,102),(3713,'Available','2025-04-02 14:38:53.601933',421,102),(3714,'Available','2025-04-02 14:38:53.601933',433,102),(3715,'Available','2025-04-02 14:38:53.602932',445,102),(3716,'Available','2025-04-02 14:38:53.602932',452,102),(3717,'Available','2025-04-02 14:38:53.602932',459,102),(3718,'Available','2025-04-02 14:38:53.602932',466,102),(3719,'Available','2025-04-02 14:38:53.602932',473,102),(3720,'Available','2025-04-02 14:38:53.602932',480,102),(3721,'Available','2025-04-02 14:38:53.602932',487,102),(3722,'Available','2025-04-02 14:38:53.602932',45,102),(3723,'Available','2025-04-02 14:38:53.602932',494,102),(3724,'Available','2025-04-02 14:38:53.602932',501,102),(3725,'Available','2025-04-02 14:38:53.602932',508,102),(3726,'Available','2025-04-02 14:38:53.602932',515,102),(3727,'Available','2025-04-02 14:38:53.602932',522,102),(3728,'Available','2025-04-02 14:38:53.602932',59,102),(3729,'Available','2025-04-02 14:38:53.602932',73,102),(3730,'Available','2025-04-02 14:38:53.602932',87,102),(3731,'Available','2025-04-02 14:38:53.602932',101,102),(3732,'Available','2025-04-02 14:38:53.602932',115,102),(3733,'Available','2025-04-02 14:38:53.612223',3,103),(3734,'Available','2025-04-02 14:38:53.612223',129,103),(3735,'Available','2025-04-02 14:38:53.612223',143,103),(3736,'Available','2025-04-02 14:38:53.612223',157,103),(3737,'Available','2025-04-02 14:38:53.612223',171,103),(3738,'Available','2025-04-02 14:38:53.612223',185,103),(3739,'Available','2025-04-02 14:38:53.612223',199,103),(3740,'Available','2025-04-02 14:38:53.612223',213,103),(3741,'Available','2025-04-02 14:38:53.612223',227,103),(3742,'Available','2025-04-02 14:38:53.612223',241,103),(3743,'Available','2025-04-02 14:38:53.612223',255,103),(3744,'Available','2025-04-02 14:38:53.612223',17,103),(3745,'Available','2025-04-02 14:38:53.612223',269,103),(3746,'Available','2025-04-02 14:38:53.612223',283,103),(3747,'Available','2025-04-02 14:38:53.612223',297,103),(3748,'Available','2025-04-02 14:38:53.612223',311,103),(3749,'Available','2025-04-02 14:38:53.612223',325,103),(3750,'Available','2025-04-02 14:38:53.612223',339,103),(3751,'Available','2025-04-02 14:38:53.612223',353,103),(3752,'Available','2025-04-02 14:38:53.612223',367,103),(3753,'Available','2025-04-02 14:38:53.612223',381,103),(3754,'Available','2025-04-02 14:38:53.612223',395,103),(3755,'Available','2025-04-02 14:38:53.612223',31,103),(3756,'Available','2025-04-02 14:38:53.612223',409,103),(3757,'Available','2025-04-02 14:38:53.612223',421,103),(3758,'Available','2025-04-02 14:38:53.612223',433,103),(3759,'Available','2025-04-02 14:38:53.612223',445,103),(3760,'Available','2025-04-02 14:38:53.612223',452,103),(3761,'Available','2025-04-02 14:38:53.612223',459,103),(3762,'Available','2025-04-02 14:38:53.612223',466,103),(3763,'Available','2025-04-02 14:38:53.612223',473,103),(3764,'Available','2025-04-02 14:38:53.612223',480,103),(3765,'Available','2025-04-02 14:38:53.612223',487,103),(3766,'Available','2025-04-02 14:38:53.612223',45,103),(3767,'Available','2025-04-02 14:38:53.612223',494,103),(3768,'Available','2025-04-02 14:38:53.612223',501,103),(3769,'Available','2025-04-02 14:38:53.612223',508,103),(3770,'Available','2025-04-02 14:38:53.612223',515,103),(3771,'Available','2025-04-02 14:38:53.612223',522,103),(3772,'Available','2025-04-02 14:38:53.612223',59,103),(3773,'Available','2025-04-02 14:38:53.612223',73,103),(3774,'Available','2025-04-02 14:38:53.612223',87,103),(3775,'Available','2025-04-02 14:38:53.612223',101,103),(3776,'Available','2025-04-02 14:38:53.612223',115,103),(3777,'Available','2025-04-02 14:38:53.619917',3,104),(3778,'Available','2025-04-02 14:38:53.619917',129,104),(3779,'Available','2025-04-02 14:38:53.619917',143,104),(3780,'Available','2025-04-02 14:38:53.619917',157,104),(3781,'Available','2025-04-02 14:38:53.619917',171,104),(3782,'Available','2025-04-02 14:38:53.619917',185,104),(3783,'Available','2025-04-02 14:38:53.619917',199,104),(3784,'Available','2025-04-02 14:38:53.619917',213,104),(3785,'Available','2025-04-02 14:38:53.619917',227,104),(3786,'Available','2025-04-02 14:38:53.619917',241,104),(3787,'Available','2025-04-02 14:38:53.619917',255,104),(3788,'Available','2025-04-02 14:38:53.619917',17,104),(3789,'Available','2025-04-02 14:38:53.619917',269,104),(3790,'Available','2025-04-02 14:38:53.619917',283,104),(3791,'Available','2025-04-02 14:38:53.619917',297,104),(3792,'Available','2025-04-02 14:38:53.619917',311,104),(3793,'Available','2025-04-02 14:38:53.619917',325,104),(3794,'Available','2025-04-02 14:38:53.619917',339,104),(3795,'Available','2025-04-02 14:38:53.619917',353,104),(3796,'Available','2025-04-02 14:38:53.619917',367,104),(3797,'Available','2025-04-02 14:38:53.619917',381,104),(3798,'Available','2025-04-02 14:38:53.619917',395,104),(3799,'Available','2025-04-02 14:38:53.619917',31,104),(3800,'Available','2025-04-02 14:38:53.619917',409,104),(3801,'Available','2025-04-02 14:38:53.619917',421,104),(3802,'Available','2025-04-02 14:38:53.619917',433,104),(3803,'Available','2025-04-02 14:38:53.619917',445,104),(3804,'Available','2025-04-02 14:38:53.619917',452,104),(3805,'Available','2025-04-02 14:38:53.619917',459,104),(3806,'Available','2025-04-02 14:38:53.619917',466,104),(3807,'Available','2025-04-02 14:38:53.619917',473,104),(3808,'Available','2025-04-02 14:38:53.619917',480,104),(3809,'Available','2025-04-02 14:38:53.619917',487,104),(3810,'Available','2025-04-02 14:38:53.619917',45,104),(3811,'Available','2025-04-02 14:38:53.619917',494,104),(3812,'Available','2025-04-02 14:38:53.619917',501,104),(3813,'Available','2025-04-02 14:38:53.619917',508,104),(3814,'Available','2025-04-02 14:38:53.619917',515,104),(3815,'Available','2025-04-02 14:38:53.619917',522,104),(3816,'Available','2025-04-02 14:38:53.619917',59,104),(3817,'Available','2025-04-02 14:38:53.619917',73,104),(3818,'Available','2025-04-02 14:38:53.619917',87,104),(3819,'Available','2025-04-02 14:38:53.619917',101,104),(3820,'Available','2025-04-02 14:38:53.619917',115,104),(3821,'Available','2025-04-02 14:38:53.626982',3,105),(3822,'Available','2025-04-02 14:38:53.626982',129,105),(3823,'Available','2025-04-02 14:38:53.626982',143,105),(3824,'Available','2025-04-02 14:38:53.626982',157,105),(3825,'Available','2025-04-02 14:38:53.626982',171,105),(3826,'Available','2025-04-02 14:38:53.626982',185,105),(3827,'Available','2025-04-02 14:38:53.626982',199,105),(3828,'Available','2025-04-02 14:38:53.626982',213,105),(3829,'Available','2025-04-02 14:38:53.626982',227,105),(3830,'Available','2025-04-02 14:38:53.626982',241,105),(3831,'Available','2025-04-02 14:38:53.626982',255,105),(3832,'Available','2025-04-02 14:38:53.626982',17,105),(3833,'Available','2025-04-02 14:38:53.626982',269,105),(3834,'Available','2025-04-02 14:38:53.626982',283,105),(3835,'Available','2025-04-02 14:38:53.626982',297,105),(3836,'Available','2025-04-02 14:38:53.626982',311,105),(3837,'Available','2025-04-02 14:38:53.626982',325,105),(3838,'Available','2025-04-02 14:38:53.626982',339,105),(3839,'Available','2025-04-02 14:38:53.626982',353,105),(3840,'Available','2025-04-02 14:38:53.626982',367,105),(3841,'Available','2025-04-02 14:38:53.626982',381,105),(3842,'Available','2025-04-02 14:38:53.626982',395,105),(3843,'Available','2025-04-02 14:38:53.626982',31,105),(3844,'Available','2025-04-02 14:38:53.626982',409,105),(3845,'Available','2025-04-02 14:38:53.626982',421,105),(3846,'Available','2025-04-02 14:38:53.626982',433,105),(3847,'Available','2025-04-02 14:38:53.626982',445,105),(3848,'Available','2025-04-02 14:38:53.626982',452,105),(3849,'Available','2025-04-02 14:38:53.626982',459,105),(3850,'Available','2025-04-02 14:38:53.626982',466,105),(3851,'Available','2025-04-02 14:38:53.626982',473,105),(3852,'Available','2025-04-02 14:38:53.626982',480,105),(3853,'Available','2025-04-02 14:38:53.626982',487,105),(3854,'Available','2025-04-02 14:38:53.626982',45,105),(3855,'Available','2025-04-02 14:38:53.626982',494,105),(3856,'Available','2025-04-02 14:38:53.626982',501,105),(3857,'Available','2025-04-02 14:38:53.626982',508,105),(3858,'Available','2025-04-02 14:38:53.626982',515,105),(3859,'Available','2025-04-02 14:38:53.626982',522,105),(3860,'Available','2025-04-02 14:38:53.626982',59,105),(3861,'Available','2025-04-02 14:38:53.626982',73,105),(3862,'Available','2025-04-02 14:38:53.626982',87,105),(3863,'Available','2025-04-02 14:38:53.626982',101,105),(3864,'Available','2025-04-02 14:38:53.626982',115,105),(3865,'Available','2025-04-02 14:38:53.636213',3,106),(3866,'Available','2025-04-02 14:38:53.636213',129,106),(3867,'Available','2025-04-02 14:38:53.636213',143,106),(3868,'Available','2025-04-02 14:38:53.636213',157,106),(3869,'Available','2025-04-02 14:38:53.636213',171,106),(3870,'Available','2025-04-02 14:38:53.636213',185,106),(3871,'Available','2025-04-02 14:38:53.636213',199,106),(3872,'Available','2025-04-02 14:38:53.636213',213,106),(3873,'Available','2025-04-02 14:38:53.636213',227,106),(3874,'Available','2025-04-02 14:38:53.636213',241,106),(3875,'Available','2025-04-02 14:38:53.636213',255,106),(3876,'Available','2025-04-02 14:38:53.636213',17,106),(3877,'Available','2025-04-02 14:38:53.636213',269,106),(3878,'Available','2025-04-02 14:38:53.636213',283,106),(3879,'Available','2025-04-02 14:38:53.636213',297,106),(3880,'Available','2025-04-02 14:38:53.636213',311,106),(3881,'Available','2025-04-02 14:38:53.636213',325,106),(3882,'Available','2025-04-02 14:38:53.636213',339,106),(3883,'Available','2025-04-02 14:38:53.636213',353,106),(3884,'Available','2025-04-02 14:38:53.636213',367,106),(3885,'Available','2025-04-02 14:38:53.636213',381,106),(3886,'Available','2025-04-02 14:38:53.636213',395,106),(3887,'Available','2025-04-02 14:38:53.636213',31,106),(3888,'Available','2025-04-02 14:38:53.636213',409,106),(3889,'Available','2025-04-02 14:38:53.636213',421,106),(3890,'Available','2025-04-02 14:38:53.636213',433,106),(3891,'Available','2025-04-02 14:38:53.636213',445,106),(3892,'Available','2025-04-02 14:38:53.636213',452,106),(3893,'Available','2025-04-02 14:38:53.636213',459,106),(3894,'Available','2025-04-02 14:38:53.636213',466,106),(3895,'Available','2025-04-02 14:38:53.636213',473,106),(3896,'Available','2025-04-02 14:38:53.636213',480,106),(3897,'Available','2025-04-02 14:38:53.636213',487,106),(3898,'Available','2025-04-02 14:38:53.636213',45,106),(3899,'Available','2025-04-02 14:38:53.636213',494,106),(3900,'Available','2025-04-02 14:38:53.636213',501,106),(3901,'Available','2025-04-02 14:38:53.636213',508,106),(3902,'Available','2025-04-02 14:38:53.636213',515,106),(3903,'Available','2025-04-02 14:38:53.636213',522,106),(3904,'Available','2025-04-02 14:38:53.636213',59,106),(3905,'Available','2025-04-02 14:38:53.636213',73,106),(3906,'Available','2025-04-02 14:38:53.636213',87,106),(3907,'Available','2025-04-02 14:38:53.636213',101,106),(3908,'Available','2025-04-02 14:38:53.636213',115,106),(3909,'Available','2025-04-02 14:38:53.644724',3,107),(3910,'Available','2025-04-02 14:38:53.644724',129,107),(3911,'Available','2025-04-02 14:38:53.644724',143,107),(3912,'Available','2025-04-02 14:38:53.644724',157,107),(3913,'Available','2025-04-02 14:38:53.644724',171,107),(3914,'Available','2025-04-02 14:38:53.644724',185,107),(3915,'Available','2025-04-02 14:38:53.644724',199,107),(3916,'Available','2025-04-02 14:38:53.644724',213,107),(3917,'Available','2025-04-02 14:38:53.644724',227,107),(3918,'Available','2025-04-02 14:38:53.644724',241,107),(3919,'Available','2025-04-02 14:38:53.644724',255,107),(3920,'Available','2025-04-02 14:38:53.644724',17,107),(3921,'Available','2025-04-02 14:38:53.644724',269,107),(3922,'Available','2025-04-02 14:38:53.644724',283,107),(3923,'Available','2025-04-02 14:38:53.644724',297,107),(3924,'Available','2025-04-02 14:38:53.645726',311,107),(3925,'Available','2025-04-02 14:38:53.645726',325,107),(3926,'Available','2025-04-02 14:38:53.645726',339,107),(3927,'Available','2025-04-02 14:38:53.645726',353,107),(3928,'Available','2025-04-02 14:38:53.645726',367,107),(3929,'Available','2025-04-02 14:38:53.645726',381,107),(3930,'Available','2025-04-02 14:38:53.645726',395,107),(3931,'Available','2025-04-02 14:38:53.645726',31,107),(3932,'Available','2025-04-02 14:38:53.645726',409,107),(3933,'Available','2025-04-02 14:38:53.645726',421,107),(3934,'Available','2025-04-02 14:38:53.645726',433,107),(3935,'Available','2025-04-02 14:38:53.645726',445,107),(3936,'Available','2025-04-02 14:38:53.645726',452,107),(3937,'Available','2025-04-02 14:38:53.645726',459,107),(3938,'Available','2025-04-02 14:38:53.645726',466,107),(3939,'Available','2025-04-02 14:38:53.645726',473,107),(3940,'Available','2025-04-02 14:38:53.645726',480,107),(3941,'Available','2025-04-02 14:38:53.645726',487,107),(3942,'Available','2025-04-02 14:38:53.645726',45,107),(3943,'Available','2025-04-02 14:38:53.645726',494,107),(3944,'Available','2025-04-02 14:38:53.645726',501,107),(3945,'Available','2025-04-02 14:38:53.645726',508,107),(3946,'Available','2025-04-02 14:38:53.645726',515,107),(3947,'Available','2025-04-02 14:38:53.645726',522,107),(3948,'Available','2025-04-02 14:38:53.645726',59,107),(3949,'Available','2025-04-02 14:38:53.645726',73,107),(3950,'Available','2025-04-02 14:38:53.645726',87,107),(3951,'Available','2025-04-02 14:38:53.645726',101,107),(3952,'Available','2025-04-02 14:38:53.645726',115,107),(3953,'Available','2025-04-02 14:38:53.650325',3,108),(3954,'Available','2025-04-02 14:38:53.650325',129,108),(3955,'Available','2025-04-02 14:38:53.650325',143,108),(3956,'Available','2025-04-02 14:38:53.650325',157,108),(3957,'Available','2025-04-02 14:38:53.650325',171,108),(3958,'Available','2025-04-02 14:38:53.650325',185,108),(3959,'Available','2025-04-02 14:38:53.650325',199,108),(3960,'Available','2025-04-02 14:38:53.650325',213,108),(3961,'Available','2025-04-02 14:38:53.650325',227,108),(3962,'Available','2025-04-02 14:38:53.650325',241,108),(3963,'Available','2025-04-02 14:38:53.650325',255,108),(3964,'Available','2025-04-02 14:38:53.650325',17,108),(3965,'Available','2025-04-02 14:38:53.650325',269,108),(3966,'Available','2025-04-02 14:38:53.650325',283,108),(3967,'Available','2025-04-02 14:38:53.650325',297,108),(3968,'Available','2025-04-02 14:38:53.650325',311,108),(3969,'Available','2025-04-02 14:38:53.650325',325,108),(3970,'Available','2025-04-02 14:38:53.650325',339,108),(3971,'Available','2025-04-02 14:38:53.650325',353,108),(3972,'Available','2025-04-02 14:38:53.650325',367,108),(3973,'Available','2025-04-02 14:38:53.650325',381,108),(3974,'Available','2025-04-02 14:38:53.650325',395,108),(3975,'Available','2025-04-02 14:38:53.650325',31,108),(3976,'Available','2025-04-02 14:38:53.650325',409,108),(3977,'Available','2025-04-02 14:38:53.650325',421,108),(3978,'Available','2025-04-02 14:38:53.650325',433,108),(3979,'Available','2025-04-02 14:38:53.650325',445,108),(3980,'Available','2025-04-02 14:38:53.650325',452,108),(3981,'Available','2025-04-02 14:38:53.650325',459,108),(3982,'Available','2025-04-02 14:38:53.650325',466,108),(3983,'Available','2025-04-02 14:38:53.650325',473,108),(3984,'Available','2025-04-02 14:38:53.650325',480,108),(3985,'Available','2025-04-02 14:38:53.650325',487,108),(3986,'Available','2025-04-02 14:38:53.650325',45,108),(3987,'Available','2025-04-02 14:38:53.650325',494,108),(3988,'Available','2025-04-02 14:38:53.650325',501,108),(3989,'Available','2025-04-02 14:38:53.650325',508,108),(3990,'Available','2025-04-02 14:38:53.650325',515,108),(3991,'Available','2025-04-02 14:38:53.650325',522,108),(3992,'Available','2025-04-02 14:38:53.650325',59,108),(3993,'Available','2025-04-02 14:38:53.650325',73,108),(3994,'Available','2025-04-02 14:38:53.650325',87,108),(3995,'Available','2025-04-02 14:38:53.650325',101,108),(3996,'Available','2025-04-02 14:38:53.650325',115,108),(3997,'Available','2025-04-29 06:38:35.108590',2,109),(3998,'Available','2025-04-29 06:38:35.108590',128,109),(3999,'Available','2025-04-29 06:38:35.108590',142,109),(4000,'Available','2025-04-29 06:38:35.108590',156,109),(4001,'Available','2025-04-29 06:38:35.108590',170,109),(4002,'Available','2025-04-29 06:38:35.108590',184,109),(4003,'Available','2025-04-29 06:38:35.108590',198,109),(4004,'Available','2025-04-29 06:38:35.108590',212,109),(4005,'Available','2025-04-29 06:38:35.108590',226,109),(4006,'Available','2025-04-29 06:38:35.108590',240,109),(4007,'Available','2025-04-29 06:38:35.108590',254,109),(4008,'Available','2025-04-29 06:38:35.108590',16,109),(4009,'Available','2025-04-29 06:38:35.108590',268,109),(4010,'Available','2025-04-29 06:38:35.108590',282,109),(4011,'Available','2025-04-29 06:38:35.108590',296,109),(4012,'Available','2025-04-29 06:38:35.108590',310,109),(4013,'Available','2025-04-29 06:38:35.108590',324,109),(4014,'Available','2025-04-29 06:38:35.108590',338,109),(4015,'Available','2025-04-29 06:38:35.108590',352,109),(4016,'Available','2025-04-29 06:38:35.108590',366,109),(4017,'Available','2025-04-29 06:38:35.108590',380,109),(4018,'Available','2025-04-29 06:38:35.108590',394,109),(4019,'Available','2025-04-29 06:38:35.108590',30,109),(4020,'Available','2025-04-29 06:38:35.108590',408,109),(4021,'Available','2025-04-29 06:38:35.108590',420,109),(4022,'Available','2025-04-29 06:38:35.108590',432,109),(4023,'Available','2025-04-29 06:38:35.108590',444,109),(4024,'Available','2025-04-29 06:38:35.108590',451,109),(4025,'Available','2025-04-29 06:38:35.108590',458,109),(4026,'Available','2025-04-29 06:38:35.108590',465,109),(4027,'Available','2025-04-29 06:38:35.108590',472,109),(4028,'Available','2025-04-29 06:38:35.108590',479,109),(4029,'Available','2025-04-29 06:38:35.108590',486,109),(4030,'Available','2025-04-29 06:38:35.108590',44,109),(4031,'Available','2025-04-29 06:38:35.108590',493,109),(4032,'Available','2025-04-29 06:38:35.108590',500,109),(4033,'Available','2025-04-29 06:38:35.108590',507,109),(4034,'Available','2025-04-29 06:38:35.108590',514,109),(4035,'Available','2025-04-29 06:38:35.108590',521,109),(4036,'Available','2025-04-29 06:38:35.108590',58,109),(4037,'Available','2025-04-29 06:38:35.108590',72,109),(4038,'Available','2025-04-29 06:38:35.108590',86,109),(4039,'Available','2025-04-29 06:38:35.108590',100,109),(4040,'Available','2025-04-29 06:38:35.108590',114,109),(4041,'Available','2025-04-29 06:38:35.136915',2,110),(4042,'Available','2025-04-29 06:38:35.136915',128,110),(4043,'Available','2025-04-29 06:38:35.136915',142,110),(4044,'Available','2025-04-29 06:38:35.136915',156,110),(4045,'Available','2025-04-29 06:38:35.136915',170,110),(4046,'Available','2025-04-29 06:38:35.136915',184,110),(4047,'Available','2025-04-29 06:38:35.136915',198,110),(4048,'Available','2025-04-29 06:38:35.136915',212,110),(4049,'Available','2025-04-29 06:38:35.136915',226,110),(4050,'Available','2025-04-29 06:38:35.136915',240,110),(4051,'Available','2025-04-29 06:38:35.136915',254,110),(4052,'Available','2025-04-29 06:38:35.136915',16,110),(4053,'Available','2025-04-29 06:38:35.136915',268,110),(4054,'Available','2025-04-29 06:38:35.136915',282,110),(4055,'Available','2025-04-29 06:38:35.136915',296,110),(4056,'Available','2025-04-29 06:38:35.136915',310,110),(4057,'Available','2025-04-29 06:38:35.136915',324,110),(4058,'Available','2025-04-29 06:38:35.136915',338,110),(4059,'Available','2025-04-29 06:38:35.136915',352,110),(4060,'Available','2025-04-29 06:38:35.136915',366,110),(4061,'Available','2025-04-29 06:38:35.136915',380,110),(4062,'Available','2025-04-29 06:38:35.136915',394,110),(4063,'Available','2025-04-29 06:38:35.136915',30,110),(4064,'Available','2025-04-29 06:38:35.136915',408,110),(4065,'Available','2025-04-29 06:38:35.136915',420,110),(4066,'Available','2025-04-29 06:38:35.136915',432,110),(4067,'Available','2025-04-29 06:38:35.136915',444,110),(4068,'Available','2025-04-29 06:38:35.136915',451,110),(4069,'Available','2025-04-29 06:38:35.136915',458,110),(4070,'Available','2025-04-29 06:38:35.136915',465,110),(4071,'Available','2025-04-29 06:38:35.136915',472,110),(4072,'Available','2025-04-29 06:38:35.136915',479,110),(4073,'Available','2025-04-29 06:38:35.136915',486,110),(4074,'Available','2025-04-29 06:38:35.136915',44,110),(4075,'Available','2025-04-29 06:38:35.136915',493,110),(4076,'Available','2025-04-29 06:38:35.136915',500,110),(4077,'Available','2025-04-29 06:38:35.136915',507,110),(4078,'Available','2025-04-29 06:38:35.136915',514,110),(4079,'Available','2025-04-29 06:38:35.136915',521,110),(4080,'Available','2025-04-29 06:38:35.136915',58,110),(4081,'Available','2025-04-29 06:38:35.136915',72,110),(4082,'Available','2025-04-29 06:38:35.136915',86,110),(4083,'Available','2025-04-29 06:38:35.136915',100,110),(4084,'Available','2025-04-29 06:38:35.136915',114,110),(4085,'Available','2025-04-29 06:38:35.145294',2,111),(4086,'Available','2025-04-29 06:38:35.145294',128,111),(4087,'Available','2025-04-29 06:38:35.145294',142,111),(4088,'Available','2025-04-29 06:38:35.145294',156,111),(4089,'Available','2025-04-29 06:38:35.145294',170,111),(4090,'Available','2025-04-29 06:38:35.145294',184,111),(4091,'Available','2025-04-29 06:38:35.145294',198,111),(4092,'Available','2025-04-29 06:38:35.145294',212,111),(4093,'Available','2025-04-29 06:38:35.145294',226,111),(4094,'Available','2025-04-29 06:38:35.145294',240,111),(4095,'Available','2025-04-29 06:38:35.145294',254,111),(4096,'Available','2025-04-29 06:38:35.145294',16,111),(4097,'Available','2025-04-29 06:38:35.145294',268,111),(4098,'Available','2025-04-29 06:38:35.145294',282,111),(4099,'Available','2025-04-29 06:38:35.145294',296,111),(4100,'Available','2025-04-29 06:38:35.145294',310,111),(4101,'Available','2025-04-29 06:38:35.145294',324,111),(4102,'Available','2025-04-29 06:38:35.145294',338,111),(4103,'Available','2025-04-29 06:38:35.145294',352,111),(4104,'Available','2025-04-29 06:38:35.145294',366,111),(4105,'Available','2025-04-29 06:38:35.145294',380,111),(4106,'Available','2025-04-29 06:38:35.145294',394,111),(4107,'Available','2025-04-29 06:38:35.145294',30,111),(4108,'Available','2025-04-29 06:38:35.145294',408,111),(4109,'Available','2025-04-29 06:38:35.145294',420,111),(4110,'Available','2025-04-29 06:38:35.145294',432,111),(4111,'Available','2025-04-29 06:38:35.145294',444,111),(4112,'Available','2025-04-29 06:38:35.145294',451,111),(4113,'Available','2025-04-29 06:38:35.145294',458,111),(4114,'Available','2025-04-29 06:38:35.145294',465,111),(4115,'Available','2025-04-29 06:38:35.145294',472,111),(4116,'Available','2025-04-29 06:38:35.145294',479,111),(4117,'Available','2025-04-29 06:38:35.145294',486,111),(4118,'Available','2025-04-29 06:38:35.145294',44,111),(4119,'Available','2025-04-29 06:38:35.145294',493,111),(4120,'Available','2025-04-29 06:38:35.145294',500,111),(4121,'Available','2025-04-29 06:38:35.145294',507,111),(4122,'Available','2025-04-29 06:38:35.145294',514,111),(4123,'Available','2025-04-29 06:38:35.145294',521,111),(4124,'Available','2025-04-29 06:38:35.145294',58,111),(4125,'Available','2025-04-29 06:38:35.145294',72,111),(4126,'Available','2025-04-29 06:38:35.145294',86,111),(4127,'Available','2025-04-29 06:38:35.145294',100,111),(4128,'Available','2025-04-29 06:38:35.145294',114,111),(4129,'Available','2025-04-29 06:38:35.159187',2,112),(4130,'Available','2025-04-29 06:38:35.159187',128,112),(4131,'Available','2025-04-29 06:38:35.159187',142,112),(4132,'Available','2025-04-29 06:38:35.159187',156,112),(4133,'Available','2025-04-29 06:38:35.159187',170,112),(4134,'Available','2025-04-29 06:38:35.159187',184,112),(4135,'Available','2025-04-29 06:38:35.159187',198,112),(4136,'Available','2025-04-29 06:38:35.159187',212,112),(4137,'Available','2025-04-29 06:38:35.159187',226,112),(4138,'Available','2025-04-29 06:38:35.159187',240,112),(4139,'Available','2025-04-29 06:38:35.159187',254,112),(4140,'Available','2025-04-29 06:38:35.159187',16,112),(4141,'Available','2025-04-29 06:38:35.159187',268,112),(4142,'Available','2025-04-29 06:38:35.159187',282,112),(4143,'Available','2025-04-29 06:38:35.159187',296,112),(4144,'Available','2025-04-29 06:38:35.159187',310,112),(4145,'Available','2025-04-29 06:38:35.159187',324,112),(4146,'Available','2025-04-29 06:38:35.159187',338,112),(4147,'Available','2025-04-29 06:38:35.159187',352,112),(4148,'Available','2025-04-29 06:38:35.159187',366,112),(4149,'Available','2025-04-29 06:38:35.159187',380,112),(4150,'Available','2025-04-29 06:38:35.159187',394,112),(4151,'Available','2025-04-29 06:38:35.159187',30,112),(4152,'Available','2025-04-29 06:38:35.159187',408,112),(4153,'Available','2025-04-29 06:38:35.159187',420,112),(4154,'Available','2025-04-29 06:38:35.159187',432,112),(4155,'Available','2025-04-29 06:38:35.159187',444,112),(4156,'Available','2025-04-29 06:38:35.159187',451,112),(4157,'Available','2025-04-29 06:38:35.159187',458,112),(4158,'Available','2025-04-29 06:38:35.159187',465,112),(4159,'Available','2025-04-29 06:38:35.159187',472,112),(4160,'Available','2025-04-29 06:38:35.159187',479,112),(4161,'Available','2025-04-29 06:38:35.159187',486,112),(4162,'Available','2025-04-29 06:38:35.159187',44,112),(4163,'Available','2025-04-29 06:38:35.159187',493,112),(4164,'Available','2025-04-29 06:38:35.159187',500,112),(4165,'Available','2025-04-29 06:38:35.159187',507,112),(4166,'Available','2025-04-29 06:38:35.159187',514,112),(4167,'Available','2025-04-29 06:38:35.159187',521,112),(4168,'Available','2025-04-29 06:38:35.159187',58,112),(4169,'Available','2025-04-29 06:38:35.159187',72,112),(4170,'Available','2025-04-29 06:38:35.159187',86,112),(4171,'Available','2025-04-29 06:38:35.159187',100,112),(4172,'Available','2025-04-29 06:38:35.159187',114,112),(4173,'Available','2025-04-29 06:38:35.170882',2,113),(4174,'Available','2025-04-29 06:38:35.170882',128,113),(4175,'Available','2025-04-29 06:38:35.170882',142,113),(4176,'Available','2025-04-29 06:38:35.170882',156,113),(4177,'Available','2025-04-29 06:38:35.170882',170,113),(4178,'Available','2025-04-29 06:38:35.170882',184,113),(4179,'Available','2025-04-29 06:38:35.170882',198,113),(4180,'Available','2025-04-29 06:38:35.170882',212,113),(4181,'Available','2025-04-29 06:38:35.170882',226,113),(4182,'Available','2025-04-29 06:38:35.170882',240,113),(4183,'Available','2025-04-29 06:38:35.170882',254,113),(4184,'Available','2025-04-29 06:38:35.170882',16,113),(4185,'Available','2025-04-29 06:38:35.170882',268,113),(4186,'Available','2025-04-29 06:38:35.170882',282,113),(4187,'Available','2025-04-29 06:38:35.170882',296,113),(4188,'Available','2025-04-29 06:38:35.170882',310,113),(4189,'Available','2025-04-29 06:38:35.170882',324,113),(4190,'Available','2025-04-29 06:38:35.170882',338,113),(4191,'Available','2025-04-29 06:38:35.170882',352,113),(4192,'Available','2025-04-29 06:38:35.170882',366,113),(4193,'Available','2025-04-29 06:38:35.170882',380,113),(4194,'Available','2025-04-29 06:38:35.170882',394,113),(4195,'Available','2025-04-29 06:38:35.170882',30,113),(4196,'Available','2025-04-29 06:38:35.170882',408,113),(4197,'Available','2025-04-29 06:38:35.170882',420,113),(4198,'Available','2025-04-29 06:38:35.170882',432,113),(4199,'Available','2025-04-29 06:38:35.170882',444,113),(4200,'Available','2025-04-29 06:38:35.170882',451,113),(4201,'Available','2025-04-29 06:38:35.170882',458,113),(4202,'Available','2025-04-29 06:38:35.170882',465,113),(4203,'Available','2025-04-29 06:38:35.170882',472,113),(4204,'Available','2025-04-29 06:38:35.170882',479,113),(4205,'Available','2025-04-29 06:38:35.170882',486,113),(4206,'Available','2025-04-29 06:38:35.170882',44,113),(4207,'Available','2025-04-29 06:38:35.170882',493,113),(4208,'Available','2025-04-29 06:38:35.170882',500,113),(4209,'Available','2025-04-29 06:38:35.170882',507,113),(4210,'Available','2025-04-29 06:38:35.170882',514,113),(4211,'Available','2025-04-29 06:38:35.170882',521,113),(4212,'Available','2025-04-29 06:38:35.170882',58,113),(4213,'Available','2025-04-29 06:38:35.170882',72,113),(4214,'Available','2025-04-29 06:38:35.170882',86,113),(4215,'Available','2025-04-29 06:38:35.170882',100,113),(4216,'Available','2025-04-29 06:38:35.170882',114,113),(4217,'Available','2025-04-29 06:38:35.180974',2,114),(4218,'Available','2025-04-29 06:38:35.180974',128,114),(4219,'Available','2025-04-29 06:38:35.180974',142,114),(4220,'Available','2025-04-29 06:38:35.180974',156,114),(4221,'Available','2025-04-29 06:38:35.180974',170,114),(4222,'Available','2025-04-29 06:38:35.180974',184,114),(4223,'Available','2025-04-29 06:38:35.180974',198,114),(4224,'Available','2025-04-29 06:38:35.180974',212,114),(4225,'Available','2025-04-29 06:38:35.180974',226,114),(4226,'Available','2025-04-29 06:38:35.180974',240,114),(4227,'Available','2025-04-29 06:38:35.180974',254,114),(4228,'Available','2025-04-29 06:38:35.180974',16,114),(4229,'Available','2025-04-29 06:38:35.180974',268,114),(4230,'Available','2025-04-29 06:38:35.180974',282,114),(4231,'Available','2025-04-29 06:38:35.180974',296,114),(4232,'Available','2025-04-29 06:38:35.180974',310,114),(4233,'Available','2025-04-29 06:38:35.180974',324,114),(4234,'Available','2025-04-29 06:38:35.180974',338,114),(4235,'Available','2025-04-29 06:38:35.180974',352,114),(4236,'Available','2025-04-29 06:38:35.180974',366,114),(4237,'Available','2025-04-29 06:38:35.180974',380,114),(4238,'Available','2025-04-29 06:38:35.180974',394,114),(4239,'Available','2025-04-29 06:38:35.180974',30,114),(4240,'Available','2025-04-29 06:38:35.180974',408,114),(4241,'Available','2025-04-29 06:38:35.180974',420,114),(4242,'Available','2025-04-29 06:38:35.180974',432,114),(4243,'Available','2025-04-29 06:38:35.180974',444,114),(4244,'Available','2025-04-29 06:38:35.180974',451,114),(4245,'Available','2025-04-29 06:38:35.180974',458,114),(4246,'Available','2025-04-29 06:38:35.180974',465,114),(4247,'Available','2025-04-29 06:38:35.180974',472,114),(4248,'Available','2025-04-29 06:38:35.180974',479,114),(4249,'Available','2025-04-29 06:38:35.180974',486,114),(4250,'Available','2025-04-29 06:38:35.180974',44,114),(4251,'Available','2025-04-29 06:38:35.180974',493,114),(4252,'Available','2025-04-29 06:38:35.180974',500,114),(4253,'Available','2025-04-29 06:38:35.180974',507,114),(4254,'Available','2025-04-29 06:38:35.180974',514,114),(4255,'Available','2025-04-29 06:38:35.180974',521,114),(4256,'Available','2025-04-29 06:38:35.180974',58,114),(4257,'Available','2025-04-29 06:38:35.180974',72,114),(4258,'Available','2025-04-29 06:38:35.180974',86,114),(4259,'Available','2025-04-29 06:38:35.180974',100,114),(4260,'Available','2025-04-29 06:38:35.180974',114,114),(4261,'Available','2025-04-29 06:38:35.188029',2,115),(4262,'Available','2025-04-29 06:38:35.188029',128,115),(4263,'Available','2025-04-29 06:38:35.188029',142,115),(4264,'Available','2025-04-29 06:38:35.188029',156,115),(4265,'Available','2025-04-29 06:38:35.188029',170,115),(4266,'Available','2025-04-29 06:38:35.188029',184,115),(4267,'Available','2025-04-29 06:38:35.188029',198,115),(4268,'Available','2025-04-29 06:38:35.188029',212,115),(4269,'Available','2025-04-29 06:38:35.188029',226,115),(4270,'Available','2025-04-29 06:38:35.188029',240,115),(4271,'Available','2025-04-29 06:38:35.188029',254,115),(4272,'Available','2025-04-29 06:38:35.188029',16,115),(4273,'Available','2025-04-29 06:38:35.188029',268,115),(4274,'Available','2025-04-29 06:38:35.188029',282,115),(4275,'Available','2025-04-29 06:38:35.188029',296,115),(4276,'Available','2025-04-29 06:38:35.188029',310,115),(4277,'Available','2025-04-29 06:38:35.188029',324,115),(4278,'Available','2025-04-29 06:38:35.188029',338,115),(4279,'Available','2025-04-29 06:38:35.188029',352,115),(4280,'Available','2025-04-29 06:38:35.188029',366,115),(4281,'Available','2025-04-29 06:38:35.188029',380,115),(4282,'Available','2025-04-29 06:38:35.188029',394,115),(4283,'Available','2025-04-29 06:38:35.188029',30,115),(4284,'Available','2025-04-29 06:38:35.188029',408,115),(4285,'Available','2025-04-29 06:38:35.188029',420,115),(4286,'Available','2025-04-29 06:38:35.188029',432,115),(4287,'Available','2025-04-29 06:38:35.188029',444,115),(4288,'Available','2025-04-29 06:38:35.188029',451,115),(4289,'Available','2025-04-29 06:38:35.188029',458,115),(4290,'Available','2025-04-29 06:38:35.188029',465,115),(4291,'Available','2025-04-29 06:38:35.188029',472,115),(4292,'Available','2025-04-29 06:38:35.188029',479,115),(4293,'Available','2025-04-29 06:38:35.188029',486,115),(4294,'Available','2025-04-29 06:38:35.188029',44,115),(4295,'Available','2025-04-29 06:38:35.188029',493,115),(4296,'Available','2025-04-29 06:38:35.188029',500,115),(4297,'Available','2025-04-29 06:38:35.188029',507,115),(4298,'Available','2025-04-29 06:38:35.188029',514,115),(4299,'Available','2025-04-29 06:38:35.188029',521,115),(4300,'Available','2025-04-29 06:38:35.188029',58,115),(4301,'Available','2025-04-29 06:38:35.188029',72,115),(4302,'Available','2025-04-29 06:38:35.188029',86,115),(4303,'Available','2025-04-29 06:38:35.188029',100,115),(4304,'Available','2025-04-29 06:38:35.188029',114,115),(4305,'Available','2025-04-29 06:38:35.192078',2,116),(4306,'Available','2025-04-29 06:38:35.192078',128,116),(4307,'Available','2025-04-29 06:38:35.192078',142,116),(4308,'Available','2025-04-29 06:38:35.192078',156,116),(4309,'Available','2025-04-29 06:38:35.192078',170,116),(4310,'Available','2025-04-29 06:38:35.192078',184,116),(4311,'Available','2025-04-29 06:38:35.192078',198,116),(4312,'Available','2025-04-29 06:38:35.192078',212,116),(4313,'Available','2025-04-29 06:38:35.192078',226,116),(4314,'Available','2025-04-29 06:38:35.192078',240,116),(4315,'Available','2025-04-29 06:38:35.192078',254,116),(4316,'Available','2025-04-29 06:38:35.192078',16,116),(4317,'Available','2025-04-29 06:38:35.192078',268,116),(4318,'Available','2025-04-29 06:38:35.192078',282,116),(4319,'Available','2025-04-29 06:38:35.192078',296,116),(4320,'Available','2025-04-29 06:38:35.192078',310,116),(4321,'Available','2025-04-29 06:38:35.192078',324,116),(4322,'Available','2025-04-29 06:38:35.192078',338,116),(4323,'Available','2025-04-29 06:38:35.192078',352,116),(4324,'Available','2025-04-29 06:38:35.192078',366,116),(4325,'Available','2025-04-29 06:38:35.192078',380,116),(4326,'Available','2025-04-29 06:38:35.192078',394,116),(4327,'Available','2025-04-29 06:38:35.192078',30,116),(4328,'Available','2025-04-29 06:38:35.192078',408,116),(4329,'Available','2025-04-29 06:38:35.192078',420,116),(4330,'Available','2025-04-29 06:38:35.192078',432,116),(4331,'Available','2025-04-29 06:38:35.192078',444,116),(4332,'Available','2025-04-29 06:38:35.192078',451,116),(4333,'Available','2025-04-29 06:38:35.192078',458,116),(4334,'Available','2025-04-29 06:38:35.192078',465,116),(4335,'Available','2025-04-29 06:38:35.192078',472,116),(4336,'Available','2025-04-29 06:38:35.192078',479,116),(4337,'Available','2025-04-29 06:38:35.192078',486,116),(4338,'Available','2025-04-29 06:38:35.192078',44,116),(4339,'Available','2025-04-29 06:38:35.192078',493,116),(4340,'Available','2025-04-29 06:38:35.192078',500,116),(4341,'Available','2025-04-29 06:38:35.192078',507,116),(4342,'Available','2025-04-29 06:38:35.192078',514,116),(4343,'Available','2025-04-29 06:38:35.192078',521,116),(4344,'Available','2025-04-29 06:38:35.192078',58,116),(4345,'Available','2025-04-29 06:38:35.192078',72,116),(4346,'Available','2025-04-29 06:38:35.192078',86,116),(4347,'Available','2025-04-29 06:38:35.192078',100,116),(4348,'Available','2025-04-29 06:38:35.192078',114,116),(4349,'Available','2025-04-29 06:38:35.203606',7,117),(4350,'Available','2025-04-29 06:38:35.203606',133,117),(4351,'Available','2025-04-29 06:38:35.203606',147,117),(4352,'Available','2025-04-29 06:38:35.203606',161,117),(4353,'Available','2025-04-29 06:38:35.203606',175,117),(4354,'Available','2025-04-29 06:38:35.203606',189,117),(4355,'Available','2025-04-29 06:38:35.203606',203,117),(4356,'Available','2025-04-29 06:38:35.203606',217,117),(4357,'Available','2025-04-29 06:38:35.203606',231,117),(4358,'Available','2025-04-29 06:38:35.203606',245,117),(4359,'Available','2025-04-29 06:38:35.203606',259,117),(4360,'Available','2025-04-29 06:38:35.203606',21,117),(4361,'Available','2025-04-29 06:38:35.203606',273,117),(4362,'Available','2025-04-29 06:38:35.203606',287,117),(4363,'Available','2025-04-29 06:38:35.203606',301,117),(4364,'Available','2025-04-29 06:38:35.203606',315,117),(4365,'Available','2025-04-29 06:38:35.203606',329,117),(4366,'Available','2025-04-29 06:38:35.203606',343,117),(4367,'Available','2025-04-29 06:38:35.203606',357,117),(4368,'Available','2025-04-29 06:38:35.203606',371,117),(4369,'Available','2025-04-29 06:38:35.203606',385,117),(4370,'Available','2025-04-29 06:38:35.203606',399,117),(4371,'Available','2025-04-29 06:38:35.203606',35,117),(4372,'Available','2025-04-29 06:38:35.203606',412,117),(4373,'Available','2025-04-29 06:38:35.203606',424,117),(4374,'Available','2025-04-29 06:38:35.203606',436,117),(4375,'Available','2025-04-29 06:38:35.203606',49,117),(4376,'Available','2025-04-29 06:38:35.203606',63,117),(4377,'Available','2025-04-29 06:38:35.203606',77,117),(4378,'Available','2025-04-29 06:38:35.203606',91,117),(4379,'Available','2025-04-29 06:38:35.203606',105,117),(4380,'Available','2025-04-29 06:38:35.203606',119,117),(4381,'Available','2025-04-29 06:38:35.207427',7,118),(4382,'Available','2025-04-29 06:38:35.207427',133,118),(4383,'Available','2025-04-29 06:38:35.207427',147,118),(4384,'Available','2025-04-29 06:38:35.207427',161,118),(4385,'Available','2025-04-29 06:38:35.207427',175,118),(4386,'Available','2025-04-29 06:38:35.207427',189,118),(4387,'Available','2025-04-29 06:38:35.207427',203,118),(4388,'Available','2025-04-29 06:38:35.207427',217,118),(4389,'Available','2025-04-29 06:38:35.207427',231,118),(4390,'Available','2025-04-29 06:38:35.207427',245,118),(4391,'Available','2025-04-29 06:38:35.207427',259,118),(4392,'Available','2025-04-29 06:38:35.207427',21,118),(4393,'Available','2025-04-29 06:38:35.207427',273,118),(4394,'Available','2025-04-29 06:38:35.207427',287,118),(4395,'Available','2025-04-29 06:38:35.207427',301,118),(4396,'Available','2025-04-29 06:38:35.207427',315,118),(4397,'Available','2025-04-29 06:38:35.207427',329,118),(4398,'Available','2025-04-29 06:38:35.207427',343,118),(4399,'Available','2025-04-29 06:38:35.207427',357,118),(4400,'Available','2025-04-29 06:38:35.207427',371,118),(4401,'Available','2025-04-29 06:38:35.207427',385,118),(4402,'Available','2025-04-29 06:38:35.207427',399,118),(4403,'Available','2025-04-29 06:38:35.207427',35,118),(4404,'Available','2025-04-29 06:38:35.207427',412,118),(4405,'Available','2025-04-29 06:38:35.207427',424,118),(4406,'Available','2025-04-29 06:38:35.207427',436,118),(4407,'Available','2025-04-29 06:38:35.207427',49,118),(4408,'Available','2025-04-29 06:38:35.207427',63,118),(4409,'Available','2025-04-29 06:38:35.207427',77,118),(4410,'Available','2025-04-29 06:38:35.207427',91,118),(4411,'Available','2025-04-29 06:38:35.207427',105,118),(4412,'Available','2025-04-29 06:38:35.207427',119,118),(4413,'Available','2025-04-29 06:38:35.216903',7,119),(4414,'Available','2025-04-29 06:38:35.216903',133,119),(4415,'Available','2025-04-29 06:38:35.216903',147,119),(4416,'Available','2025-04-29 06:38:35.216903',161,119),(4417,'Available','2025-04-29 06:38:35.216903',175,119),(4418,'Available','2025-04-29 06:38:35.216903',189,119),(4419,'Available','2025-04-29 06:38:35.216903',203,119),(4420,'Available','2025-04-29 06:38:35.216903',217,119),(4421,'Available','2025-04-29 06:38:35.216903',231,119),(4422,'Available','2025-04-29 06:38:35.216903',245,119),(4423,'Available','2025-04-29 06:38:35.216903',259,119),(4424,'Available','2025-04-29 06:38:35.216903',21,119),(4425,'Available','2025-04-29 06:38:35.216903',273,119),(4426,'Available','2025-04-29 06:38:35.216903',287,119),(4427,'Available','2025-04-29 06:38:35.216903',301,119),(4428,'Available','2025-04-29 06:38:35.216903',315,119),(4429,'Available','2025-04-29 06:38:35.216903',329,119),(4430,'Available','2025-04-29 06:38:35.216903',343,119),(4431,'Available','2025-04-29 06:38:35.216903',357,119),(4432,'Available','2025-04-29 06:38:35.216903',371,119),(4433,'Available','2025-04-29 06:38:35.216903',385,119),(4434,'Available','2025-04-29 06:38:35.216903',399,119),(4435,'Available','2025-04-29 06:38:35.216903',35,119),(4436,'Available','2025-04-29 06:38:35.216903',412,119),(4437,'Available','2025-04-29 06:38:35.216903',424,119),(4438,'Available','2025-04-29 06:38:35.216903',436,119),(4439,'Available','2025-04-29 06:38:35.216903',49,119),(4440,'Available','2025-04-29 06:38:35.216903',63,119),(4441,'Available','2025-04-29 06:38:35.216903',77,119),(4442,'Available','2025-04-29 06:38:35.216903',91,119),(4443,'Available','2025-04-29 06:38:35.216903',105,119),(4444,'Available','2025-04-29 06:38:35.216903',119,119),(4445,'Available','2025-04-29 06:38:35.220613',7,120),(4446,'Available','2025-04-29 06:38:35.220613',133,120),(4447,'Available','2025-04-29 06:38:35.220613',147,120),(4448,'Available','2025-04-29 06:38:35.220613',161,120),(4449,'Available','2025-04-29 06:38:35.220613',175,120),(4450,'Available','2025-04-29 06:38:35.220613',189,120),(4451,'Available','2025-04-29 06:38:35.220613',203,120),(4452,'Available','2025-04-29 06:38:35.220613',217,120),(4453,'Available','2025-04-29 06:38:35.220613',231,120),(4454,'Available','2025-04-29 06:38:35.220613',245,120),(4455,'Available','2025-04-29 06:38:35.220613',259,120),(4456,'Available','2025-04-29 06:38:35.220613',21,120),(4457,'Available','2025-04-29 06:38:35.220613',273,120),(4458,'Available','2025-04-29 06:38:35.220613',287,120),(4459,'Available','2025-04-29 06:38:35.220613',301,120),(4460,'Available','2025-04-29 06:38:35.220613',315,120),(4461,'Available','2025-04-29 06:38:35.220613',329,120),(4462,'Available','2025-04-29 06:38:35.220613',343,120),(4463,'Available','2025-04-29 06:38:35.220613',357,120),(4464,'Available','2025-04-29 06:38:35.220613',371,120),(4465,'Available','2025-04-29 06:38:35.220613',385,120),(4466,'Available','2025-04-29 06:38:35.220613',399,120),(4467,'Available','2025-04-29 06:38:35.220613',35,120),(4468,'Available','2025-04-29 06:38:35.220613',412,120),(4469,'Available','2025-04-29 06:38:35.220613',424,120),(4470,'Available','2025-04-29 06:38:35.220613',436,120),(4471,'Available','2025-04-29 06:38:35.220613',49,120),(4472,'Available','2025-04-29 06:38:35.220613',63,120),(4473,'Available','2025-04-29 06:38:35.220613',77,120),(4474,'Available','2025-04-29 06:38:35.220613',91,120),(4475,'Available','2025-04-29 06:38:35.220613',105,120),(4476,'Available','2025-04-29 06:38:35.220613',119,120),(4477,'Available','2025-04-29 06:38:35.227393',7,121),(4478,'Available','2025-04-29 06:38:35.227393',133,121),(4479,'Available','2025-04-29 06:38:35.227393',147,121),(4480,'Available','2025-04-29 06:38:35.227393',161,121),(4481,'Available','2025-04-29 06:38:35.227393',175,121),(4482,'Available','2025-04-29 06:38:35.227393',189,121),(4483,'Available','2025-04-29 06:38:35.227393',203,121),(4484,'Available','2025-04-29 06:38:35.227393',217,121),(4485,'Available','2025-04-29 06:38:35.227393',231,121),(4486,'Available','2025-04-29 06:38:35.227393',245,121),(4487,'Available','2025-04-29 06:38:35.227393',259,121),(4488,'Available','2025-04-29 06:38:35.227393',21,121),(4489,'Available','2025-04-29 06:38:35.227393',273,121),(4490,'Available','2025-04-29 06:38:35.227393',287,121),(4491,'Available','2025-04-29 06:38:35.227393',301,121),(4492,'Available','2025-04-29 06:38:35.227393',315,121),(4493,'Available','2025-04-29 06:38:35.227393',329,121),(4494,'Available','2025-04-29 06:38:35.227393',343,121),(4495,'Available','2025-04-29 06:38:35.227393',357,121),(4496,'Available','2025-04-29 06:38:35.227393',371,121),(4497,'Available','2025-04-29 06:38:35.227393',385,121),(4498,'Available','2025-04-29 06:38:35.227393',399,121),(4499,'Available','2025-04-29 06:38:35.227393',35,121),(4500,'Available','2025-04-29 06:38:35.227393',412,121),(4501,'Available','2025-04-29 06:38:35.227393',424,121),(4502,'Available','2025-04-29 06:38:35.228387',436,121),(4503,'Available','2025-04-29 06:38:35.228387',49,121),(4504,'Available','2025-04-29 06:38:35.228387',63,121),(4505,'Available','2025-04-29 06:38:35.228387',77,121),(4506,'Available','2025-04-29 06:38:35.228387',91,121),(4507,'Available','2025-04-29 06:38:35.228387',105,121),(4508,'Available','2025-04-29 06:38:35.228387',119,121),(4509,'Available','2025-04-29 06:38:35.235809',7,122),(4510,'Available','2025-04-29 06:38:35.235809',133,122),(4511,'Available','2025-04-29 06:38:35.235809',147,122),(4512,'Available','2025-04-29 06:38:35.235809',161,122),(4513,'Available','2025-04-29 06:38:35.235809',175,122),(4514,'Available','2025-04-29 06:38:35.235809',189,122),(4515,'Available','2025-04-29 06:38:35.235809',203,122),(4516,'Available','2025-04-29 06:38:35.235809',217,122),(4517,'Available','2025-04-29 06:38:35.235809',231,122),(4518,'Available','2025-04-29 06:38:35.235809',245,122),(4519,'Available','2025-04-29 06:38:35.235809',259,122),(4520,'Available','2025-04-29 06:38:35.236856',21,122),(4521,'Available','2025-04-29 06:38:35.236856',273,122),(4522,'Available','2025-04-29 06:38:35.236856',287,122),(4523,'Available','2025-04-29 06:38:35.236856',301,122),(4524,'Available','2025-04-29 06:38:35.236856',315,122),(4525,'Available','2025-04-29 06:38:35.236856',329,122),(4526,'Available','2025-04-29 06:38:35.236856',343,122),(4527,'Available','2025-04-29 06:38:35.236856',357,122),(4528,'Available','2025-04-29 06:38:35.236856',371,122),(4529,'Available','2025-04-29 06:38:35.236856',385,122),(4530,'Available','2025-04-29 06:38:35.236856',399,122),(4531,'Available','2025-04-29 06:38:35.236856',35,122),(4532,'Available','2025-04-29 06:38:35.236856',412,122),(4533,'Available','2025-04-29 06:38:35.236856',424,122),(4534,'Available','2025-04-29 06:38:35.236856',436,122),(4535,'Available','2025-04-29 06:38:35.236856',49,122),(4536,'Available','2025-04-29 06:38:35.236856',63,122),(4537,'Available','2025-04-29 06:38:35.236856',77,122),(4538,'Available','2025-04-29 06:38:35.236856',91,122),(4539,'Available','2025-04-29 06:38:35.236856',105,122),(4540,'Available','2025-04-29 06:38:35.236856',119,122),(4541,'Available','2025-04-29 06:38:35.241357',7,123),(4542,'Available','2025-04-29 06:38:35.241357',133,123),(4543,'Available','2025-04-29 06:38:35.241357',147,123),(4544,'Available','2025-04-29 06:38:35.241357',161,123),(4545,'Available','2025-04-29 06:38:35.241357',175,123),(4546,'Available','2025-04-29 06:38:35.241357',189,123),(4547,'Available','2025-04-29 06:38:35.241357',203,123),(4548,'Available','2025-04-29 06:38:35.241357',217,123),(4549,'Available','2025-04-29 06:38:35.241357',231,123),(4550,'Available','2025-04-29 06:38:35.241357',245,123),(4551,'Available','2025-04-29 06:38:35.241357',259,123),(4552,'Available','2025-04-29 06:38:35.241357',21,123),(4553,'Available','2025-04-29 06:38:35.241357',273,123),(4554,'Available','2025-04-29 06:38:35.241357',287,123),(4555,'Available','2025-04-29 06:38:35.241357',301,123),(4556,'Available','2025-04-29 06:38:35.241357',315,123),(4557,'Available','2025-04-29 06:38:35.241357',329,123),(4558,'Available','2025-04-29 06:38:35.241357',343,123),(4559,'Available','2025-04-29 06:38:35.241357',357,123),(4560,'Available','2025-04-29 06:38:35.241357',371,123),(4561,'Available','2025-04-29 06:38:35.241357',385,123),(4562,'Available','2025-04-29 06:38:35.241357',399,123),(4563,'Available','2025-04-29 06:38:35.241357',35,123),(4564,'Available','2025-04-29 06:38:35.241357',412,123),(4565,'Available','2025-04-29 06:38:35.241357',424,123),(4566,'Available','2025-04-29 06:38:35.241357',436,123),(4567,'Available','2025-04-29 06:38:35.241357',49,123),(4568,'Available','2025-04-29 06:38:35.241357',63,123),(4569,'Available','2025-04-29 06:38:35.241357',77,123),(4570,'Available','2025-04-29 06:38:35.241357',91,123),(4571,'Available','2025-04-29 06:38:35.241357',105,123),(4572,'Available','2025-04-29 06:38:35.241357',119,123),(4573,'Available','2025-04-29 06:38:35.246959',7,124),(4574,'Available','2025-04-29 06:38:35.246959',133,124),(4575,'Available','2025-04-29 06:38:35.246959',147,124),(4576,'Available','2025-04-29 06:38:35.246959',161,124),(4577,'Available','2025-04-29 06:38:35.246959',175,124),(4578,'Available','2025-04-29 06:38:35.246959',189,124),(4579,'Available','2025-04-29 06:38:35.246959',203,124),(4580,'Available','2025-04-29 06:38:35.246959',217,124),(4581,'Available','2025-04-29 06:38:35.246959',231,124),(4582,'Available','2025-04-29 06:38:35.246959',245,124),(4583,'Available','2025-04-29 06:38:35.246959',259,124),(4584,'Available','2025-04-29 06:38:35.246959',21,124),(4585,'Available','2025-04-29 06:38:35.246959',273,124),(4586,'Available','2025-04-29 06:38:35.246959',287,124),(4587,'Available','2025-04-29 06:38:35.246959',301,124),(4588,'Available','2025-04-29 06:38:35.246959',315,124),(4589,'Available','2025-04-29 06:38:35.246959',329,124),(4590,'Available','2025-04-29 06:38:35.246959',343,124),(4591,'Available','2025-04-29 06:38:35.246959',357,124),(4592,'Available','2025-04-29 06:38:35.246959',371,124),(4593,'Available','2025-04-29 06:38:35.246959',385,124),(4594,'Available','2025-04-29 06:38:35.246959',399,124),(4595,'Available','2025-04-29 06:38:35.246959',35,124),(4596,'Available','2025-04-29 06:38:35.246959',412,124),(4597,'Available','2025-04-29 06:38:35.246959',424,124),(4598,'Available','2025-04-29 06:38:35.246959',436,124),(4599,'Available','2025-04-29 06:38:35.246959',49,124),(4600,'Available','2025-04-29 06:38:35.246959',63,124),(4601,'Available','2025-04-29 06:38:35.246959',77,124),(4602,'Available','2025-04-29 06:38:35.246959',91,124),(4603,'Available','2025-04-29 06:38:35.246959',105,124),(4604,'Available','2025-04-29 06:38:35.246959',119,124),(4605,'Available','2025-04-29 06:38:35.251152',4,125),(4606,'Available','2025-04-29 06:38:35.251152',130,125),(4607,'Available','2025-04-29 06:38:35.251152',144,125),(4608,'Available','2025-04-29 06:38:35.251152',158,125),(4609,'Available','2025-04-29 06:38:35.251152',172,125),(4610,'Available','2025-04-29 06:38:35.251152',186,125),(4611,'Available','2025-04-29 06:38:35.251152',200,125),(4612,'Available','2025-04-29 06:38:35.251152',214,125),(4613,'Available','2025-04-29 06:38:35.251152',228,125),(4614,'Available','2025-04-29 06:38:35.251152',242,125),(4615,'Available','2025-04-29 06:38:35.251152',256,125),(4616,'Available','2025-04-29 06:38:35.251152',18,125),(4617,'Available','2025-04-29 06:38:35.251152',270,125),(4618,'Available','2025-04-29 06:38:35.251152',284,125),(4619,'Available','2025-04-29 06:38:35.251152',298,125),(4620,'Available','2025-04-29 06:38:35.251152',312,125),(4621,'Available','2025-04-29 06:38:35.251152',326,125),(4622,'Available','2025-04-29 06:38:35.251152',340,125),(4623,'Available','2025-04-29 06:38:35.251152',354,125),(4624,'Available','2025-04-29 06:38:35.251152',368,125),(4625,'Available','2025-04-29 06:38:35.251152',382,125),(4626,'Available','2025-04-29 06:38:35.251152',396,125),(4627,'Available','2025-04-29 06:38:35.251152',32,125),(4628,'Available','2025-04-29 06:38:35.251152',410,125),(4629,'Available','2025-04-29 06:38:35.251152',422,125),(4630,'Available','2025-04-29 06:38:35.251152',434,125),(4631,'Available','2025-04-29 06:38:35.251152',46,125),(4632,'Available','2025-04-29 06:38:35.251152',60,125),(4633,'Available','2025-04-29 06:38:35.251152',74,125),(4634,'Available','2025-04-29 06:38:35.251152',88,125),(4635,'Available','2025-04-29 06:38:35.251152',102,125),(4636,'Available','2025-04-29 06:38:35.251152',116,125),(4637,'Available','2025-04-29 06:38:35.261160',4,126),(4638,'Available','2025-04-29 06:38:35.261160',130,126),(4639,'Available','2025-04-29 06:38:35.261160',144,126),(4640,'Available','2025-04-29 06:38:35.261160',158,126),(4641,'Available','2025-04-29 06:38:35.261160',172,126),(4642,'Available','2025-04-29 06:38:35.261160',186,126),(4643,'Available','2025-04-29 06:38:35.261160',200,126),(4644,'Available','2025-04-29 06:38:35.261160',214,126),(4645,'Available','2025-04-29 06:38:35.261160',228,126),(4646,'Available','2025-04-29 06:38:35.261160',242,126),(4647,'Available','2025-04-29 06:38:35.261160',256,126),(4648,'Available','2025-04-29 06:38:35.261160',18,126),(4649,'Available','2025-04-29 06:38:35.261160',270,126),(4650,'Available','2025-04-29 06:38:35.261160',284,126),(4651,'Available','2025-04-29 06:38:35.261160',298,126),(4652,'Available','2025-04-29 06:38:35.261160',312,126),(4653,'Available','2025-04-29 06:38:35.261160',326,126),(4654,'Available','2025-04-29 06:38:35.261160',340,126),(4655,'Available','2025-04-29 06:38:35.261160',354,126),(4656,'Available','2025-04-29 06:38:35.261160',368,126),(4657,'Available','2025-04-29 06:38:35.261160',382,126),(4658,'Available','2025-04-29 06:38:35.261160',396,126),(4659,'Available','2025-04-29 06:38:35.261160',32,126),(4660,'Available','2025-04-29 06:38:35.261160',410,126),(4661,'Available','2025-04-29 06:38:35.261160',422,126),(4662,'Available','2025-04-29 06:38:35.261160',434,126),(4663,'Available','2025-04-29 06:38:35.261160',46,126),(4664,'Available','2025-04-29 06:38:35.261160',60,126),(4665,'Available','2025-04-29 06:38:35.261160',74,126),(4666,'Available','2025-04-29 06:38:35.261160',88,126),(4667,'Available','2025-04-29 06:38:35.261160',102,126),(4668,'Available','2025-04-29 06:38:35.261160',116,126),(4669,'Available','2025-04-29 06:38:35.268172',4,127),(4670,'Available','2025-04-29 06:38:35.268172',130,127),(4671,'Available','2025-04-29 06:38:35.268172',144,127),(4672,'Available','2025-04-29 06:38:35.268172',158,127),(4673,'Available','2025-04-29 06:38:35.268172',172,127),(4674,'Available','2025-04-29 06:38:35.268172',186,127),(4675,'Available','2025-04-29 06:38:35.268172',200,127),(4676,'Available','2025-04-29 06:38:35.268172',214,127),(4677,'Available','2025-04-29 06:38:35.268172',228,127),(4678,'Available','2025-04-29 06:38:35.268172',242,127),(4679,'Available','2025-04-29 06:38:35.268172',256,127),(4680,'Available','2025-04-29 06:38:35.268172',18,127),(4681,'Available','2025-04-29 06:38:35.268172',270,127),(4682,'Available','2025-04-29 06:38:35.268172',284,127),(4683,'Available','2025-04-29 06:38:35.268172',298,127),(4684,'Available','2025-04-29 06:38:35.268172',312,127),(4685,'Available','2025-04-29 06:38:35.268172',326,127),(4686,'Available','2025-04-29 06:38:35.268172',340,127),(4687,'Available','2025-04-29 06:38:35.268172',354,127),(4688,'Available','2025-04-29 06:38:35.268172',368,127),(4689,'Available','2025-04-29 06:38:35.268172',382,127),(4690,'Available','2025-04-29 06:38:35.268172',396,127),(4691,'Available','2025-04-29 06:38:35.268172',32,127),(4692,'Available','2025-04-29 06:38:35.268172',410,127),(4693,'Available','2025-04-29 06:38:35.268172',422,127),(4694,'Available','2025-04-29 06:38:35.268172',434,127),(4695,'Available','2025-04-29 06:38:35.268172',46,127),(4696,'Available','2025-04-29 06:38:35.268172',60,127),(4697,'Available','2025-04-29 06:38:35.268172',74,127),(4698,'Available','2025-04-29 06:38:35.268172',88,127),(4699,'Available','2025-04-29 06:38:35.268172',102,127),(4700,'Available','2025-04-29 06:38:35.268172',116,127),(4701,'Available','2025-04-29 06:38:35.274094',4,128),(4702,'Available','2025-04-29 06:38:35.274094',130,128),(4703,'Available','2025-04-29 06:38:35.274094',144,128),(4704,'Available','2025-04-29 06:38:35.274094',158,128),(4705,'Available','2025-04-29 06:38:35.274094',172,128),(4706,'Available','2025-04-29 06:38:35.274094',186,128),(4707,'Available','2025-04-29 06:38:35.274094',200,128),(4708,'Available','2025-04-29 06:38:35.274094',214,128),(4709,'Available','2025-04-29 06:38:35.274094',228,128),(4710,'Available','2025-04-29 06:38:35.274094',242,128),(4711,'Available','2025-04-29 06:38:35.274094',256,128),(4712,'Available','2025-04-29 06:38:35.274094',18,128),(4713,'Available','2025-04-29 06:38:35.274094',270,128),(4714,'Available','2025-04-29 06:38:35.274094',284,128),(4715,'Available','2025-04-29 06:38:35.274094',298,128),(4716,'Available','2025-04-29 06:38:35.274094',312,128),(4717,'Available','2025-04-29 06:38:35.274094',326,128),(4718,'Available','2025-04-29 06:38:35.274094',340,128),(4719,'Available','2025-04-29 06:38:35.274094',354,128),(4720,'Available','2025-04-29 06:38:35.274094',368,128),(4721,'Available','2025-04-29 06:38:35.274094',382,128),(4722,'Available','2025-04-29 06:38:35.274094',396,128),(4723,'Available','2025-04-29 06:38:35.274094',32,128),(4724,'Available','2025-04-29 06:38:35.274094',410,128),(4725,'Available','2025-04-29 06:38:35.274094',422,128),(4726,'Available','2025-04-29 06:38:35.274094',434,128),(4727,'Available','2025-04-29 06:38:35.274094',46,128),(4728,'Available','2025-04-29 06:38:35.274094',60,128),(4729,'Available','2025-04-29 06:38:35.274094',74,128),(4730,'Available','2025-04-29 06:38:35.274094',88,128),(4731,'Available','2025-04-29 06:38:35.274094',102,128),(4732,'Available','2025-04-29 06:38:35.274094',116,128),(4733,'Available','2025-04-29 06:38:35.280428',4,129),(4734,'Available','2025-04-29 06:38:35.280428',130,129),(4735,'Available','2025-04-29 06:38:35.280428',144,129),(4736,'Available','2025-04-29 06:38:35.280428',158,129),(4737,'Available','2025-04-29 06:38:35.280428',172,129),(4738,'Available','2025-04-29 06:38:35.280428',186,129),(4739,'Available','2025-04-29 06:38:35.280428',200,129),(4740,'Available','2025-04-29 06:38:35.280428',214,129),(4741,'Available','2025-04-29 06:38:35.280428',228,129),(4742,'Available','2025-04-29 06:38:35.280428',242,129),(4743,'Available','2025-04-29 06:38:35.280428',256,129),(4744,'Available','2025-04-29 06:38:35.280428',18,129),(4745,'Available','2025-04-29 06:38:35.280428',270,129),(4746,'Available','2025-04-29 06:38:35.280428',284,129),(4747,'Available','2025-04-29 06:38:35.280428',298,129),(4748,'Available','2025-04-29 06:38:35.280428',312,129),(4749,'Available','2025-04-29 06:38:35.280428',326,129),(4750,'Available','2025-04-29 06:38:35.280428',340,129),(4751,'Available','2025-04-29 06:38:35.280428',354,129),(4752,'Available','2025-04-29 06:38:35.280428',368,129),(4753,'Available','2025-04-29 06:38:35.280428',382,129),(4754,'Available','2025-04-29 06:38:35.280428',396,129),(4755,'Available','2025-04-29 06:38:35.280428',32,129),(4756,'Available','2025-04-29 06:38:35.280428',410,129),(4757,'Available','2025-04-29 06:38:35.280428',422,129),(4758,'Available','2025-04-29 06:38:35.280428',434,129),(4759,'Available','2025-04-29 06:38:35.280428',46,129),(4760,'Available','2025-04-29 06:38:35.280428',60,129),(4761,'Available','2025-04-29 06:38:35.280428',74,129),(4762,'Available','2025-04-29 06:38:35.280428',88,129),(4763,'Available','2025-04-29 06:38:35.280428',102,129),(4764,'Available','2025-04-29 06:38:35.280428',116,129),(4765,'Available','2025-04-29 06:38:35.287891',4,130),(4766,'Available','2025-04-29 06:38:35.287891',130,130),(4767,'Available','2025-04-29 06:38:35.287891',144,130),(4768,'Available','2025-04-29 06:38:35.287891',158,130),(4769,'Available','2025-04-29 06:38:35.287891',172,130),(4770,'Available','2025-04-29 06:38:35.287891',186,130),(4771,'Available','2025-04-29 06:38:35.287891',200,130),(4772,'Available','2025-04-29 06:38:35.287891',214,130),(4773,'Available','2025-04-29 06:38:35.287891',228,130),(4774,'Available','2025-04-29 06:38:35.287891',242,130),(4775,'Available','2025-04-29 06:38:35.287891',256,130),(4776,'Available','2025-04-29 06:38:35.288865',18,130),(4777,'Available','2025-04-29 06:38:35.288865',270,130),(4778,'Available','2025-04-29 06:38:35.288865',284,130),(4779,'Available','2025-04-29 06:38:35.288865',298,130),(4780,'Available','2025-04-29 06:38:35.288865',312,130),(4781,'Available','2025-04-29 06:38:35.288865',326,130),(4782,'Available','2025-04-29 06:38:35.288865',340,130),(4783,'Available','2025-04-29 06:38:35.288865',354,130),(4784,'Available','2025-04-29 06:38:35.288865',368,130),(4785,'Available','2025-04-29 06:38:35.288865',382,130),(4786,'Available','2025-04-29 06:38:35.288865',396,130),(4787,'Available','2025-04-29 06:38:35.288865',32,130),(4788,'Available','2025-04-29 06:38:35.288865',410,130),(4789,'Available','2025-04-29 06:38:35.288865',422,130),(4790,'Available','2025-04-29 06:38:35.288865',434,130),(4791,'Available','2025-04-29 06:38:35.288865',46,130),(4792,'Available','2025-04-29 06:38:35.288865',60,130),(4793,'Available','2025-04-29 06:38:35.288865',74,130),(4794,'Available','2025-04-29 06:38:35.288865',88,130),(4795,'Available','2025-04-29 06:38:35.288865',102,130),(4796,'Available','2025-04-29 06:38:35.288865',116,130),(4797,'Available','2025-04-29 06:38:35.294167',4,131),(4798,'Available','2025-04-29 06:38:35.294167',130,131),(4799,'Available','2025-04-29 06:38:35.294167',144,131),(4800,'Available','2025-04-29 06:38:35.294167',158,131),(4801,'Available','2025-04-29 06:38:35.294167',172,131),(4802,'Available','2025-04-29 06:38:35.294167',186,131),(4803,'Available','2025-04-29 06:38:35.294167',200,131),(4804,'Available','2025-04-29 06:38:35.294167',214,131),(4805,'Available','2025-04-29 06:38:35.294167',228,131),(4806,'Available','2025-04-29 06:38:35.294167',242,131),(4807,'Available','2025-04-29 06:38:35.294167',256,131),(4808,'Available','2025-04-29 06:38:35.294167',18,131),(4809,'Available','2025-04-29 06:38:35.294167',270,131),(4810,'Available','2025-04-29 06:38:35.294167',284,131),(4811,'Available','2025-04-29 06:38:35.294167',298,131),(4812,'Available','2025-04-29 06:38:35.294167',312,131),(4813,'Available','2025-04-29 06:38:35.294167',326,131),(4814,'Available','2025-04-29 06:38:35.294167',340,131),(4815,'Available','2025-04-29 06:38:35.294167',354,131),(4816,'Available','2025-04-29 06:38:35.294167',368,131),(4817,'Available','2025-04-29 06:38:35.294167',382,131),(4818,'Available','2025-04-29 06:38:35.294167',396,131),(4819,'Available','2025-04-29 06:38:35.294167',32,131),(4820,'Available','2025-04-29 06:38:35.294167',410,131),(4821,'Available','2025-04-29 06:38:35.294167',422,131),(4822,'Available','2025-04-29 06:38:35.294167',434,131),(4823,'Available','2025-04-29 06:38:35.294167',46,131),(4824,'Available','2025-04-29 06:38:35.294167',60,131),(4825,'Available','2025-04-29 06:38:35.294167',74,131),(4826,'Available','2025-04-29 06:38:35.294167',88,131),(4827,'Available','2025-04-29 06:38:35.294167',102,131),(4828,'Available','2025-04-29 06:38:35.294167',116,131),(4829,'Available','2025-04-29 06:38:35.299633',4,132),(4830,'Available','2025-04-29 06:38:35.299633',130,132),(4831,'Available','2025-04-29 06:38:35.299633',144,132),(4832,'Available','2025-04-29 06:38:35.299633',158,132),(4833,'Available','2025-04-29 06:38:35.299633',172,132),(4834,'Available','2025-04-29 06:38:35.299633',186,132),(4835,'Available','2025-04-29 06:38:35.299633',200,132),(4836,'Available','2025-04-29 06:38:35.299633',214,132),(4837,'Available','2025-04-29 06:38:35.299633',228,132),(4838,'Available','2025-04-29 06:38:35.299633',242,132),(4839,'Available','2025-04-29 06:38:35.299633',256,132),(4840,'Available','2025-04-29 06:38:35.299633',18,132),(4841,'Available','2025-04-29 06:38:35.299633',270,132),(4842,'Available','2025-04-29 06:38:35.299633',284,132),(4843,'Available','2025-04-29 06:38:35.299633',298,132),(4844,'Available','2025-04-29 06:38:35.299633',312,132),(4845,'Available','2025-04-29 06:38:35.299633',326,132),(4846,'Available','2025-04-29 06:38:35.299633',340,132),(4847,'Available','2025-04-29 06:38:35.299633',354,132),(4848,'Available','2025-04-29 06:38:35.299633',368,132),(4849,'Available','2025-04-29 06:38:35.299633',382,132),(4850,'Available','2025-04-29 06:38:35.299633',396,132),(4851,'Available','2025-04-29 06:38:35.299633',32,132),(4852,'Available','2025-04-29 06:38:35.299633',410,132),(4853,'Available','2025-04-29 06:38:35.299633',422,132),(4854,'Available','2025-04-29 06:38:35.299633',434,132),(4855,'Available','2025-04-29 06:38:35.299633',46,132),(4856,'Available','2025-04-29 06:38:35.299633',60,132),(4857,'Available','2025-04-29 06:38:35.299633',74,132),(4858,'Available','2025-04-29 06:38:35.299633',88,132),(4859,'Available','2025-04-29 06:38:35.299633',102,132),(4860,'Available','2025-04-29 06:38:35.299633',116,132),(4861,'Available','2025-04-29 06:38:35.304579',13,133),(4862,'Available','2025-04-29 06:38:35.304579',139,133),(4863,'Available','2025-04-29 06:38:35.304579',153,133),(4864,'Available','2025-04-29 06:38:35.304579',167,133),(4865,'Available','2025-04-29 06:38:35.304579',181,133),(4866,'Available','2025-04-29 06:38:35.304579',195,133),(4867,'Available','2025-04-29 06:38:35.304579',209,133),(4868,'Available','2025-04-29 06:38:35.304579',223,133),(4869,'Available','2025-04-29 06:38:35.304579',237,133),(4870,'Available','2025-04-29 06:38:35.304579',251,133),(4871,'Available','2025-04-29 06:38:35.304579',265,133),(4872,'Available','2025-04-29 06:38:35.304579',27,133),(4873,'Available','2025-04-29 06:38:35.304579',279,133),(4874,'Available','2025-04-29 06:38:35.304579',293,133),(4875,'Available','2025-04-29 06:38:35.304579',307,133),(4876,'Available','2025-04-29 06:38:35.304579',321,133),(4877,'Available','2025-04-29 06:38:35.304579',335,133),(4878,'Available','2025-04-29 06:38:35.304579',349,133),(4879,'Available','2025-04-29 06:38:35.304579',363,133),(4880,'Available','2025-04-29 06:38:35.304579',377,133),(4881,'Available','2025-04-29 06:38:35.304579',391,133),(4882,'Available','2025-04-29 06:38:35.304579',405,133),(4883,'Available','2025-04-29 06:38:35.304579',41,133),(4884,'Available','2025-04-29 06:38:35.304579',417,133),(4885,'Available','2025-04-29 06:38:35.304579',429,133),(4886,'Available','2025-04-29 06:38:35.304579',441,133),(4887,'Available','2025-04-29 06:38:35.304579',448,133),(4888,'Available','2025-04-29 06:38:35.304579',455,133),(4889,'Available','2025-04-29 06:38:35.304579',462,133),(4890,'Available','2025-04-29 06:38:35.304579',469,133),(4891,'Available','2025-04-29 06:38:35.304579',476,133),(4892,'Available','2025-04-29 06:38:35.304579',483,133),(4893,'Available','2025-04-29 06:38:35.304579',490,133),(4894,'Available','2025-04-29 06:38:35.304579',55,133),(4895,'Available','2025-04-29 06:38:35.304579',497,133),(4896,'Available','2025-04-29 06:38:35.304579',504,133),(4897,'Available','2025-04-29 06:38:35.304579',511,133),(4898,'Available','2025-04-29 06:38:35.304579',518,133),(4899,'Available','2025-04-29 06:38:35.304579',525,133),(4900,'Available','2025-04-29 06:38:35.304579',69,133),(4901,'Available','2025-04-29 06:38:35.304579',83,133),(4902,'Available','2025-04-29 06:38:35.304579',97,133),(4903,'Available','2025-04-29 06:38:35.304579',111,133),(4904,'Available','2025-04-29 06:38:35.304579',125,133),(4905,'Available','2025-04-29 06:38:35.313729',13,134),(4906,'Available','2025-04-29 06:38:35.313729',139,134),(4907,'Available','2025-04-29 06:38:35.313729',153,134),(4908,'Available','2025-04-29 06:38:35.313729',167,134),(4909,'Available','2025-04-29 06:38:35.313729',181,134),(4910,'Available','2025-04-29 06:38:35.313729',195,134),(4911,'Available','2025-04-29 06:38:35.313729',209,134),(4912,'Available','2025-04-29 06:38:35.313729',223,134),(4913,'Available','2025-04-29 06:38:35.313729',237,134),(4914,'Available','2025-04-29 06:38:35.313729',251,134),(4915,'Available','2025-04-29 06:38:35.313729',265,134),(4916,'Available','2025-04-29 06:38:35.313729',27,134),(4917,'Available','2025-04-29 06:38:35.313729',279,134),(4918,'Available','2025-04-29 06:38:35.313729',293,134),(4919,'Available','2025-04-29 06:38:35.313729',307,134),(4920,'Available','2025-04-29 06:38:35.313729',321,134),(4921,'Available','2025-04-29 06:38:35.313729',335,134),(4922,'Available','2025-04-29 06:38:35.314711',349,134),(4923,'Available','2025-04-29 06:38:35.314711',363,134),(4924,'Available','2025-04-29 06:38:35.314711',377,134),(4925,'Available','2025-04-29 06:38:35.314711',391,134),(4926,'Available','2025-04-29 06:38:35.314711',405,134),(4927,'Available','2025-04-29 06:38:35.314711',41,134),(4928,'Available','2025-04-29 06:38:35.314711',417,134),(4929,'Available','2025-04-29 06:38:35.314711',429,134),(4930,'Available','2025-04-29 06:38:35.314711',441,134),(4931,'Available','2025-04-29 06:38:35.314711',448,134),(4932,'Available','2025-04-29 06:38:35.314711',455,134),(4933,'Available','2025-04-29 06:38:35.314711',462,134),(4934,'Available','2025-04-29 06:38:35.314711',469,134),(4935,'Available','2025-04-29 06:38:35.314711',476,134),(4936,'Available','2025-04-29 06:38:35.314711',483,134),(4937,'Available','2025-04-29 06:38:35.314711',490,134),(4938,'Available','2025-04-29 06:38:35.314711',55,134),(4939,'Available','2025-04-29 06:38:35.314711',497,134),(4940,'Available','2025-04-29 06:38:35.314711',504,134),(4941,'Available','2025-04-29 06:38:35.314711',511,134),(4942,'Available','2025-04-29 06:38:35.314711',518,134),(4943,'Available','2025-04-29 06:38:35.314711',525,134),(4944,'Available','2025-04-29 06:38:35.314711',69,134),(4945,'Available','2025-04-29 06:38:35.314711',83,134),(4946,'Available','2025-04-29 06:38:35.314711',97,134),(4947,'Available','2025-04-29 06:38:35.314711',111,134),(4948,'Available','2025-04-29 06:38:35.314711',125,134),(4949,'Available','2025-04-29 06:38:35.320748',13,135),(4950,'Available','2025-04-29 06:38:35.320748',139,135),(4951,'Available','2025-04-29 06:38:35.320748',153,135),(4952,'Available','2025-04-29 06:38:35.320748',167,135),(4953,'Available','2025-04-29 06:38:35.320748',181,135),(4954,'Available','2025-04-29 06:38:35.320748',195,135),(4955,'Available','2025-04-29 06:38:35.320748',209,135),(4956,'Available','2025-04-29 06:38:35.320748',223,135),(4957,'Available','2025-04-29 06:38:35.320748',237,135),(4958,'Available','2025-04-29 06:38:35.320748',251,135),(4959,'Available','2025-04-29 06:38:35.320748',265,135),(4960,'Available','2025-04-29 06:38:35.320748',27,135),(4961,'Available','2025-04-29 06:38:35.320748',279,135),(4962,'Available','2025-04-29 06:38:35.320748',293,135),(4963,'Available','2025-04-29 06:38:35.320748',307,135),(4964,'Available','2025-04-29 06:38:35.320748',321,135),(4965,'Available','2025-04-29 06:38:35.320748',335,135),(4966,'Available','2025-04-29 06:38:35.320748',349,135),(4967,'Available','2025-04-29 06:38:35.320748',363,135),(4968,'Available','2025-04-29 06:38:35.320748',377,135),(4969,'Available','2025-04-29 06:38:35.320748',391,135),(4970,'Available','2025-04-29 06:38:35.320748',405,135),(4971,'Available','2025-04-29 06:38:35.320748',41,135),(4972,'Available','2025-04-29 06:38:35.320748',417,135),(4973,'Available','2025-04-29 06:38:35.320748',429,135),(4974,'Available','2025-04-29 06:38:35.320748',441,135),(4975,'Available','2025-04-29 06:38:35.320748',448,135),(4976,'Available','2025-04-29 06:38:35.320748',455,135),(4977,'Available','2025-04-29 06:38:35.320748',462,135),(4978,'Available','2025-04-29 06:38:35.320748',469,135),(4979,'Available','2025-04-29 06:38:35.320748',476,135),(4980,'Available','2025-04-29 06:38:35.320748',483,135),(4981,'Available','2025-04-29 06:38:35.320748',490,135),(4982,'Available','2025-04-29 06:38:35.320748',55,135),(4983,'Available','2025-04-29 06:38:35.320748',497,135),(4984,'Available','2025-04-29 06:38:35.320748',504,135),(4985,'Available','2025-04-29 06:38:35.320748',511,135),(4986,'Available','2025-04-29 06:38:35.320748',518,135),(4987,'Available','2025-04-29 06:38:35.320748',525,135),(4988,'Available','2025-04-29 06:38:35.320748',69,135),(4989,'Available','2025-04-29 06:38:35.320748',83,135),(4990,'Available','2025-04-29 06:38:35.320748',97,135),(4991,'Available','2025-04-29 06:38:35.320748',111,135),(4992,'Available','2025-04-29 06:38:35.320748',125,135),(4993,'Available','2025-04-29 06:38:35.329101',13,136),(4994,'Available','2025-04-29 06:38:35.329101',139,136),(4995,'Available','2025-04-29 06:38:35.329101',153,136),(4996,'Available','2025-04-29 06:38:35.329101',167,136),(4997,'Available','2025-04-29 06:38:35.329101',181,136),(4998,'Available','2025-04-29 06:38:35.329101',195,136),(4999,'Available','2025-04-29 06:38:35.329101',209,136),(5000,'Available','2025-04-29 06:38:35.329101',223,136),(5001,'Available','2025-04-29 06:38:35.329101',237,136),(5002,'Available','2025-04-29 06:38:35.329101',251,136),(5003,'Available','2025-04-29 06:38:35.329101',265,136),(5004,'Available','2025-04-29 06:38:35.329101',27,136),(5005,'Available','2025-04-29 06:38:35.329101',279,136),(5006,'Available','2025-04-29 06:38:35.329101',293,136),(5007,'Available','2025-04-29 06:38:35.329101',307,136),(5008,'Available','2025-04-29 06:38:35.329101',321,136),(5009,'Available','2025-04-29 06:38:35.329101',335,136),(5010,'Available','2025-04-29 06:38:35.329101',349,136),(5011,'Available','2025-04-29 06:38:35.329101',363,136),(5012,'Available','2025-04-29 06:38:35.329101',377,136),(5013,'Available','2025-04-29 06:38:35.329101',391,136),(5014,'Available','2025-04-29 06:38:35.329101',405,136),(5015,'Available','2025-04-29 06:38:35.329101',41,136),(5016,'Available','2025-04-29 06:38:35.329101',417,136),(5017,'Available','2025-04-29 06:38:35.329101',429,136),(5018,'Available','2025-04-29 06:38:35.329101',441,136),(5019,'Available','2025-04-29 06:38:35.329101',448,136),(5020,'Available','2025-04-29 06:38:35.329101',455,136),(5021,'Available','2025-04-29 06:38:35.329101',462,136),(5022,'Available','2025-04-29 06:38:35.329101',469,136),(5023,'Available','2025-04-29 06:38:35.329101',476,136),(5024,'Available','2025-04-29 06:38:35.329101',483,136),(5025,'Available','2025-04-29 06:38:35.330101',490,136),(5026,'Available','2025-04-29 06:38:35.330101',55,136),(5027,'Available','2025-04-29 06:38:35.330101',497,136),(5028,'Available','2025-04-29 06:38:35.330101',504,136),(5029,'Available','2025-04-29 06:38:35.330101',511,136),(5030,'Available','2025-04-29 06:38:35.330101',518,136),(5031,'Available','2025-04-29 06:38:35.330101',525,136),(5032,'Available','2025-04-29 06:38:35.330101',69,136),(5033,'Available','2025-04-29 06:38:35.330101',83,136),(5034,'Available','2025-04-29 06:38:35.330101',97,136),(5035,'Available','2025-04-29 06:38:35.330101',111,136),(5036,'Available','2025-04-29 06:38:35.330101',125,136),(5037,'Available','2025-04-29 06:38:35.335754',13,137),(5038,'Available','2025-04-29 06:38:35.335754',139,137),(5039,'Available','2025-04-29 06:38:35.335754',153,137),(5040,'Available','2025-04-29 06:38:35.335754',167,137),(5041,'Available','2025-04-29 06:38:35.335754',181,137),(5042,'Available','2025-04-29 06:38:35.335754',195,137),(5043,'Available','2025-04-29 06:38:35.335754',209,137),(5044,'Available','2025-04-29 06:38:35.335754',223,137),(5045,'Available','2025-04-29 06:38:35.335754',237,137),(5046,'Available','2025-04-29 06:38:35.335754',251,137),(5047,'Available','2025-04-29 06:38:35.335754',265,137),(5048,'Available','2025-04-29 06:38:35.335754',27,137),(5049,'Available','2025-04-29 06:38:35.335754',279,137),(5050,'Available','2025-04-29 06:38:35.335754',293,137),(5051,'Available','2025-04-29 06:38:35.335754',307,137),(5052,'Available','2025-04-29 06:38:35.335754',321,137),(5053,'Available','2025-04-29 06:38:35.336752',335,137),(5054,'Available','2025-04-29 06:38:35.336752',349,137),(5055,'Available','2025-04-29 06:38:35.336752',363,137),(5056,'Available','2025-04-29 06:38:35.336752',377,137),(5057,'Available','2025-04-29 06:38:35.336752',391,137),(5058,'Available','2025-04-29 06:38:35.336752',405,137),(5059,'Available','2025-04-29 06:38:35.336752',41,137),(5060,'Available','2025-04-29 06:38:35.336752',417,137),(5061,'Available','2025-04-29 06:38:35.336752',429,137),(5062,'Available','2025-04-29 06:38:35.336752',441,137),(5063,'Available','2025-04-29 06:38:35.336752',448,137),(5064,'Available','2025-04-29 06:38:35.336752',455,137),(5065,'Available','2025-04-29 06:38:35.336752',462,137),(5066,'Available','2025-04-29 06:38:35.336752',469,137),(5067,'Available','2025-04-29 06:38:35.336752',476,137),(5068,'Available','2025-04-29 06:38:35.336752',483,137),(5069,'Available','2025-04-29 06:38:35.336752',490,137),(5070,'Available','2025-04-29 06:38:35.336752',55,137),(5071,'Available','2025-04-29 06:38:35.336752',497,137),(5072,'Available','2025-04-29 06:38:35.336752',504,137),(5073,'Available','2025-04-29 06:38:35.336752',511,137),(5074,'Available','2025-04-29 06:38:35.336752',518,137),(5075,'Available','2025-04-29 06:38:35.336752',525,137),(5076,'Available','2025-04-29 06:38:35.336752',69,137),(5077,'Available','2025-04-29 06:38:35.336752',83,137),(5078,'Available','2025-04-29 06:38:35.336752',97,137),(5079,'Available','2025-04-29 06:38:35.336752',111,137),(5080,'Available','2025-04-29 06:38:35.336752',125,137),(5081,'Available','2025-04-29 06:38:35.344494',13,138),(5082,'Available','2025-04-29 06:38:35.344494',139,138),(5083,'Available','2025-04-29 06:38:35.344494',153,138),(5084,'Available','2025-04-29 06:38:35.344494',167,138),(5085,'Available','2025-04-29 06:38:35.344494',181,138),(5086,'Available','2025-04-29 06:38:35.344494',195,138),(5087,'Available','2025-04-29 06:38:35.344494',209,138),(5088,'Available','2025-04-29 06:38:35.344494',223,138),(5089,'Available','2025-04-29 06:38:35.344494',237,138),(5090,'Available','2025-04-29 06:38:35.344494',251,138),(5091,'Available','2025-04-29 06:38:35.344494',265,138),(5092,'Available','2025-04-29 06:38:35.344494',27,138),(5093,'Available','2025-04-29 06:38:35.344494',279,138),(5094,'Available','2025-04-29 06:38:35.344494',293,138),(5095,'Available','2025-04-29 06:38:35.344494',307,138),(5096,'Available','2025-04-29 06:38:35.344494',321,138),(5097,'Available','2025-04-29 06:38:35.344494',335,138),(5098,'Available','2025-04-29 06:38:35.344494',349,138),(5099,'Available','2025-04-29 06:38:35.344494',363,138),(5100,'Available','2025-04-29 06:38:35.344494',377,138),(5101,'Available','2025-04-29 06:38:35.344494',391,138),(5102,'Available','2025-04-29 06:38:35.344494',405,138),(5103,'Available','2025-04-29 06:38:35.344494',41,138),(5104,'Available','2025-04-29 06:38:35.344494',417,138),(5105,'Available','2025-04-29 06:38:35.344494',429,138),(5106,'Available','2025-04-29 06:38:35.344494',441,138),(5107,'Available','2025-04-29 06:38:35.344494',448,138),(5108,'Available','2025-04-29 06:38:35.344494',455,138),(5109,'Available','2025-04-29 06:38:35.344494',462,138),(5110,'Available','2025-04-29 06:38:35.344494',469,138),(5111,'Available','2025-04-29 06:38:35.344494',476,138),(5112,'Available','2025-04-29 06:38:35.344494',483,138),(5113,'Available','2025-04-29 06:38:35.344494',490,138),(5114,'Available','2025-04-29 06:38:35.344494',55,138),(5115,'Available','2025-04-29 06:38:35.344494',497,138),(5116,'Available','2025-04-29 06:38:35.344494',504,138),(5117,'Available','2025-04-29 06:38:35.344494',511,138),(5118,'Available','2025-04-29 06:38:35.344494',518,138),(5119,'Available','2025-04-29 06:38:35.344494',525,138),(5120,'Available','2025-04-29 06:38:35.344494',69,138),(5121,'Available','2025-04-29 06:38:35.344494',83,138),(5122,'Available','2025-04-29 06:38:35.344494',97,138),(5123,'Available','2025-04-29 06:38:35.344494',111,138),(5124,'Available','2025-04-29 06:38:35.344494',125,138),(5125,'Available','2025-04-29 06:38:35.352963',13,139),(5126,'Available','2025-04-29 06:38:35.352963',139,139),(5127,'Available','2025-04-29 06:38:35.352963',153,139),(5128,'Available','2025-04-29 06:38:35.352963',167,139),(5129,'Available','2025-04-29 06:38:35.352963',181,139),(5130,'Available','2025-04-29 06:38:35.352963',195,139),(5131,'Available','2025-04-29 06:38:35.352963',209,139),(5132,'Available','2025-04-29 06:38:35.352963',223,139),(5133,'Available','2025-04-29 06:38:35.352963',237,139),(5134,'Available','2025-04-29 06:38:35.352963',251,139),(5135,'Available','2025-04-29 06:38:35.352963',265,139),(5136,'Available','2025-04-29 06:38:35.354477',27,139),(5137,'Available','2025-04-29 06:38:35.354477',279,139),(5138,'Available','2025-04-29 06:38:35.354477',293,139),(5139,'Available','2025-04-29 06:38:35.354477',307,139),(5140,'Available','2025-04-29 06:38:35.354477',321,139),(5141,'Available','2025-04-29 06:38:35.354477',335,139),(5142,'Available','2025-04-29 06:38:35.354477',349,139),(5143,'Available','2025-04-29 06:38:35.354477',363,139),(5144,'Available','2025-04-29 06:38:35.354477',377,139),(5145,'Available','2025-04-29 06:38:35.354477',391,139),(5146,'Available','2025-04-29 06:38:35.354477',405,139),(5147,'Available','2025-04-29 06:38:35.354477',41,139),(5148,'Available','2025-04-29 06:38:35.354477',417,139),(5149,'Available','2025-04-29 06:38:35.354477',429,139),(5150,'Available','2025-04-29 06:38:35.354477',441,139),(5151,'Available','2025-04-29 06:38:35.354477',448,139),(5152,'Available','2025-04-29 06:38:35.354477',455,139),(5153,'Available','2025-04-29 06:38:35.354477',462,139),(5154,'Available','2025-04-29 06:38:35.354477',469,139),(5155,'Available','2025-04-29 06:38:35.354477',476,139),(5156,'Available','2025-04-29 06:38:35.354477',483,139),(5157,'Available','2025-04-29 06:38:35.354477',490,139),(5158,'Available','2025-04-29 06:38:35.354477',55,139),(5159,'Available','2025-04-29 06:38:35.354477',497,139),(5160,'Available','2025-04-29 06:38:35.354477',504,139),(5161,'Available','2025-04-29 06:38:35.354477',511,139),(5162,'Available','2025-04-29 06:38:35.354477',518,139),(5163,'Available','2025-04-29 06:38:35.354477',525,139),(5164,'Available','2025-04-29 06:38:35.354477',69,139),(5165,'Available','2025-04-29 06:38:35.354477',83,139),(5166,'Available','2025-04-29 06:38:35.354477',97,139),(5167,'Available','2025-04-29 06:38:35.354477',111,139),(5168,'Available','2025-04-29 06:38:35.354477',125,139),(5169,'Available','2025-04-29 06:38:35.359844',13,140),(5170,'Available','2025-04-29 06:38:35.359844',139,140),(5171,'Available','2025-04-29 06:38:35.359844',153,140),(5172,'Available','2025-04-29 06:38:35.359844',167,140),(5173,'Available','2025-04-29 06:38:35.359844',181,140),(5174,'Available','2025-04-29 06:38:35.359844',195,140),(5175,'Available','2025-04-29 06:38:35.359844',209,140),(5176,'Available','2025-04-29 06:38:35.359844',223,140),(5177,'Available','2025-04-29 06:38:35.359844',237,140),(5178,'Available','2025-04-29 06:38:35.359844',251,140),(5179,'Available','2025-04-29 06:38:35.359844',265,140),(5180,'Available','2025-04-29 06:38:35.359844',27,140),(5181,'Available','2025-04-29 06:38:35.359844',279,140),(5182,'Available','2025-04-29 06:38:35.359844',293,140),(5183,'Available','2025-04-29 06:38:35.359844',307,140),(5184,'Available','2025-04-29 06:38:35.359844',321,140),(5185,'Available','2025-04-29 06:38:35.359844',335,140),(5186,'Available','2025-04-29 06:38:35.359844',349,140),(5187,'Available','2025-04-29 06:38:35.359844',363,140),(5188,'Available','2025-04-29 06:38:35.359844',377,140),(5189,'Available','2025-04-29 06:38:35.359844',391,140),(5190,'Available','2025-04-29 06:38:35.359844',405,140),(5191,'Available','2025-04-29 06:38:35.359844',41,140),(5192,'Available','2025-04-29 06:38:35.359844',417,140),(5193,'Available','2025-04-29 06:38:35.359844',429,140),(5194,'Available','2025-04-29 06:38:35.359844',441,140),(5195,'Available','2025-04-29 06:38:35.359844',448,140),(5196,'Available','2025-04-29 06:38:35.359844',455,140),(5197,'Available','2025-04-29 06:38:35.359844',462,140),(5198,'Available','2025-04-29 06:38:35.359844',469,140),(5199,'Available','2025-04-29 06:38:35.359844',476,140),(5200,'Available','2025-04-29 06:38:35.359844',483,140),(5201,'Available','2025-04-29 06:38:35.359844',490,140),(5202,'Available','2025-04-29 06:38:35.359844',55,140),(5203,'Available','2025-04-29 06:38:35.359844',497,140),(5204,'Available','2025-04-29 06:38:35.359844',504,140),(5205,'Available','2025-04-29 06:38:35.359844',511,140),(5206,'Available','2025-04-29 06:38:35.359844',518,140),(5207,'Available','2025-04-29 06:38:35.359844',525,140),(5208,'Available','2025-04-29 06:38:35.359844',69,140),(5209,'Available','2025-04-29 06:38:35.359844',83,140),(5210,'Available','2025-04-29 06:38:35.359844',97,140),(5211,'Available','2025-04-29 06:38:35.359844',111,140),(5212,'Available','2025-04-29 06:38:35.359844',125,140),(5213,'Available','2025-04-29 06:38:35.366760',14,141),(5214,'Available','2025-04-29 06:38:35.366910',140,141),(5215,'Available','2025-04-29 06:38:35.366910',154,141),(5216,'Available','2025-04-29 06:38:35.366910',168,141),(5217,'Available','2025-04-29 06:38:35.366910',182,141),(5218,'Available','2025-04-29 06:38:35.366910',196,141),(5219,'Available','2025-04-29 06:38:35.366910',210,141),(5220,'Available','2025-04-29 06:38:35.366910',224,141),(5221,'Available','2025-04-29 06:38:35.366910',238,141),(5222,'Available','2025-04-29 06:38:35.366910',252,141),(5223,'Available','2025-04-29 06:38:35.366910',266,141),(5224,'Available','2025-04-29 06:38:35.366910',28,141),(5225,'Available','2025-04-29 06:38:35.366910',280,141),(5226,'Available','2025-04-29 06:38:35.366910',294,141),(5227,'Available','2025-04-29 06:38:35.366910',308,141),(5228,'Available','2025-04-29 06:38:35.366910',322,141),(5229,'Available','2025-04-29 06:38:35.366910',336,141),(5230,'Available','2025-04-29 06:38:35.366910',350,141),(5231,'Available','2025-04-29 06:38:35.366910',364,141),(5232,'Available','2025-04-29 06:38:35.366910',378,141),(5233,'Available','2025-04-29 06:38:35.366910',392,141),(5234,'Available','2025-04-29 06:38:35.366910',406,141),(5235,'Available','2025-04-29 06:38:35.366910',42,141),(5236,'Available','2025-04-29 06:38:35.366910',418,141),(5237,'Available','2025-04-29 06:38:35.366910',430,141),(5238,'Available','2025-04-29 06:38:35.366910',442,141),(5239,'Available','2025-04-29 06:38:35.366910',449,141),(5240,'Available','2025-04-29 06:38:35.366910',456,141),(5241,'Available','2025-04-29 06:38:35.366910',463,141),(5242,'Available','2025-04-29 06:38:35.366910',470,141),(5243,'Available','2025-04-29 06:38:35.366910',477,141),(5244,'Available','2025-04-29 06:38:35.366910',484,141),(5245,'Available','2025-04-29 06:38:35.366910',491,141),(5246,'Available','2025-04-29 06:38:35.366910',56,141),(5247,'Available','2025-04-29 06:38:35.366910',498,141),(5248,'Available','2025-04-29 06:38:35.366910',505,141),(5249,'Available','2025-04-29 06:38:35.366910',512,141),(5250,'Available','2025-04-29 06:38:35.366910',519,141),(5251,'Available','2025-04-29 06:38:35.366910',526,141),(5252,'Available','2025-04-29 06:38:35.366910',70,141),(5253,'Available','2025-04-29 06:38:35.366910',84,141),(5254,'Available','2025-04-29 06:38:35.366910',98,141),(5255,'Available','2025-04-29 06:38:35.366910',112,141),(5256,'Available','2025-04-29 06:38:35.366910',126,141),(5257,'Available','2025-04-29 06:38:35.374534',14,142),(5258,'Available','2025-04-29 06:38:35.374534',140,142),(5259,'Available','2025-04-29 06:38:35.374534',154,142),(5260,'Available','2025-04-29 06:38:35.374534',168,142),(5261,'Available','2025-04-29 06:38:35.374534',182,142),(5262,'Available','2025-04-29 06:38:35.374534',196,142),(5263,'Available','2025-04-29 06:38:35.374534',210,142),(5264,'Available','2025-04-29 06:38:35.374534',224,142),(5265,'Available','2025-04-29 06:38:35.374534',238,142),(5266,'Available','2025-04-29 06:38:35.374534',252,142),(5267,'Available','2025-04-29 06:38:35.374534',266,142),(5268,'Available','2025-04-29 06:38:35.374534',28,142),(5269,'Available','2025-04-29 06:38:35.374534',280,142),(5270,'Available','2025-04-29 06:38:35.374534',294,142),(5271,'Available','2025-04-29 06:38:35.374534',308,142),(5272,'Available','2025-04-29 06:38:35.374534',322,142),(5273,'Available','2025-04-29 06:38:35.374534',336,142),(5274,'Available','2025-04-29 06:38:35.374534',350,142),(5275,'Available','2025-04-29 06:38:35.374534',364,142),(5276,'Available','2025-04-29 06:38:35.374534',378,142),(5277,'Available','2025-04-29 06:38:35.374534',392,142),(5278,'Available','2025-04-29 06:38:35.374534',406,142),(5279,'Available','2025-04-29 06:38:35.374534',42,142),(5280,'Available','2025-04-29 06:38:35.374534',418,142),(5281,'Available','2025-04-29 06:38:35.374534',430,142),(5282,'Available','2025-04-29 06:38:35.374534',442,142),(5283,'Available','2025-04-29 06:38:35.374534',449,142),(5284,'Available','2025-04-29 06:38:35.374534',456,142),(5285,'Available','2025-04-29 06:38:35.374534',463,142),(5286,'Available','2025-04-29 06:38:35.374534',470,142),(5287,'Available','2025-04-29 06:38:35.374534',477,142),(5288,'Available','2025-04-29 06:38:35.374534',484,142),(5289,'Available','2025-04-29 06:38:35.374534',491,142),(5290,'Available','2025-04-29 06:38:35.374534',56,142),(5291,'Available','2025-04-29 06:38:35.374534',498,142),(5292,'Available','2025-04-29 06:38:35.374534',505,142),(5293,'Available','2025-04-29 06:38:35.374534',512,142),(5294,'Available','2025-04-29 06:38:35.374534',519,142),(5295,'Available','2025-04-29 06:38:35.374534',526,142),(5296,'Available','2025-04-29 06:38:35.374534',70,142),(5297,'Available','2025-04-29 06:38:35.374534',84,142),(5298,'Available','2025-04-29 06:38:35.374534',98,142),(5299,'Available','2025-04-29 06:38:35.374534',112,142),(5300,'Available','2025-04-29 06:38:35.374534',126,142),(5301,'Available','2025-04-29 06:38:35.384851',14,143),(5302,'Available','2025-04-29 06:38:35.384851',140,143),(5303,'Available','2025-04-29 06:38:35.384851',154,143),(5304,'Available','2025-04-29 06:38:35.384851',168,143),(5305,'Available','2025-04-29 06:38:35.384851',182,143),(5306,'Available','2025-04-29 06:38:35.384851',196,143),(5307,'Available','2025-04-29 06:38:35.384851',210,143),(5308,'Available','2025-04-29 06:38:35.384851',224,143),(5309,'Available','2025-04-29 06:38:35.384851',238,143),(5310,'Available','2025-04-29 06:38:35.384851',252,143),(5311,'Available','2025-04-29 06:38:35.384851',266,143),(5312,'Available','2025-04-29 06:38:35.384851',28,143),(5313,'Available','2025-04-29 06:38:35.384851',280,143),(5314,'Available','2025-04-29 06:38:35.384851',294,143),(5315,'Available','2025-04-29 06:38:35.384851',308,143),(5316,'Available','2025-04-29 06:38:35.384851',322,143),(5317,'Available','2025-04-29 06:38:35.384851',336,143),(5318,'Available','2025-04-29 06:38:35.384851',350,143),(5319,'Available','2025-04-29 06:38:35.384851',364,143),(5320,'Available','2025-04-29 06:38:35.384851',378,143),(5321,'Available','2025-04-29 06:38:35.384851',392,143),(5322,'Available','2025-04-29 06:38:35.384851',406,143),(5323,'Available','2025-04-29 06:38:35.384851',42,143),(5324,'Available','2025-04-29 06:38:35.385898',418,143),(5325,'Available','2025-04-29 06:38:35.385898',430,143),(5326,'Available','2025-04-29 06:38:35.385898',442,143),(5327,'Available','2025-04-29 06:38:35.385898',449,143),(5328,'Available','2025-04-29 06:38:35.385898',456,143),(5329,'Available','2025-04-29 06:38:35.385898',463,143),(5330,'Available','2025-04-29 06:38:35.385898',470,143),(5331,'Available','2025-04-29 06:38:35.385898',477,143),(5332,'Available','2025-04-29 06:38:35.385898',484,143),(5333,'Available','2025-04-29 06:38:35.385898',491,143),(5334,'Available','2025-04-29 06:38:35.385898',56,143),(5335,'Available','2025-04-29 06:38:35.385898',498,143),(5336,'Available','2025-04-29 06:38:35.386065',505,143),(5337,'Available','2025-04-29 06:38:35.386065',512,143),(5338,'Available','2025-04-29 06:38:35.386065',519,143),(5339,'Available','2025-04-29 06:38:35.386065',526,143),(5340,'Available','2025-04-29 06:38:35.386065',70,143),(5341,'Available','2025-04-29 06:38:35.386065',84,143),(5342,'Available','2025-04-29 06:38:35.386065',98,143),(5343,'Available','2025-04-29 06:38:35.386065',112,143),(5344,'Available','2025-04-29 06:38:35.386065',126,143),(5345,'Available','2025-04-29 06:38:35.411753',14,144),(5346,'Available','2025-04-29 06:38:35.411753',140,144),(5347,'Available','2025-04-29 06:38:35.411753',154,144),(5348,'Available','2025-04-29 06:38:35.411753',168,144),(5349,'Available','2025-04-29 06:38:35.411753',182,144),(5350,'Available','2025-04-29 06:38:35.411753',196,144),(5351,'Available','2025-04-29 06:38:35.411753',210,144),(5352,'Available','2025-04-29 06:38:35.411753',224,144),(5353,'Available','2025-04-29 06:38:35.411753',238,144),(5354,'Available','2025-04-29 06:38:35.411753',252,144),(5355,'Available','2025-04-29 06:38:35.411753',266,144),(5356,'Available','2025-04-29 06:38:35.411753',28,144),(5357,'Available','2025-04-29 06:38:35.411753',280,144),(5358,'Available','2025-04-29 06:38:35.411753',294,144),(5359,'Available','2025-04-29 06:38:35.411753',308,144),(5360,'Available','2025-04-29 06:38:35.411753',322,144),(5361,'Available','2025-04-29 06:38:35.411753',336,144),(5362,'Available','2025-04-29 06:38:35.411753',350,144),(5363,'Available','2025-04-29 06:38:35.411753',364,144),(5364,'Available','2025-04-29 06:38:35.411753',378,144),(5365,'Available','2025-04-29 06:38:35.411753',392,144),(5366,'Available','2025-04-29 06:38:35.411753',406,144),(5367,'Available','2025-04-29 06:38:35.411753',42,144),(5368,'Available','2025-04-29 06:38:35.411753',418,144),(5369,'Available','2025-04-29 06:38:35.411753',430,144),(5370,'Available','2025-04-29 06:38:35.411753',442,144),(5371,'Available','2025-04-29 06:38:35.411753',449,144),(5372,'Available','2025-04-29 06:38:35.411753',456,144),(5373,'Available','2025-04-29 06:38:35.411753',463,144),(5374,'Available','2025-04-29 06:38:35.411753',470,144),(5375,'Available','2025-04-29 06:38:35.411753',477,144),(5376,'Available','2025-04-29 06:38:35.411753',484,144),(5377,'Available','2025-04-29 06:38:35.411753',491,144),(5378,'Available','2025-04-29 06:38:35.411753',56,144),(5379,'Available','2025-04-29 06:38:35.411753',498,144),(5380,'Available','2025-04-29 06:38:35.411753',505,144),(5381,'Available','2025-04-29 06:38:35.411753',512,144),(5382,'Available','2025-04-29 06:38:35.411753',519,144),(5383,'Available','2025-04-29 06:38:35.411753',526,144),(5384,'Available','2025-04-29 06:38:35.411753',70,144),(5385,'Available','2025-04-29 06:38:35.411753',84,144),(5386,'Available','2025-04-29 06:38:35.411753',98,144),(5387,'Available','2025-04-29 06:38:35.411753',112,144),(5388,'Available','2025-04-29 06:38:35.411753',126,144),(5389,'Available','2025-04-29 06:38:35.416352',14,145),(5390,'Available','2025-04-29 06:38:35.416352',140,145),(5391,'Available','2025-04-29 06:38:35.416352',154,145),(5392,'Available','2025-04-29 06:38:35.416352',168,145),(5393,'Available','2025-04-29 06:38:35.416352',182,145),(5394,'Available','2025-04-29 06:38:35.416352',196,145),(5395,'Available','2025-04-29 06:38:35.416352',210,145),(5396,'Available','2025-04-29 06:38:35.416352',224,145),(5397,'Available','2025-04-29 06:38:35.416352',238,145),(5398,'Available','2025-04-29 06:38:35.416352',252,145),(5399,'Available','2025-04-29 06:38:35.416352',266,145),(5400,'Available','2025-04-29 06:38:35.416352',28,145),(5401,'Available','2025-04-29 06:38:35.416352',280,145),(5402,'Available','2025-04-29 06:38:35.416352',294,145),(5403,'Available','2025-04-29 06:38:35.416352',308,145),(5404,'Available','2025-04-29 06:38:35.416352',322,145),(5405,'Available','2025-04-29 06:38:35.416352',336,145),(5406,'Available','2025-04-29 06:38:35.416352',350,145),(5407,'Available','2025-04-29 06:38:35.416352',364,145),(5408,'Available','2025-04-29 06:38:35.416352',378,145),(5409,'Available','2025-04-29 06:38:35.416352',392,145),(5410,'Available','2025-04-29 06:38:35.416352',406,145),(5411,'Available','2025-04-29 06:38:35.416352',42,145),(5412,'Available','2025-04-29 06:38:35.416352',418,145),(5413,'Available','2025-04-29 06:38:35.416352',430,145),(5414,'Available','2025-04-29 06:38:35.416352',442,145),(5415,'Available','2025-04-29 06:38:35.416352',449,145),(5416,'Available','2025-04-29 06:38:35.416352',456,145),(5417,'Available','2025-04-29 06:38:35.416352',463,145),(5418,'Available','2025-04-29 06:38:35.416352',470,145),(5419,'Available','2025-04-29 06:38:35.416352',477,145),(5420,'Available','2025-04-29 06:38:35.416352',484,145),(5421,'Available','2025-04-29 06:38:35.416352',491,145),(5422,'Available','2025-04-29 06:38:35.416352',56,145),(5423,'Available','2025-04-29 06:38:35.416352',498,145),(5424,'Available','2025-04-29 06:38:35.416352',505,145),(5425,'Available','2025-04-29 06:38:35.416352',512,145),(5426,'Available','2025-04-29 06:38:35.416352',519,145),(5427,'Available','2025-04-29 06:38:35.416352',526,145),(5428,'Available','2025-04-29 06:38:35.416352',70,145),(5429,'Available','2025-04-29 06:38:35.416352',84,145),(5430,'Available','2025-04-29 06:38:35.416352',98,145),(5431,'Available','2025-04-29 06:38:35.416352',112,145),(5432,'Available','2025-04-29 06:38:35.416352',126,145),(5433,'Available','2025-04-29 06:38:35.421996',14,146),(5434,'Available','2025-04-29 06:38:35.421996',140,146),(5435,'Available','2025-04-29 06:38:35.421996',154,146),(5436,'Available','2025-04-29 06:38:35.421996',168,146),(5437,'Available','2025-04-29 06:38:35.421996',182,146),(5438,'Available','2025-04-29 06:38:35.421996',196,146),(5439,'Available','2025-04-29 06:38:35.421996',210,146),(5440,'Available','2025-04-29 06:38:35.421996',224,146),(5441,'Available','2025-04-29 06:38:35.421996',238,146),(5442,'Available','2025-04-29 06:38:35.421996',252,146),(5443,'Available','2025-04-29 06:38:35.421996',266,146),(5444,'Available','2025-04-29 06:38:35.421996',28,146),(5445,'Available','2025-04-29 06:38:35.421996',280,146),(5446,'Available','2025-04-29 06:38:35.421996',294,146),(5447,'Available','2025-04-29 06:38:35.421996',308,146),(5448,'Available','2025-04-29 06:38:35.421996',322,146),(5449,'Available','2025-04-29 06:38:35.421996',336,146),(5450,'Available','2025-04-29 06:38:35.421996',350,146),(5451,'Available','2025-04-29 06:38:35.421996',364,146),(5452,'Available','2025-04-29 06:38:35.421996',378,146),(5453,'Available','2025-04-29 06:38:35.421996',392,146),(5454,'Available','2025-04-29 06:38:35.421996',406,146),(5455,'Available','2025-04-29 06:38:35.421996',42,146),(5456,'Available','2025-04-29 06:38:35.421996',418,146),(5457,'Available','2025-04-29 06:38:35.421996',430,146),(5458,'Available','2025-04-29 06:38:35.421996',442,146),(5459,'Available','2025-04-29 06:38:35.421996',449,146),(5460,'Available','2025-04-29 06:38:35.421996',456,146),(5461,'Available','2025-04-29 06:38:35.421996',463,146),(5462,'Available','2025-04-29 06:38:35.421996',470,146),(5463,'Available','2025-04-29 06:38:35.421996',477,146),(5464,'Available','2025-04-29 06:38:35.421996',484,146),(5465,'Available','2025-04-29 06:38:35.422661',491,146),(5466,'Available','2025-04-29 06:38:35.422661',56,146),(5467,'Available','2025-04-29 06:38:35.422661',498,146),(5468,'Available','2025-04-29 06:38:35.422661',505,146),(5469,'Available','2025-04-29 06:38:35.422661',512,146),(5470,'Available','2025-04-29 06:38:35.422661',519,146),(5471,'Available','2025-04-29 06:38:35.422661',526,146),(5472,'Available','2025-04-29 06:38:35.422661',70,146),(5473,'Available','2025-04-29 06:38:35.422661',84,146),(5474,'Available','2025-04-29 06:38:35.422661',98,146),(5475,'Available','2025-04-29 06:38:35.422661',112,146),(5476,'Available','2025-04-29 06:38:35.422661',126,146),(5477,'Available','2025-04-29 06:38:35.431794',14,147),(5478,'Available','2025-04-29 06:38:35.431794',140,147),(5479,'Available','2025-04-29 06:38:35.431794',154,147),(5480,'Available','2025-04-29 06:38:35.431794',168,147),(5481,'Available','2025-04-29 06:38:35.431794',182,147),(5482,'Available','2025-04-29 06:38:35.431794',196,147),(5483,'Available','2025-04-29 06:38:35.431794',210,147),(5484,'Available','2025-04-29 06:38:35.431794',224,147),(5485,'Available','2025-04-29 06:38:35.431794',238,147),(5486,'Available','2025-04-29 06:38:35.431794',252,147),(5487,'Available','2025-04-29 06:38:35.431794',266,147),(5488,'Available','2025-04-29 06:38:35.431794',28,147),(5489,'Available','2025-04-29 06:38:35.431794',280,147),(5490,'Available','2025-04-29 06:38:35.431794',294,147),(5491,'Available','2025-04-29 06:38:35.431794',308,147),(5492,'Available','2025-04-29 06:38:35.431794',322,147),(5493,'Available','2025-04-29 06:38:35.431794',336,147),(5494,'Available','2025-04-29 06:38:35.431794',350,147),(5495,'Available','2025-04-29 06:38:35.431794',364,147),(5496,'Available','2025-04-29 06:38:35.431794',378,147),(5497,'Available','2025-04-29 06:38:35.431794',392,147),(5498,'Available','2025-04-29 06:38:35.431794',406,147),(5499,'Available','2025-04-29 06:38:35.431794',42,147),(5500,'Available','2025-04-29 06:38:35.431794',418,147),(5501,'Available','2025-04-29 06:38:35.431794',430,147),(5502,'Available','2025-04-29 06:38:35.431794',442,147),(5503,'Available','2025-04-29 06:38:35.431794',449,147),(5504,'Available','2025-04-29 06:38:35.431794',456,147),(5505,'Available','2025-04-29 06:38:35.431794',463,147),(5506,'Available','2025-04-29 06:38:35.431794',470,147),(5507,'Available','2025-04-29 06:38:35.431794',477,147),(5508,'Available','2025-04-29 06:38:35.431794',484,147),(5509,'Available','2025-04-29 06:38:35.431794',491,147),(5510,'Available','2025-04-29 06:38:35.431794',56,147),(5511,'Available','2025-04-29 06:38:35.431794',498,147),(5512,'Available','2025-04-29 06:38:35.431794',505,147),(5513,'Available','2025-04-29 06:38:35.431794',512,147),(5514,'Available','2025-04-29 06:38:35.431794',519,147),(5515,'Available','2025-04-29 06:38:35.431794',526,147),(5516,'Available','2025-04-29 06:38:35.431794',70,147),(5517,'Available','2025-04-29 06:38:35.431794',84,147),(5518,'Available','2025-04-29 06:38:35.431794',98,147),(5519,'Available','2025-04-29 06:38:35.431794',112,147),(5520,'Available','2025-04-29 06:38:35.431794',126,147),(5521,'Available','2025-04-29 06:38:35.438483',14,148),(5522,'Available','2025-04-29 06:38:35.438483',140,148),(5523,'Available','2025-04-29 06:38:35.438483',154,148),(5524,'Available','2025-04-29 06:38:35.438483',168,148),(5525,'Available','2025-04-29 06:38:35.438483',182,148),(5526,'Available','2025-04-29 06:38:35.438483',196,148),(5527,'Available','2025-04-29 06:38:35.438483',210,148),(5528,'Available','2025-04-29 06:38:35.438483',224,148),(5529,'Available','2025-04-29 06:38:35.438483',238,148),(5530,'Available','2025-04-29 06:38:35.438483',252,148),(5531,'Available','2025-04-29 06:38:35.438483',266,148),(5532,'Available','2025-04-29 06:38:35.438483',28,148),(5533,'Available','2025-04-29 06:38:35.438483',280,148),(5534,'Available','2025-04-29 06:38:35.438483',294,148),(5535,'Available','2025-04-29 06:38:35.438483',308,148),(5536,'Available','2025-04-29 06:38:35.438483',322,148),(5537,'Available','2025-04-29 06:38:35.438483',336,148),(5538,'Available','2025-04-29 06:38:35.438483',350,148),(5539,'Available','2025-04-29 06:38:35.438483',364,148),(5540,'Available','2025-04-29 06:38:35.438483',378,148),(5541,'Available','2025-04-29 06:38:35.438483',392,148),(5542,'Available','2025-04-29 06:38:35.438483',406,148),(5543,'Available','2025-04-29 06:38:35.438483',42,148),(5544,'Available','2025-04-29 06:38:35.438483',418,148),(5545,'Available','2025-04-29 06:38:35.438483',430,148),(5546,'Available','2025-04-29 06:38:35.438483',442,148),(5547,'Available','2025-04-29 06:38:35.438483',449,148),(5548,'Available','2025-04-29 06:38:35.438483',456,148),(5549,'Available','2025-04-29 06:38:35.438483',463,148),(5550,'Available','2025-04-29 06:38:35.438483',470,148),(5551,'Available','2025-04-29 06:38:35.438483',477,148),(5552,'Available','2025-04-29 06:38:35.438483',484,148),(5553,'Available','2025-04-29 06:38:35.438483',491,148),(5554,'Available','2025-04-29 06:38:35.438483',56,148),(5555,'Available','2025-04-29 06:38:35.438483',498,148),(5556,'Available','2025-04-29 06:38:35.438483',505,148),(5557,'Available','2025-04-29 06:38:35.438483',512,148),(5558,'Available','2025-04-29 06:38:35.438483',519,148),(5559,'Available','2025-04-29 06:38:35.438483',526,148),(5560,'Available','2025-04-29 06:38:35.438483',70,148),(5561,'Available','2025-04-29 06:38:35.438483',84,148),(5562,'Available','2025-04-29 06:38:35.438483',98,148),(5563,'Available','2025-04-29 06:38:35.438483',112,148),(5564,'Available','2025-04-29 06:38:35.438483',126,148),(5565,'Available','2025-04-29 06:38:35.443023',12,149),(5566,'Available','2025-04-29 06:38:35.443023',138,149),(5567,'Available','2025-04-29 06:38:35.443023',152,149),(5568,'Available','2025-04-29 06:38:35.443023',166,149),(5569,'Available','2025-04-29 06:38:35.443023',180,149),(5570,'Available','2025-04-29 06:38:35.443023',194,149),(5571,'Available','2025-04-29 06:38:35.443023',208,149),(5572,'Available','2025-04-29 06:38:35.443023',222,149),(5573,'Available','2025-04-29 06:38:35.443023',236,149),(5574,'Available','2025-04-29 06:38:35.443023',250,149),(5575,'Available','2025-04-29 06:38:35.443023',264,149),(5576,'Available','2025-04-29 06:38:35.443023',26,149),(5577,'Available','2025-04-29 06:38:35.443023',278,149),(5578,'Available','2025-04-29 06:38:35.443023',292,149),(5579,'Available','2025-04-29 06:38:35.443023',306,149),(5580,'Available','2025-04-29 06:38:35.443023',320,149),(5581,'Available','2025-04-29 06:38:35.443023',334,149),(5582,'Available','2025-04-29 06:38:35.443023',348,149),(5583,'Available','2025-04-29 06:38:35.443023',362,149),(5584,'Available','2025-04-29 06:38:35.443023',376,149),(5585,'Available','2025-04-29 06:38:35.443023',390,149),(5586,'Available','2025-04-29 06:38:35.443023',404,149),(5587,'Available','2025-04-29 06:38:35.443023',40,149),(5588,'Available','2025-04-29 06:38:35.443023',416,149),(5589,'Available','2025-04-29 06:38:35.443023',428,149),(5590,'Available','2025-04-29 06:38:35.443023',440,149),(5591,'Available','2025-04-29 06:38:35.443023',54,149),(5592,'Available','2025-04-29 06:38:35.443023',68,149),(5593,'Available','2025-04-29 06:38:35.443023',82,149),(5594,'Available','2025-04-29 06:38:35.443023',96,149),(5595,'Available','2025-04-29 06:38:35.443023',110,149),(5596,'Available','2025-04-29 06:38:35.443023',124,149),(5597,'Available','2025-04-29 06:38:35.452988',12,150),(5598,'Available','2025-04-29 06:38:35.452988',138,150),(5599,'Available','2025-04-29 06:38:35.452988',152,150),(5600,'Available','2025-04-29 06:38:35.452988',166,150),(5601,'Available','2025-04-29 06:38:35.452988',180,150),(5602,'Available','2025-04-29 06:38:35.452988',194,150),(5603,'Available','2025-04-29 06:38:35.452988',208,150),(5604,'Available','2025-04-29 06:38:35.452988',222,150),(5605,'Available','2025-04-29 06:38:35.452988',236,150),(5606,'Available','2025-04-29 06:38:35.452988',250,150),(5607,'Available','2025-04-29 06:38:35.452988',264,150),(5608,'Available','2025-04-29 06:38:35.452988',26,150),(5609,'Available','2025-04-29 06:38:35.452988',278,150),(5610,'Available','2025-04-29 06:38:35.452988',292,150),(5611,'Available','2025-04-29 06:38:35.452988',306,150),(5612,'Available','2025-04-29 06:38:35.452988',320,150),(5613,'Available','2025-04-29 06:38:35.452988',334,150),(5614,'Available','2025-04-29 06:38:35.452988',348,150),(5615,'Available','2025-04-29 06:38:35.452988',362,150),(5616,'Available','2025-04-29 06:38:35.452988',376,150),(5617,'Available','2025-04-29 06:38:35.452988',390,150),(5618,'Available','2025-04-29 06:38:35.452988',404,150),(5619,'Available','2025-04-29 06:38:35.452988',40,150),(5620,'Available','2025-04-29 06:38:35.452988',416,150),(5621,'Available','2025-04-29 06:38:35.452988',428,150),(5622,'Available','2025-04-29 06:38:35.452988',440,150),(5623,'Available','2025-04-29 06:38:35.452988',54,150),(5624,'Available','2025-04-29 06:38:35.452988',68,150),(5625,'Available','2025-04-29 06:38:35.452988',82,150),(5626,'Available','2025-04-29 06:38:35.452988',96,150),(5627,'Available','2025-04-29 06:38:35.452988',110,150),(5628,'Available','2025-04-29 06:38:35.452988',124,150),(5629,'Available','2025-04-29 06:38:35.459472',12,151),(5630,'Available','2025-04-29 06:38:35.459472',138,151),(5631,'Available','2025-04-29 06:38:35.459472',152,151),(5632,'Available','2025-04-29 06:38:35.459472',166,151),(5633,'Available','2025-04-29 06:38:35.459472',180,151),(5634,'Available','2025-04-29 06:38:35.459472',194,151),(5635,'Available','2025-04-29 06:38:35.459472',208,151),(5636,'Available','2025-04-29 06:38:35.459472',222,151),(5637,'Available','2025-04-29 06:38:35.459472',236,151),(5638,'Available','2025-04-29 06:38:35.459472',250,151),(5639,'Available','2025-04-29 06:38:35.459472',264,151),(5640,'Available','2025-04-29 06:38:35.459472',26,151),(5641,'Available','2025-04-29 06:38:35.459472',278,151),(5642,'Available','2025-04-29 06:38:35.459472',292,151),(5643,'Available','2025-04-29 06:38:35.459472',306,151),(5644,'Available','2025-04-29 06:38:35.459472',320,151),(5645,'Available','2025-04-29 06:38:35.459472',334,151),(5646,'Available','2025-04-29 06:38:35.459472',348,151),(5647,'Available','2025-04-29 06:38:35.459472',362,151),(5648,'Available','2025-04-29 06:38:35.459472',376,151),(5649,'Available','2025-04-29 06:38:35.459472',390,151),(5650,'Available','2025-04-29 06:38:35.459472',404,151),(5651,'Available','2025-04-29 06:38:35.459472',40,151),(5652,'Available','2025-04-29 06:38:35.459472',416,151),(5653,'Available','2025-04-29 06:38:35.459472',428,151),(5654,'Available','2025-04-29 06:38:35.459472',440,151),(5655,'Available','2025-04-29 06:38:35.459472',54,151),(5656,'Available','2025-04-29 06:38:35.459472',68,151),(5657,'Available','2025-04-29 06:38:35.459472',82,151),(5658,'Available','2025-04-29 06:38:35.459472',96,151),(5659,'Available','2025-04-29 06:38:35.459472',110,151),(5660,'Available','2025-04-29 06:38:35.459472',124,151),(5661,'Available','2025-04-29 06:38:35.466862',12,152),(5662,'Available','2025-04-29 06:38:35.466862',138,152),(5663,'Available','2025-04-29 06:38:35.466862',152,152),(5664,'Available','2025-04-29 06:38:35.466862',166,152),(5665,'Available','2025-04-29 06:38:35.466862',180,152),(5666,'Available','2025-04-29 06:38:35.466862',194,152),(5667,'Available','2025-04-29 06:38:35.466862',208,152),(5668,'Available','2025-04-29 06:38:35.466862',222,152),(5669,'Available','2025-04-29 06:38:35.466862',236,152),(5670,'Available','2025-04-29 06:38:35.466862',250,152),(5671,'Available','2025-04-29 06:38:35.466862',264,152),(5672,'Available','2025-04-29 06:38:35.466862',26,152),(5673,'Available','2025-04-29 06:38:35.466862',278,152),(5674,'Available','2025-04-29 06:38:35.466862',292,152),(5675,'Available','2025-04-29 06:38:35.466862',306,152),(5676,'Available','2025-04-29 06:38:35.466862',320,152),(5677,'Available','2025-04-29 06:38:35.466862',334,152),(5678,'Available','2025-04-29 06:38:35.466862',348,152),(5679,'Available','2025-04-29 06:38:35.466862',362,152),(5680,'Available','2025-04-29 06:38:35.466862',376,152),(5681,'Available','2025-04-29 06:38:35.466862',390,152),(5682,'Available','2025-04-29 06:38:35.466862',404,152),(5683,'Available','2025-04-29 06:38:35.466862',40,152),(5684,'Available','2025-04-29 06:38:35.466862',416,152),(5685,'Available','2025-04-29 06:38:35.466862',428,152),(5686,'Available','2025-04-29 06:38:35.466862',440,152),(5687,'Available','2025-04-29 06:38:35.466862',54,152),(5688,'Available','2025-04-29 06:38:35.466862',68,152),(5689,'Available','2025-04-29 06:38:35.466862',82,152),(5690,'Available','2025-04-29 06:38:35.466862',96,152),(5691,'Available','2025-04-29 06:38:35.466862',110,152),(5692,'Available','2025-04-29 06:38:35.466862',124,152),(5693,'Available','2025-04-29 06:38:35.472610',12,153),(5694,'Available','2025-04-29 06:38:35.472610',138,153),(5695,'Available','2025-04-29 06:38:35.472610',152,153),(5696,'Available','2025-04-29 06:38:35.472610',166,153),(5697,'Available','2025-04-29 06:38:35.472610',180,153),(5698,'Available','2025-04-29 06:38:35.472610',194,153),(5699,'Available','2025-04-29 06:38:35.472610',208,153),(5700,'Available','2025-04-29 06:38:35.472610',222,153),(5701,'Available','2025-04-29 06:38:35.472610',236,153),(5702,'Available','2025-04-29 06:38:35.472610',250,153),(5703,'Available','2025-04-29 06:38:35.472610',264,153),(5704,'Available','2025-04-29 06:38:35.472610',26,153),(5705,'Available','2025-04-29 06:38:35.472610',278,153),(5706,'Available','2025-04-29 06:38:35.472610',292,153),(5707,'Available','2025-04-29 06:38:35.472610',306,153),(5708,'Available','2025-04-29 06:38:35.472610',320,153),(5709,'Available','2025-04-29 06:38:35.472610',334,153),(5710,'Available','2025-04-29 06:38:35.472610',348,153),(5711,'Available','2025-04-29 06:38:35.472610',362,153),(5712,'Available','2025-04-29 06:38:35.472610',376,153),(5713,'Available','2025-04-29 06:38:35.472610',390,153),(5714,'Available','2025-04-29 06:38:35.472610',404,153),(5715,'Available','2025-04-29 06:38:35.472610',40,153),(5716,'Available','2025-04-29 06:38:35.472610',416,153),(5717,'Available','2025-04-29 06:38:35.472610',428,153),(5718,'Available','2025-04-29 06:38:35.472610',440,153),(5719,'Available','2025-04-29 06:38:35.472610',54,153),(5720,'Available','2025-04-29 06:38:35.472610',68,153),(5721,'Available','2025-04-29 06:38:35.472610',82,153),(5722,'Available','2025-04-29 06:38:35.472610',96,153),(5723,'Available','2025-04-29 06:38:35.472610',110,153),(5724,'Available','2025-04-29 06:38:35.472610',124,153),(5725,'Available','2025-04-29 06:38:35.478150',12,154),(5726,'Available','2025-04-29 06:38:35.478150',138,154),(5727,'Available','2025-04-29 06:38:35.478150',152,154),(5728,'Available','2025-04-29 06:38:35.478150',166,154),(5729,'Available','2025-04-29 06:38:35.478150',180,154),(5730,'Available','2025-04-29 06:38:35.478150',194,154),(5731,'Available','2025-04-29 06:38:35.478150',208,154),(5732,'Available','2025-04-29 06:38:35.478150',222,154),(5733,'Available','2025-04-29 06:38:35.478150',236,154),(5734,'Available','2025-04-29 06:38:35.478150',250,154),(5735,'Available','2025-04-29 06:38:35.478150',264,154),(5736,'Available','2025-04-29 06:38:35.478150',26,154),(5737,'Available','2025-04-29 06:38:35.478150',278,154),(5738,'Available','2025-04-29 06:38:35.478150',292,154),(5739,'Available','2025-04-29 06:38:35.478150',306,154),(5740,'Available','2025-04-29 06:38:35.478150',320,154),(5741,'Available','2025-04-29 06:38:35.478150',334,154),(5742,'Available','2025-04-29 06:38:35.478150',348,154),(5743,'Available','2025-04-29 06:38:35.478150',362,154),(5744,'Available','2025-04-29 06:38:35.478150',376,154),(5745,'Available','2025-04-29 06:38:35.478150',390,154),(5746,'Available','2025-04-29 06:38:35.478150',404,154),(5747,'Available','2025-04-29 06:38:35.478150',40,154),(5748,'Available','2025-04-29 06:38:35.478150',416,154),(5749,'Available','2025-04-29 06:38:35.478150',428,154),(5750,'Available','2025-04-29 06:38:35.478150',440,154),(5751,'Available','2025-04-29 06:38:35.478150',54,154),(5752,'Available','2025-04-29 06:38:35.478150',68,154),(5753,'Available','2025-04-29 06:38:35.478150',82,154),(5754,'Available','2025-04-29 06:38:35.478150',96,154),(5755,'Available','2025-04-29 06:38:35.478150',110,154),(5756,'Available','2025-04-29 06:38:35.478150',124,154),(5757,'Available','2025-04-29 06:38:35.478150',12,155),(5758,'Available','2025-04-29 06:38:35.478150',138,155),(5759,'Available','2025-04-29 06:38:35.478150',152,155),(5760,'Available','2025-04-29 06:38:35.478150',166,155),(5761,'Available','2025-04-29 06:38:35.478150',180,155),(5762,'Available','2025-04-29 06:38:35.478150',194,155),(5763,'Available','2025-04-29 06:38:35.478150',208,155),(5764,'Available','2025-04-29 06:38:35.478150',222,155),(5765,'Available','2025-04-29 06:38:35.478150',236,155),(5766,'Available','2025-04-29 06:38:35.478150',250,155),(5767,'Available','2025-04-29 06:38:35.478150',264,155),(5768,'Available','2025-04-29 06:38:35.478150',26,155),(5769,'Available','2025-04-29 06:38:35.478150',278,155),(5770,'Available','2025-04-29 06:38:35.478150',292,155),(5771,'Available','2025-04-29 06:38:35.478150',306,155),(5772,'Available','2025-04-29 06:38:35.478150',320,155),(5773,'Available','2025-04-29 06:38:35.478150',334,155),(5774,'Available','2025-04-29 06:38:35.478150',348,155),(5775,'Available','2025-04-29 06:38:35.478150',362,155),(5776,'Available','2025-04-29 06:38:35.478150',376,155),(5777,'Available','2025-04-29 06:38:35.478150',390,155),(5778,'Available','2025-04-29 06:38:35.478150',404,155),(5779,'Available','2025-04-29 06:38:35.478150',40,155),(5780,'Available','2025-04-29 06:38:35.478150',416,155),(5781,'Available','2025-04-29 06:38:35.478150',428,155),(5782,'Available','2025-04-29 06:38:35.478150',440,155),(5783,'Available','2025-04-29 06:38:35.478150',54,155),(5784,'Available','2025-04-29 06:38:35.478150',68,155),(5785,'Available','2025-04-29 06:38:35.478150',82,155),(5786,'Available','2025-04-29 06:38:35.478150',96,155),(5787,'Available','2025-04-29 06:38:35.478150',110,155),(5788,'Available','2025-04-29 06:38:35.478150',124,155),(5789,'Available','2025-04-29 06:38:35.491549',12,156),(5790,'Available','2025-04-29 06:38:35.491549',138,156),(5791,'Available','2025-04-29 06:38:35.491549',152,156),(5792,'Available','2025-04-29 06:38:35.491549',166,156),(5793,'Available','2025-04-29 06:38:35.491549',180,156),(5794,'Available','2025-04-29 06:38:35.491549',194,156),(5795,'Available','2025-04-29 06:38:35.491549',208,156),(5796,'Available','2025-04-29 06:38:35.491549',222,156),(5797,'Available','2025-04-29 06:38:35.491549',236,156),(5798,'Available','2025-04-29 06:38:35.491549',250,156),(5799,'Available','2025-04-29 06:38:35.491549',264,156),(5800,'Available','2025-04-29 06:38:35.491549',26,156),(5801,'Available','2025-04-29 06:38:35.491549',278,156),(5802,'Available','2025-04-29 06:38:35.491549',292,156),(5803,'Available','2025-04-29 06:38:35.491549',306,156),(5804,'Available','2025-04-29 06:38:35.491549',320,156),(5805,'Available','2025-04-29 06:38:35.491549',334,156),(5806,'Available','2025-04-29 06:38:35.491549',348,156),(5807,'Available','2025-04-29 06:38:35.491549',362,156),(5808,'Available','2025-04-29 06:38:35.491549',376,156),(5809,'Available','2025-04-29 06:38:35.491549',390,156),(5810,'Available','2025-04-29 06:38:35.491549',404,156),(5811,'Available','2025-04-29 06:38:35.491549',40,156),(5812,'Available','2025-04-29 06:38:35.491549',416,156),(5813,'Available','2025-04-29 06:38:35.491549',428,156),(5814,'Available','2025-04-29 06:38:35.491549',440,156),(5815,'Available','2025-04-29 06:38:35.491549',54,156),(5816,'Available','2025-04-29 06:38:35.491549',68,156),(5817,'Available','2025-04-29 06:38:35.491549',82,156),(5818,'Available','2025-04-29 06:38:35.491549',96,156),(5819,'Available','2025-04-29 06:38:35.491549',110,156),(5820,'Available','2025-04-29 06:38:35.491549',124,156),(5821,'Available','2025-04-29 06:38:35.498142',8,157),(5822,'Available','2025-04-29 06:38:35.498142',134,157),(5823,'Available','2025-04-29 06:38:35.498142',148,157),(5824,'Available','2025-04-29 06:38:35.498142',162,157),(5825,'Available','2025-04-29 06:38:35.498142',176,157),(5826,'Available','2025-04-29 06:38:35.498142',190,157),(5827,'Available','2025-04-29 06:38:35.498142',204,157),(5828,'Available','2025-04-29 06:38:35.498142',218,157),(5829,'Available','2025-04-29 06:38:35.498142',232,157),(5830,'Available','2025-04-29 06:38:35.498142',246,157),(5831,'Available','2025-04-29 06:38:35.498142',260,157),(5832,'Available','2025-04-29 06:38:35.498142',22,157),(5833,'Available','2025-04-29 06:38:35.498142',274,157),(5834,'Available','2025-04-29 06:38:35.498142',288,157),(5835,'Available','2025-04-29 06:38:35.498142',302,157),(5836,'Available','2025-04-29 06:38:35.498142',316,157),(5837,'Available','2025-04-29 06:38:35.498142',330,157),(5838,'Available','2025-04-29 06:38:35.498142',344,157),(5839,'Available','2025-04-29 06:38:35.498142',358,157),(5840,'Available','2025-04-29 06:38:35.498142',372,157),(5841,'Available','2025-04-29 06:38:35.498142',386,157),(5842,'Available','2025-04-29 06:38:35.498142',400,157),(5843,'Available','2025-04-29 06:38:35.498142',36,157),(5844,'Available','2025-04-29 06:38:35.498142',413,157),(5845,'Available','2025-04-29 06:38:35.498142',425,157),(5846,'Available','2025-04-29 06:38:35.498142',437,157),(5847,'Available','2025-04-29 06:38:35.498142',50,157),(5848,'Available','2025-04-29 06:38:35.498142',64,157),(5849,'Available','2025-04-29 06:38:35.498142',78,157),(5850,'Available','2025-04-29 06:38:35.498142',92,157),(5851,'Available','2025-04-29 06:38:35.498142',106,157),(5852,'Available','2025-04-29 06:38:35.498142',120,157),(5853,'Available','2025-04-29 06:38:35.504524',8,158),(5854,'Available','2025-04-29 06:38:35.504524',134,158),(5855,'Available','2025-04-29 06:38:35.504524',148,158),(5856,'Available','2025-04-29 06:38:35.504524',162,158),(5857,'Available','2025-04-29 06:38:35.504524',176,158),(5858,'Available','2025-04-29 06:38:35.504524',190,158),(5859,'Available','2025-04-29 06:38:35.504524',204,158),(5860,'Available','2025-04-29 06:38:35.504524',218,158),(5861,'Available','2025-04-29 06:38:35.504524',232,158),(5862,'Available','2025-04-29 06:38:35.504524',246,158),(5863,'Available','2025-04-29 06:38:35.504524',260,158),(5864,'Available','2025-04-29 06:38:35.504524',22,158),(5865,'Available','2025-04-29 06:38:35.504524',274,158),(5866,'Available','2025-04-29 06:38:35.504524',288,158),(5867,'Available','2025-04-29 06:38:35.504524',302,158),(5868,'Available','2025-04-29 06:38:35.504524',316,158),(5869,'Available','2025-04-29 06:38:35.504524',330,158),(5870,'Available','2025-04-29 06:38:35.504524',344,158),(5871,'Available','2025-04-29 06:38:35.504524',358,158),(5872,'Available','2025-04-29 06:38:35.504524',372,158),(5873,'Available','2025-04-29 06:38:35.504524',386,158),(5874,'Available','2025-04-29 06:38:35.504524',400,158),(5875,'Available','2025-04-29 06:38:35.504524',36,158),(5876,'Available','2025-04-29 06:38:35.504524',413,158),(5877,'Available','2025-04-29 06:38:35.504524',425,158),(5878,'Available','2025-04-29 06:38:35.504524',437,158),(5879,'Available','2025-04-29 06:38:35.504524',50,158),(5880,'Available','2025-04-29 06:38:35.504524',64,158),(5881,'Available','2025-04-29 06:38:35.504524',78,158),(5882,'Available','2025-04-29 06:38:35.504524',92,158),(5883,'Available','2025-04-29 06:38:35.504524',106,158),(5884,'Available','2025-04-29 06:38:35.504524',120,158),(5885,'Available','2025-04-29 06:38:35.504524',8,159),(5886,'Available','2025-04-29 06:38:35.504524',134,159),(5887,'Available','2025-04-29 06:38:35.504524',148,159),(5888,'Available','2025-04-29 06:38:35.504524',162,159),(5889,'Available','2025-04-29 06:38:35.504524',176,159),(5890,'Available','2025-04-29 06:38:35.504524',190,159),(5891,'Available','2025-04-29 06:38:35.504524',204,159),(5892,'Available','2025-04-29 06:38:35.504524',218,159),(5893,'Available','2025-04-29 06:38:35.504524',232,159),(5894,'Available','2025-04-29 06:38:35.504524',246,159),(5895,'Available','2025-04-29 06:38:35.504524',260,159),(5896,'Available','2025-04-29 06:38:35.504524',22,159),(5897,'Available','2025-04-29 06:38:35.504524',274,159),(5898,'Available','2025-04-29 06:38:35.504524',288,159),(5899,'Available','2025-04-29 06:38:35.504524',302,159),(5900,'Available','2025-04-29 06:38:35.504524',316,159),(5901,'Available','2025-04-29 06:38:35.504524',330,159),(5902,'Available','2025-04-29 06:38:35.504524',344,159),(5903,'Available','2025-04-29 06:38:35.504524',358,159),(5904,'Available','2025-04-29 06:38:35.504524',372,159),(5905,'Available','2025-04-29 06:38:35.504524',386,159),(5906,'Available','2025-04-29 06:38:35.504524',400,159),(5907,'Available','2025-04-29 06:38:35.504524',36,159),(5908,'Available','2025-04-29 06:38:35.504524',413,159),(5909,'Available','2025-04-29 06:38:35.504524',425,159),(5910,'Available','2025-04-29 06:38:35.504524',437,159),(5911,'Available','2025-04-29 06:38:35.504524',50,159),(5912,'Available','2025-04-29 06:38:35.504524',64,159),(5913,'Available','2025-04-29 06:38:35.504524',78,159),(5914,'Available','2025-04-29 06:38:35.504524',92,159),(5915,'Available','2025-04-29 06:38:35.504524',106,159),(5916,'Available','2025-04-29 06:38:35.504524',120,159),(5917,'Available','2025-04-29 06:38:35.526143',8,160),(5918,'Available','2025-04-29 06:38:35.526143',134,160),(5919,'Available','2025-04-29 06:38:35.526143',148,160),(5920,'Available','2025-04-29 06:38:35.526143',162,160),(5921,'Available','2025-04-29 06:38:35.526143',176,160),(5922,'Available','2025-04-29 06:38:35.526143',190,160),(5923,'Available','2025-04-29 06:38:35.526143',204,160),(5924,'Available','2025-04-29 06:38:35.526143',218,160),(5925,'Available','2025-04-29 06:38:35.526143',232,160),(5926,'Available','2025-04-29 06:38:35.526143',246,160),(5927,'Available','2025-04-29 06:38:35.526143',260,160),(5928,'Available','2025-04-29 06:38:35.526143',22,160),(5929,'Available','2025-04-29 06:38:35.526143',274,160),(5930,'Available','2025-04-29 06:38:35.526143',288,160),(5931,'Available','2025-04-29 06:38:35.526143',302,160),(5932,'Available','2025-04-29 06:38:35.526143',316,160),(5933,'Available','2025-04-29 06:38:35.526143',330,160),(5934,'Available','2025-04-29 06:38:35.526143',344,160),(5935,'Available','2025-04-29 06:38:35.526143',358,160),(5936,'Available','2025-04-29 06:38:35.526143',372,160),(5937,'Available','2025-04-29 06:38:35.526143',386,160),(5938,'Available','2025-04-29 06:38:35.526322',400,160),(5939,'Available','2025-04-29 06:38:35.526322',36,160),(5940,'Available','2025-04-29 06:38:35.526322',413,160),(5941,'Available','2025-04-29 06:38:35.526322',425,160),(5942,'Available','2025-04-29 06:38:35.526322',437,160),(5943,'Available','2025-04-29 06:38:35.526322',50,160),(5944,'Available','2025-04-29 06:38:35.526322',64,160),(5945,'Available','2025-04-29 06:38:35.526322',78,160),(5946,'Available','2025-04-29 06:38:35.526322',92,160),(5947,'Available','2025-04-29 06:38:35.526322',106,160),(5948,'Available','2025-04-29 06:38:35.526322',120,160),(5949,'Available','2025-04-29 06:38:35.535800',8,161),(5950,'Available','2025-04-29 06:38:35.535800',134,161),(5951,'Available','2025-04-29 06:38:35.535800',148,161),(5952,'Available','2025-04-29 06:38:35.535800',162,161),(5953,'Available','2025-04-29 06:38:35.535800',176,161),(5954,'Available','2025-04-29 06:38:35.535800',190,161),(5955,'Available','2025-04-29 06:38:35.535800',204,161),(5956,'Available','2025-04-29 06:38:35.535800',218,161),(5957,'Available','2025-04-29 06:38:35.535800',232,161),(5958,'Available','2025-04-29 06:38:35.535800',246,161),(5959,'Available','2025-04-29 06:38:35.535800',260,161),(5960,'Available','2025-04-29 06:38:35.535800',22,161),(5961,'Available','2025-04-29 06:38:35.535800',274,161),(5962,'Available','2025-04-29 06:38:35.535800',288,161),(5963,'Available','2025-04-29 06:38:35.535800',302,161),(5964,'Available','2025-04-29 06:38:35.535800',316,161),(5965,'Available','2025-04-29 06:38:35.535800',330,161),(5966,'Available','2025-04-29 06:38:35.535800',344,161),(5967,'Available','2025-04-29 06:38:35.535800',358,161),(5968,'Available','2025-04-29 06:38:35.535800',372,161),(5969,'Available','2025-04-29 06:38:35.535800',386,161),(5970,'Available','2025-04-29 06:38:35.535800',400,161),(5971,'Available','2025-04-29 06:38:35.535800',36,161),(5972,'Available','2025-04-29 06:38:35.535800',413,161),(5973,'Available','2025-04-29 06:38:35.535800',425,161),(5974,'Available','2025-04-29 06:38:35.535800',437,161),(5975,'Available','2025-04-29 06:38:35.535800',50,161),(5976,'Available','2025-04-29 06:38:35.535800',64,161),(5977,'Available','2025-04-29 06:38:35.535800',78,161),(5978,'Available','2025-04-29 06:38:35.535800',92,161),(5979,'Available','2025-04-29 06:38:35.535800',106,161),(5980,'Available','2025-04-29 06:38:35.535800',120,161),(5981,'Available','2025-04-29 06:38:35.539856',8,162),(5982,'Available','2025-04-29 06:38:35.539856',134,162),(5983,'Available','2025-04-29 06:38:35.539856',148,162),(5984,'Available','2025-04-29 06:38:35.539856',162,162),(5985,'Available','2025-04-29 06:38:35.539856',176,162),(5986,'Available','2025-04-29 06:38:35.539856',190,162),(5987,'Available','2025-04-29 06:38:35.539856',204,162),(5988,'Available','2025-04-29 06:38:35.539856',218,162),(5989,'Available','2025-04-29 06:38:35.539856',232,162),(5990,'Available','2025-04-29 06:38:35.539856',246,162),(5991,'Available','2025-04-29 06:38:35.539856',260,162),(5992,'Available','2025-04-29 06:38:35.539856',22,162),(5993,'Available','2025-04-29 06:38:35.539856',274,162),(5994,'Available','2025-04-29 06:38:35.539856',288,162),(5995,'Available','2025-04-29 06:38:35.539856',302,162),(5996,'Available','2025-04-29 06:38:35.539856',316,162),(5997,'Available','2025-04-29 06:38:35.539856',330,162),(5998,'Available','2025-04-29 06:38:35.539856',344,162),(5999,'Available','2025-04-29 06:38:35.539856',358,162),(6000,'Available','2025-04-29 06:38:35.539856',372,162),(6001,'Available','2025-04-29 06:38:35.539856',386,162),(6002,'Available','2025-04-29 06:38:35.539856',400,162),(6003,'Available','2025-04-29 06:38:35.539856',36,162),(6004,'Available','2025-04-29 06:38:35.539856',413,162),(6005,'Available','2025-04-29 06:38:35.539856',425,162),(6006,'Available','2025-04-29 06:38:35.539856',437,162),(6007,'Available','2025-04-29 06:38:35.539856',50,162),(6008,'Available','2025-04-29 06:38:35.539856',64,162),(6009,'Available','2025-04-29 06:38:35.539856',78,162),(6010,'Available','2025-04-29 06:38:35.539856',92,162),(6011,'Available','2025-04-29 06:38:35.539856',106,162),(6012,'Available','2025-04-29 06:38:35.539856',120,162),(6013,'Available','2025-04-29 06:38:35.550614',8,163),(6014,'Available','2025-04-29 06:38:35.550614',134,163),(6015,'Available','2025-04-29 06:38:35.550614',148,163),(6016,'Available','2025-04-29 06:38:35.550614',162,163),(6017,'Available','2025-04-29 06:38:35.550614',176,163),(6018,'Available','2025-04-29 06:38:35.550614',190,163),(6019,'Available','2025-04-29 06:38:35.550614',204,163),(6020,'Available','2025-04-29 06:38:35.550614',218,163),(6021,'Available','2025-04-29 06:38:35.550614',232,163),(6022,'Available','2025-04-29 06:38:35.550614',246,163),(6023,'Available','2025-04-29 06:38:35.550614',260,163),(6024,'Available','2025-04-29 06:38:35.550614',22,163),(6025,'Available','2025-04-29 06:38:35.550614',274,163),(6026,'Available','2025-04-29 06:38:35.550614',288,163),(6027,'Available','2025-04-29 06:38:35.550614',302,163),(6028,'Available','2025-04-29 06:38:35.550614',316,163),(6029,'Available','2025-04-29 06:38:35.550614',330,163),(6030,'Available','2025-04-29 06:38:35.550614',344,163),(6031,'Available','2025-04-29 06:38:35.550614',358,163),(6032,'Available','2025-04-29 06:38:35.550614',372,163),(6033,'Available','2025-04-29 06:38:35.550614',386,163),(6034,'Available','2025-04-29 06:38:35.550614',400,163),(6035,'Available','2025-04-29 06:38:35.550614',36,163),(6036,'Available','2025-04-29 06:38:35.550614',413,163),(6037,'Available','2025-04-29 06:38:35.550614',425,163),(6038,'Available','2025-04-29 06:38:35.550614',437,163),(6039,'Available','2025-04-29 06:38:35.550614',50,163),(6040,'Available','2025-04-29 06:38:35.550614',64,163),(6041,'Available','2025-04-29 06:38:35.550614',78,163),(6042,'Available','2025-04-29 06:38:35.550614',92,163),(6043,'Available','2025-04-29 06:38:35.550614',106,163),(6044,'Available','2025-04-29 06:38:35.550614',120,163),(6045,'Available','2025-04-29 06:38:35.556531',8,164),(6046,'Available','2025-04-29 06:38:35.556531',134,164),(6047,'Available','2025-04-29 06:38:35.556531',148,164),(6048,'Available','2025-04-29 06:38:35.556531',162,164),(6049,'Available','2025-04-29 06:38:35.556531',176,164),(6050,'Available','2025-04-29 06:38:35.556531',190,164),(6051,'Available','2025-04-29 06:38:35.556531',204,164),(6052,'Available','2025-04-29 06:38:35.556531',218,164),(6053,'Available','2025-04-29 06:38:35.556531',232,164),(6054,'Available','2025-04-29 06:38:35.556531',246,164),(6055,'Available','2025-04-29 06:38:35.556531',260,164),(6056,'Available','2025-04-29 06:38:35.556531',22,164),(6057,'Available','2025-04-29 06:38:35.556531',274,164),(6058,'Available','2025-04-29 06:38:35.556531',288,164),(6059,'Available','2025-04-29 06:38:35.556531',302,164),(6060,'Available','2025-04-29 06:38:35.556531',316,164),(6061,'Available','2025-04-29 06:38:35.556531',330,164),(6062,'Available','2025-04-29 06:38:35.556531',344,164),(6063,'Available','2025-04-29 06:38:35.556531',358,164),(6064,'Available','2025-04-29 06:38:35.556531',372,164),(6065,'Available','2025-04-29 06:38:35.556531',386,164),(6066,'Available','2025-04-29 06:38:35.556531',400,164),(6067,'Available','2025-04-29 06:38:35.556531',36,164),(6068,'Available','2025-04-29 06:38:35.556531',413,164),(6069,'Available','2025-04-29 06:38:35.556531',425,164),(6070,'Available','2025-04-29 06:38:35.556531',437,164),(6071,'Available','2025-04-29 06:38:35.556531',50,164),(6072,'Available','2025-04-29 06:38:35.556531',64,164),(6073,'Available','2025-04-29 06:38:35.556531',78,164),(6074,'Available','2025-04-29 06:38:35.556531',92,164),(6075,'Available','2025-04-29 06:38:35.556531',106,164),(6076,'Available','2025-04-29 06:38:35.556531',120,164),(6077,'Available','2025-04-29 06:38:35.564115',5,165),(6078,'Available','2025-04-29 06:38:35.564115',131,165),(6079,'Available','2025-04-29 06:38:35.564115',145,165),(6080,'Available','2025-04-29 06:38:35.564115',159,165),(6081,'Available','2025-04-29 06:38:35.564115',173,165),(6082,'Available','2025-04-29 06:38:35.564115',187,165),(6083,'Available','2025-04-29 06:38:35.564115',201,165),(6084,'Available','2025-04-29 06:38:35.564115',215,165),(6085,'Available','2025-04-29 06:38:35.564115',229,165),(6086,'Available','2025-04-29 06:38:35.564115',243,165),(6087,'Available','2025-04-29 06:38:35.564115',257,165),(6088,'Available','2025-04-29 06:38:35.564115',19,165),(6089,'Available','2025-04-29 06:38:35.564115',271,165),(6090,'Available','2025-04-29 06:38:35.564115',285,165),(6091,'Available','2025-04-29 06:38:35.564115',299,165),(6092,'Available','2025-04-29 06:38:35.564115',313,165),(6093,'Available','2025-04-29 06:38:35.564115',327,165),(6094,'Available','2025-04-29 06:38:35.564115',341,165),(6095,'Available','2025-04-29 06:38:35.564115',355,165),(6096,'Available','2025-04-29 06:38:35.564115',369,165),(6097,'Available','2025-04-29 06:38:35.564115',383,165),(6098,'Available','2025-04-29 06:38:35.564115',397,165),(6099,'Available','2025-04-29 06:38:35.564115',33,165),(6100,'Available','2025-04-29 06:38:35.564115',47,165),(6101,'Available','2025-04-29 06:38:35.564115',61,165),(6102,'Available','2025-04-29 06:38:35.564115',75,165),(6103,'Available','2025-04-29 06:38:35.564115',89,165),(6104,'Available','2025-04-29 06:38:35.564115',103,165),(6105,'Available','2025-04-29 06:38:35.564115',117,165),(6106,'Available','2025-04-29 06:38:35.574751',5,166),(6107,'Available','2025-04-29 06:38:35.574751',131,166),(6108,'Available','2025-04-29 06:38:35.574751',145,166),(6109,'Available','2025-04-29 06:38:35.574751',159,166),(6110,'Available','2025-04-29 06:38:35.574751',173,166),(6111,'Available','2025-04-29 06:38:35.574751',187,166),(6112,'Available','2025-04-29 06:38:35.574751',201,166),(6113,'Available','2025-04-29 06:38:35.574751',215,166),(6114,'Available','2025-04-29 06:38:35.574751',229,166),(6115,'Available','2025-04-29 06:38:35.574751',243,166),(6116,'Available','2025-04-29 06:38:35.574751',257,166),(6117,'Available','2025-04-29 06:38:35.574751',19,166),(6118,'Available','2025-04-29 06:38:35.574751',271,166),(6119,'Available','2025-04-29 06:38:35.574751',285,166),(6120,'Available','2025-04-29 06:38:35.574751',299,166),(6121,'Available','2025-04-29 06:38:35.574751',313,166),(6122,'Available','2025-04-29 06:38:35.574751',327,166),(6123,'Available','2025-04-29 06:38:35.574751',341,166),(6124,'Available','2025-04-29 06:38:35.574751',355,166),(6125,'Available','2025-04-29 06:38:35.574751',369,166),(6126,'Available','2025-04-29 06:38:35.574751',383,166),(6127,'Available','2025-04-29 06:38:35.574751',397,166),(6128,'Available','2025-04-29 06:38:35.574751',33,166),(6129,'Available','2025-04-29 06:38:35.574751',47,166),(6130,'Available','2025-04-29 06:38:35.574751',61,166),(6131,'Available','2025-04-29 06:38:35.574751',75,166),(6132,'Available','2025-04-29 06:38:35.574751',89,166),(6133,'Available','2025-04-29 06:38:35.574751',103,166),(6134,'Available','2025-04-29 06:38:35.574751',117,166),(6135,'Available','2025-04-29 06:38:35.577623',5,167),(6136,'Available','2025-04-29 06:38:35.577623',131,167),(6137,'Available','2025-04-29 06:38:35.577623',145,167),(6138,'Available','2025-04-29 06:38:35.577623',159,167),(6139,'Available','2025-04-29 06:38:35.577623',173,167),(6140,'Available','2025-04-29 06:38:35.577623',187,167),(6141,'Available','2025-04-29 06:38:35.577623',201,167),(6142,'Available','2025-04-29 06:38:35.577623',215,167),(6143,'Available','2025-04-29 06:38:35.577623',229,167),(6144,'Available','2025-04-29 06:38:35.577623',243,167),(6145,'Available','2025-04-29 06:38:35.577623',257,167),(6146,'Available','2025-04-29 06:38:35.577623',19,167),(6147,'Available','2025-04-29 06:38:35.577623',271,167),(6148,'Available','2025-04-29 06:38:35.577623',285,167),(6149,'Available','2025-04-29 06:38:35.577623',299,167),(6150,'Available','2025-04-29 06:38:35.577623',313,167),(6151,'Available','2025-04-29 06:38:35.577623',327,167),(6152,'Available','2025-04-29 06:38:35.577623',341,167),(6153,'Available','2025-04-29 06:38:35.577623',355,167),(6154,'Available','2025-04-29 06:38:35.577623',369,167),(6155,'Available','2025-04-29 06:38:35.577623',383,167),(6156,'Available','2025-04-29 06:38:35.577623',397,167),(6157,'Available','2025-04-29 06:38:35.577623',33,167),(6158,'Available','2025-04-29 06:38:35.577623',47,167),(6159,'Available','2025-04-29 06:38:35.577623',61,167),(6160,'Available','2025-04-29 06:38:35.577623',75,167),(6161,'Available','2025-04-29 06:38:35.577623',89,167),(6162,'Available','2025-04-29 06:38:35.577623',103,167),(6163,'Available','2025-04-29 06:38:35.577623',117,167),(6164,'Available','2025-04-29 06:38:35.584809',5,168),(6165,'Available','2025-04-29 06:38:35.584809',131,168),(6166,'Available','2025-04-29 06:38:35.584809',145,168),(6167,'Available','2025-04-29 06:38:35.584809',159,168),(6168,'Available','2025-04-29 06:38:35.584809',173,168),(6169,'Available','2025-04-29 06:38:35.584809',187,168),(6170,'Available','2025-04-29 06:38:35.584809',201,168),(6171,'Available','2025-04-29 06:38:35.584809',215,168),(6172,'Available','2025-04-29 06:38:35.584809',229,168),(6173,'Available','2025-04-29 06:38:35.584809',243,168),(6174,'Available','2025-04-29 06:38:35.584809',257,168),(6175,'Available','2025-04-29 06:38:35.584809',19,168),(6176,'Available','2025-04-29 06:38:35.584809',271,168),(6177,'Available','2025-04-29 06:38:35.584809',285,168),(6178,'Available','2025-04-29 06:38:35.584809',299,168),(6179,'Available','2025-04-29 06:38:35.584809',313,168),(6180,'Available','2025-04-29 06:38:35.584809',327,168),(6181,'Available','2025-04-29 06:38:35.584809',341,168),(6182,'Available','2025-04-29 06:38:35.584809',355,168),(6183,'Available','2025-04-29 06:38:35.584809',369,168),(6184,'Available','2025-04-29 06:38:35.584809',383,168),(6185,'Available','2025-04-29 06:38:35.584809',397,168),(6186,'Available','2025-04-29 06:38:35.584809',33,168),(6187,'Available','2025-04-29 06:38:35.584809',47,168),(6188,'Available','2025-04-29 06:38:35.584809',61,168),(6189,'Available','2025-04-29 06:38:35.584809',75,168),(6190,'Available','2025-04-29 06:38:35.584809',89,168),(6191,'Available','2025-04-29 06:38:35.584809',103,168),(6192,'Available','2025-04-29 06:38:35.584809',117,168),(6193,'Available','2025-04-29 06:38:35.589565',5,169),(6194,'Available','2025-04-29 06:38:35.589565',131,169),(6195,'Available','2025-04-29 06:38:35.589565',145,169),(6196,'Available','2025-04-29 06:38:35.589565',159,169),(6197,'Available','2025-04-29 06:38:35.589565',173,169),(6198,'Available','2025-04-29 06:38:35.589565',187,169),(6199,'Available','2025-04-29 06:38:35.589565',201,169),(6200,'Available','2025-04-29 06:38:35.589565',215,169),(6201,'Available','2025-04-29 06:38:35.589565',229,169),(6202,'Available','2025-04-29 06:38:35.589565',243,169),(6203,'Available','2025-04-29 06:38:35.589565',257,169),(6204,'Available','2025-04-29 06:38:35.589565',19,169),(6205,'Available','2025-04-29 06:38:35.589565',271,169),(6206,'Available','2025-04-29 06:38:35.589565',285,169),(6207,'Available','2025-04-29 06:38:35.589565',299,169),(6208,'Available','2025-04-29 06:38:35.589565',313,169),(6209,'Available','2025-04-29 06:38:35.589565',327,169),(6210,'Available','2025-04-29 06:38:35.589565',341,169),(6211,'Available','2025-04-29 06:38:35.589565',355,169),(6212,'Available','2025-04-29 06:38:35.589565',369,169),(6213,'Available','2025-04-29 06:38:35.589565',383,169),(6214,'Available','2025-04-29 06:38:35.589565',397,169),(6215,'Available','2025-04-29 06:38:35.589565',33,169),(6216,'Available','2025-04-29 06:38:35.589565',47,169),(6217,'Available','2025-04-29 06:38:35.589565',61,169),(6218,'Available','2025-04-29 06:38:35.589565',75,169),(6219,'Available','2025-04-29 06:38:35.589565',89,169),(6220,'Available','2025-04-29 06:38:35.589565',103,169),(6221,'Available','2025-04-29 06:38:35.589565',117,169),(6222,'Available','2025-04-29 06:38:35.589565',5,170),(6223,'Available','2025-04-29 06:38:35.589565',131,170),(6224,'Available','2025-04-29 06:38:35.589565',145,170),(6225,'Available','2025-04-29 06:38:35.589565',159,170),(6226,'Available','2025-04-29 06:38:35.589565',173,170),(6227,'Available','2025-04-29 06:38:35.589565',187,170),(6228,'Available','2025-04-29 06:38:35.589565',201,170),(6229,'Available','2025-04-29 06:38:35.589565',215,170),(6230,'Available','2025-04-29 06:38:35.589565',229,170),(6231,'Available','2025-04-29 06:38:35.589565',243,170),(6232,'Available','2025-04-29 06:38:35.589565',257,170),(6233,'Available','2025-04-29 06:38:35.589565',19,170),(6234,'Available','2025-04-29 06:38:35.589565',271,170),(6235,'Available','2025-04-29 06:38:35.589565',285,170),(6236,'Available','2025-04-29 06:38:35.589565',299,170),(6237,'Available','2025-04-29 06:38:35.589565',313,170),(6238,'Available','2025-04-29 06:38:35.589565',327,170),(6239,'Available','2025-04-29 06:38:35.589565',341,170),(6240,'Available','2025-04-29 06:38:35.589565',355,170),(6241,'Available','2025-04-29 06:38:35.589565',369,170),(6242,'Available','2025-04-29 06:38:35.589565',383,170),(6243,'Available','2025-04-29 06:38:35.589565',397,170),(6244,'Available','2025-04-29 06:38:35.589565',33,170),(6245,'Available','2025-04-29 06:38:35.589565',47,170),(6246,'Available','2025-04-29 06:38:35.589565',61,170),(6247,'Available','2025-04-29 06:38:35.589565',75,170),(6248,'Available','2025-04-29 06:38:35.589565',89,170),(6249,'Available','2025-04-29 06:38:35.589565',103,170),(6250,'Available','2025-04-29 06:38:35.589565',117,170),(6251,'Available','2025-04-29 06:38:35.603095',5,171),(6252,'Available','2025-04-29 06:38:35.603095',131,171),(6253,'Available','2025-04-29 06:38:35.603095',145,171),(6254,'Available','2025-04-29 06:38:35.603095',159,171),(6255,'Available','2025-04-29 06:38:35.603095',173,171),(6256,'Available','2025-04-29 06:38:35.603095',187,171),(6257,'Available','2025-04-29 06:38:35.603095',201,171),(6258,'Available','2025-04-29 06:38:35.603095',215,171),(6259,'Available','2025-04-29 06:38:35.603095',229,171),(6260,'Available','2025-04-29 06:38:35.603095',243,171),(6261,'Available','2025-04-29 06:38:35.603095',257,171),(6262,'Available','2025-04-29 06:38:35.603095',19,171),(6263,'Available','2025-04-29 06:38:35.603095',271,171),(6264,'Available','2025-04-29 06:38:35.603095',285,171),(6265,'Available','2025-04-29 06:38:35.603095',299,171),(6266,'Available','2025-04-29 06:38:35.603095',313,171),(6267,'Available','2025-04-29 06:38:35.603095',327,171),(6268,'Available','2025-04-29 06:38:35.603095',341,171),(6269,'Available','2025-04-29 06:38:35.603095',355,171),(6270,'Available','2025-04-29 06:38:35.603095',369,171),(6271,'Available','2025-04-29 06:38:35.603095',383,171),(6272,'Available','2025-04-29 06:38:35.603095',397,171),(6273,'Available','2025-04-29 06:38:35.603095',33,171),(6274,'Available','2025-04-29 06:38:35.603095',47,171),(6275,'Available','2025-04-29 06:38:35.603095',61,171),(6276,'Available','2025-04-29 06:38:35.603095',75,171),(6277,'Available','2025-04-29 06:38:35.603095',89,171),(6278,'Available','2025-04-29 06:38:35.603095',103,171),(6279,'Available','2025-04-29 06:38:35.603095',117,171),(6280,'Available','2025-04-29 06:38:35.608114',5,172),(6281,'Available','2025-04-29 06:38:35.608114',131,172),(6282,'Available','2025-04-29 06:38:35.608114',145,172),(6283,'Available','2025-04-29 06:38:35.608114',159,172),(6284,'Available','2025-04-29 06:38:35.608114',173,172),(6285,'Available','2025-04-29 06:38:35.608114',187,172),(6286,'Available','2025-04-29 06:38:35.608114',201,172),(6287,'Available','2025-04-29 06:38:35.608114',215,172),(6288,'Available','2025-04-29 06:38:35.608114',229,172),(6289,'Available','2025-04-29 06:38:35.608114',243,172),(6290,'Available','2025-04-29 06:38:35.608114',257,172),(6291,'Available','2025-04-29 06:38:35.608114',19,172),(6292,'Available','2025-04-29 06:38:35.608114',271,172),(6293,'Available','2025-04-29 06:38:35.608114',285,172),(6294,'Available','2025-04-29 06:38:35.608114',299,172),(6295,'Available','2025-04-29 06:38:35.608114',313,172),(6296,'Available','2025-04-29 06:38:35.608114',327,172),(6297,'Available','2025-04-29 06:38:35.608114',341,172),(6298,'Available','2025-04-29 06:38:35.608114',355,172),(6299,'Available','2025-04-29 06:38:35.608114',369,172),(6300,'Available','2025-04-29 06:38:35.608114',383,172),(6301,'Available','2025-04-29 06:38:35.608114',397,172),(6302,'Available','2025-04-29 06:38:35.608114',33,172),(6303,'Available','2025-04-29 06:38:35.608114',47,172),(6304,'Available','2025-04-29 06:38:35.608114',61,172),(6305,'Available','2025-04-29 06:38:35.608114',75,172),(6306,'Available','2025-04-29 06:38:35.608114',89,172),(6307,'Available','2025-04-29 06:38:35.608114',103,172),(6308,'Available','2025-04-29 06:38:35.608114',117,172),(6309,'Available','2025-04-29 06:38:35.617724',3,173),(6310,'Available','2025-04-29 06:38:35.617724',129,173),(6311,'Available','2025-04-29 06:38:35.617724',143,173),(6312,'Available','2025-04-29 06:38:35.617724',157,173),(6313,'Available','2025-04-29 06:38:35.617724',171,173),(6314,'Available','2025-04-29 06:38:35.617724',185,173),(6315,'Available','2025-04-29 06:38:35.617724',199,173),(6316,'Available','2025-04-29 06:38:35.617724',213,173),(6317,'Available','2025-04-29 06:38:35.617724',227,173),(6318,'Available','2025-04-29 06:38:35.617724',241,173),(6319,'Available','2025-04-29 06:38:35.617724',255,173),(6320,'Available','2025-04-29 06:38:35.617724',17,173),(6321,'Available','2025-04-29 06:38:35.617724',269,173),(6322,'Available','2025-04-29 06:38:35.617724',283,173),(6323,'Available','2025-04-29 06:38:35.617724',297,173),(6324,'Available','2025-04-29 06:38:35.617724',311,173),(6325,'Available','2025-04-29 06:38:35.617724',325,173),(6326,'Available','2025-04-29 06:38:35.617724',339,173),(6327,'Available','2025-04-29 06:38:35.617724',353,173),(6328,'Available','2025-04-29 06:38:35.617724',367,173),(6329,'Available','2025-04-29 06:38:35.617724',381,173),(6330,'Available','2025-04-29 06:38:35.617724',395,173),(6331,'Available','2025-04-29 06:38:35.617724',31,173),(6332,'Available','2025-04-29 06:38:35.617724',409,173),(6333,'Available','2025-04-29 06:38:35.617724',421,173),(6334,'Available','2025-04-29 06:38:35.617724',433,173),(6335,'Available','2025-04-29 06:38:35.617724',445,173),(6336,'Available','2025-04-29 06:38:35.617724',452,173),(6337,'Available','2025-04-29 06:38:35.617724',459,173),(6338,'Available','2025-04-29 06:38:35.617724',466,173),(6339,'Available','2025-04-29 06:38:35.617724',473,173),(6340,'Available','2025-04-29 06:38:35.617724',480,173),(6341,'Available','2025-04-29 06:38:35.617724',487,173),(6342,'Available','2025-04-29 06:38:35.617724',45,173),(6343,'Available','2025-04-29 06:38:35.617724',494,173),(6344,'Available','2025-04-29 06:38:35.617724',501,173),(6345,'Available','2025-04-29 06:38:35.617724',508,173),(6346,'Available','2025-04-29 06:38:35.617724',515,173),(6347,'Available','2025-04-29 06:38:35.617724',522,173),(6348,'Available','2025-04-29 06:38:35.617724',59,173),(6349,'Available','2025-04-29 06:38:35.617724',73,173),(6350,'Available','2025-04-29 06:38:35.617724',87,173),(6351,'Available','2025-04-29 06:38:35.617724',101,173),(6352,'Available','2025-04-29 06:38:35.617724',115,173),(6353,'Available','2025-04-29 06:38:35.623699',3,174),(6354,'Available','2025-04-29 06:38:35.623699',129,174),(6355,'Available','2025-04-29 06:38:35.623699',143,174),(6356,'Available','2025-04-29 06:38:35.623699',157,174),(6357,'Available','2025-04-29 06:38:35.623699',171,174),(6358,'Available','2025-04-29 06:38:35.623699',185,174),(6359,'Available','2025-04-29 06:38:35.623699',199,174),(6360,'Available','2025-04-29 06:38:35.623699',213,174),(6361,'Available','2025-04-29 06:38:35.623699',227,174),(6362,'Available','2025-04-29 06:38:35.623699',241,174),(6363,'Available','2025-04-29 06:38:35.623699',255,174),(6364,'Available','2025-04-29 06:38:35.623699',17,174),(6365,'Available','2025-04-29 06:38:35.623699',269,174),(6366,'Available','2025-04-29 06:38:35.623699',283,174),(6367,'Available','2025-04-29 06:38:35.623699',297,174),(6368,'Available','2025-04-29 06:38:35.623699',311,174),(6369,'Available','2025-04-29 06:38:35.623699',325,174),(6370,'Available','2025-04-29 06:38:35.623699',339,174),(6371,'Available','2025-04-29 06:38:35.623699',353,174),(6372,'Available','2025-04-29 06:38:35.623699',367,174),(6373,'Available','2025-04-29 06:38:35.623699',381,174),(6374,'Available','2025-04-29 06:38:35.623699',395,174),(6375,'Available','2025-04-29 06:38:35.623699',31,174),(6376,'Available','2025-04-29 06:38:35.623699',409,174),(6377,'Available','2025-04-29 06:38:35.623699',421,174),(6378,'Available','2025-04-29 06:38:35.623699',433,174),(6379,'Available','2025-04-29 06:38:35.623699',445,174),(6380,'Available','2025-04-29 06:38:35.623699',452,174),(6381,'Available','2025-04-29 06:38:35.623699',459,174),(6382,'Available','2025-04-29 06:38:35.623699',466,174),(6383,'Available','2025-04-29 06:38:35.623699',473,174),(6384,'Available','2025-04-29 06:38:35.623699',480,174),(6385,'Available','2025-04-29 06:38:35.623699',487,174),(6386,'Available','2025-04-29 06:38:35.623699',45,174),(6387,'Available','2025-04-29 06:38:35.623699',494,174),(6388,'Available','2025-04-29 06:38:35.623699',501,174),(6389,'Available','2025-04-29 06:38:35.623699',508,174),(6390,'Available','2025-04-29 06:38:35.623699',515,174),(6391,'Available','2025-04-29 06:38:35.623699',522,174),(6392,'Available','2025-04-29 06:38:35.623699',59,174),(6393,'Available','2025-04-29 06:38:35.623699',73,174),(6394,'Available','2025-04-29 06:38:35.623699',87,174),(6395,'Available','2025-04-29 06:38:35.623699',101,174),(6396,'Available','2025-04-29 06:38:35.623699',115,174),(6397,'Available','2025-04-29 06:38:35.631267',3,175),(6398,'Available','2025-04-29 06:38:35.631267',129,175),(6399,'Available','2025-04-29 06:38:35.631267',143,175),(6400,'Available','2025-04-29 06:38:35.631267',157,175),(6401,'Available','2025-04-29 06:38:35.631267',171,175),(6402,'Available','2025-04-29 06:38:35.631267',185,175),(6403,'Available','2025-04-29 06:38:35.631267',199,175),(6404,'Available','2025-04-29 06:38:35.631267',213,175),(6405,'Available','2025-04-29 06:38:35.631267',227,175),(6406,'Available','2025-04-29 06:38:35.631267',241,175),(6407,'Available','2025-04-29 06:38:35.631267',255,175),(6408,'Available','2025-04-29 06:38:35.631267',17,175),(6409,'Available','2025-04-29 06:38:35.631267',269,175),(6410,'Available','2025-04-29 06:38:35.631267',283,175),(6411,'Available','2025-04-29 06:38:35.631267',297,175),(6412,'Available','2025-04-29 06:38:35.631267',311,175),(6413,'Available','2025-04-29 06:38:35.631267',325,175),(6414,'Available','2025-04-29 06:38:35.631267',339,175),(6415,'Available','2025-04-29 06:38:35.631267',353,175),(6416,'Available','2025-04-29 06:38:35.631267',367,175),(6417,'Available','2025-04-29 06:38:35.631267',381,175),(6418,'Available','2025-04-29 06:38:35.631267',395,175),(6419,'Available','2025-04-29 06:38:35.631267',31,175),(6420,'Available','2025-04-29 06:38:35.631267',409,175),(6421,'Available','2025-04-29 06:38:35.631267',421,175),(6422,'Available','2025-04-29 06:38:35.631267',433,175),(6423,'Available','2025-04-29 06:38:35.631267',445,175),(6424,'Available','2025-04-29 06:38:35.631267',452,175),(6425,'Available','2025-04-29 06:38:35.631267',459,175),(6426,'Available','2025-04-29 06:38:35.631267',466,175),(6427,'Available','2025-04-29 06:38:35.631267',473,175),(6428,'Available','2025-04-29 06:38:35.631267',480,175),(6429,'Available','2025-04-29 06:38:35.631267',487,175),(6430,'Available','2025-04-29 06:38:35.631267',45,175),(6431,'Available','2025-04-29 06:38:35.631267',494,175),(6432,'Available','2025-04-29 06:38:35.631267',501,175),(6433,'Available','2025-04-29 06:38:35.631543',508,175),(6434,'Available','2025-04-29 06:38:35.631543',515,175),(6435,'Available','2025-04-29 06:38:35.631543',522,175),(6436,'Available','2025-04-29 06:38:35.631543',59,175),(6437,'Available','2025-04-29 06:38:35.631543',73,175),(6438,'Available','2025-04-29 06:38:35.631543',87,175),(6439,'Available','2025-04-29 06:38:35.631543',101,175),(6440,'Available','2025-04-29 06:38:35.631543',115,175),(6441,'Available','2025-04-29 06:38:35.637109',3,176),(6442,'Available','2025-04-29 06:38:35.637109',129,176),(6443,'Available','2025-04-29 06:38:35.637109',143,176),(6444,'Available','2025-04-29 06:38:35.637109',157,176),(6445,'Available','2025-04-29 06:38:35.637109',171,176),(6446,'Available','2025-04-29 06:38:35.637109',185,176),(6447,'Available','2025-04-29 06:38:35.637109',199,176),(6448,'Available','2025-04-29 06:38:35.637109',213,176),(6449,'Available','2025-04-29 06:38:35.637109',227,176),(6450,'Available','2025-04-29 06:38:35.637109',241,176),(6451,'Available','2025-04-29 06:38:35.637109',255,176),(6452,'Available','2025-04-29 06:38:35.637109',17,176),(6453,'Available','2025-04-29 06:38:35.637109',269,176),(6454,'Available','2025-04-29 06:38:35.637109',283,176),(6455,'Available','2025-04-29 06:38:35.637109',297,176),(6456,'Available','2025-04-29 06:38:35.637109',311,176),(6457,'Available','2025-04-29 06:38:35.637109',325,176),(6458,'Available','2025-04-29 06:38:35.637109',339,176),(6459,'Available','2025-04-29 06:38:35.637109',353,176),(6460,'Available','2025-04-29 06:38:35.637109',367,176),(6461,'Available','2025-04-29 06:38:35.637109',381,176),(6462,'Available','2025-04-29 06:38:35.637109',395,176),(6463,'Available','2025-04-29 06:38:35.637109',31,176),(6464,'Available','2025-04-29 06:38:35.637109',409,176),(6465,'Available','2025-04-29 06:38:35.637109',421,176),(6466,'Available','2025-04-29 06:38:35.637109',433,176),(6467,'Available','2025-04-29 06:38:35.637109',445,176),(6468,'Available','2025-04-29 06:38:35.637109',452,176),(6469,'Available','2025-04-29 06:38:35.637109',459,176),(6470,'Available','2025-04-29 06:38:35.637109',466,176),(6471,'Available','2025-04-29 06:38:35.637109',473,176),(6472,'Available','2025-04-29 06:38:35.637109',480,176),(6473,'Available','2025-04-29 06:38:35.637109',487,176),(6474,'Available','2025-04-29 06:38:35.637109',45,176),(6475,'Available','2025-04-29 06:38:35.637109',494,176),(6476,'Available','2025-04-29 06:38:35.637109',501,176),(6477,'Available','2025-04-29 06:38:35.637109',508,176),(6478,'Available','2025-04-29 06:38:35.637109',515,176),(6479,'Available','2025-04-29 06:38:35.637109',522,176),(6480,'Available','2025-04-29 06:38:35.637109',59,176),(6481,'Available','2025-04-29 06:38:35.637109',73,176),(6482,'Available','2025-04-29 06:38:35.637109',87,176),(6483,'Available','2025-04-29 06:38:35.637109',101,176),(6484,'Available','2025-04-29 06:38:35.637109',115,176),(6485,'Available','2025-04-29 06:38:35.641994',3,177),(6486,'Available','2025-04-29 06:38:35.641994',129,177),(6487,'Available','2025-04-29 06:38:35.641994',143,177),(6488,'Available','2025-04-29 06:38:35.641994',157,177),(6489,'Available','2025-04-29 06:38:35.641994',171,177),(6490,'Available','2025-04-29 06:38:35.641994',185,177),(6491,'Available','2025-04-29 06:38:35.641994',199,177),(6492,'Available','2025-04-29 06:38:35.641994',213,177),(6493,'Available','2025-04-29 06:38:35.641994',227,177),(6494,'Available','2025-04-29 06:38:35.641994',241,177),(6495,'Available','2025-04-29 06:38:35.641994',255,177),(6496,'Available','2025-04-29 06:38:35.641994',17,177),(6497,'Available','2025-04-29 06:38:35.641994',269,177),(6498,'Available','2025-04-29 06:38:35.641994',283,177),(6499,'Available','2025-04-29 06:38:35.641994',297,177),(6500,'Available','2025-04-29 06:38:35.641994',311,177),(6501,'Available','2025-04-29 06:38:35.641994',325,177),(6502,'Available','2025-04-29 06:38:35.641994',339,177),(6503,'Available','2025-04-29 06:38:35.641994',353,177),(6504,'Available','2025-04-29 06:38:35.641994',367,177),(6505,'Available','2025-04-29 06:38:35.641994',381,177),(6506,'Available','2025-04-29 06:38:35.641994',395,177),(6507,'Available','2025-04-29 06:38:35.641994',31,177),(6508,'Available','2025-04-29 06:38:35.641994',409,177),(6509,'Available','2025-04-29 06:38:35.641994',421,177),(6510,'Available','2025-04-29 06:38:35.641994',433,177),(6511,'Available','2025-04-29 06:38:35.641994',445,177),(6512,'Available','2025-04-29 06:38:35.641994',452,177),(6513,'Available','2025-04-29 06:38:35.641994',459,177),(6514,'Available','2025-04-29 06:38:35.641994',466,177),(6515,'Available','2025-04-29 06:38:35.641994',473,177),(6516,'Available','2025-04-29 06:38:35.641994',480,177),(6517,'Available','2025-04-29 06:38:35.641994',487,177),(6518,'Available','2025-04-29 06:38:35.641994',45,177),(6519,'Available','2025-04-29 06:38:35.641994',494,177),(6520,'Available','2025-04-29 06:38:35.641994',501,177),(6521,'Available','2025-04-29 06:38:35.641994',508,177),(6522,'Available','2025-04-29 06:38:35.641994',515,177),(6523,'Available','2025-04-29 06:38:35.641994',522,177),(6524,'Available','2025-04-29 06:38:35.641994',59,177),(6525,'Available','2025-04-29 06:38:35.641994',73,177),(6526,'Available','2025-04-29 06:38:35.641994',87,177),(6527,'Available','2025-04-29 06:38:35.641994',101,177),(6528,'Available','2025-04-29 06:38:35.641994',115,177),(6529,'Available','2025-04-29 06:38:35.650170',3,178),(6530,'Available','2025-04-29 06:38:35.650170',129,178),(6531,'Available','2025-04-29 06:38:35.650170',143,178),(6532,'Available','2025-04-29 06:38:35.650170',157,178),(6533,'Available','2025-04-29 06:38:35.650170',171,178),(6534,'Available','2025-04-29 06:38:35.650170',185,178),(6535,'Available','2025-04-29 06:38:35.650170',199,178),(6536,'Available','2025-04-29 06:38:35.650170',213,178),(6537,'Available','2025-04-29 06:38:35.650170',227,178),(6538,'Available','2025-04-29 06:38:35.650170',241,178),(6539,'Available','2025-04-29 06:38:35.650170',255,178),(6540,'Available','2025-04-29 06:38:35.650170',17,178),(6541,'Available','2025-04-29 06:38:35.650170',269,178),(6542,'Available','2025-04-29 06:38:35.650170',283,178),(6543,'Available','2025-04-29 06:38:35.650170',297,178),(6544,'Available','2025-04-29 06:38:35.650170',311,178),(6545,'Available','2025-04-29 06:38:35.650170',325,178),(6546,'Available','2025-04-29 06:38:35.650170',339,178),(6547,'Available','2025-04-29 06:38:35.651178',353,178),(6548,'Available','2025-04-29 06:38:35.651178',367,178),(6549,'Available','2025-04-29 06:38:35.651178',381,178),(6550,'Available','2025-04-29 06:38:35.651178',395,178),(6551,'Available','2025-04-29 06:38:35.651178',31,178),(6552,'Available','2025-04-29 06:38:35.651178',409,178),(6553,'Available','2025-04-29 06:38:35.651178',421,178),(6554,'Available','2025-04-29 06:38:35.651178',433,178),(6555,'Available','2025-04-29 06:38:35.651178',445,178),(6556,'Available','2025-04-29 06:38:35.651178',452,178),(6557,'Available','2025-04-29 06:38:35.651178',459,178),(6558,'Available','2025-04-29 06:38:35.651178',466,178),(6559,'Available','2025-04-29 06:38:35.651178',473,178),(6560,'Available','2025-04-29 06:38:35.651178',480,178),(6561,'Available','2025-04-29 06:38:35.651178',487,178),(6562,'Available','2025-04-29 06:38:35.651178',45,178),(6563,'Available','2025-04-29 06:38:35.651178',494,178),(6564,'Available','2025-04-29 06:38:35.651178',501,178),(6565,'Available','2025-04-29 06:38:35.651178',508,178),(6566,'Available','2025-04-29 06:38:35.651178',515,178),(6567,'Available','2025-04-29 06:38:35.651178',522,178),(6568,'Available','2025-04-29 06:38:35.651178',59,178),(6569,'Available','2025-04-29 06:38:35.651178',73,178),(6570,'Available','2025-04-29 06:38:35.651178',87,178),(6571,'Available','2025-04-29 06:38:35.651178',101,178),(6572,'Available','2025-04-29 06:38:35.651178',115,178),(6573,'Available','2025-04-29 06:38:35.656622',3,179),(6574,'Available','2025-04-29 06:38:35.656622',129,179),(6575,'Available','2025-04-29 06:38:35.656622',143,179),(6576,'Available','2025-04-29 06:38:35.656622',157,179),(6577,'Available','2025-04-29 06:38:35.656622',171,179),(6578,'Available','2025-04-29 06:38:35.656622',185,179),(6579,'Available','2025-04-29 06:38:35.656622',199,179),(6580,'Available','2025-04-29 06:38:35.656622',213,179),(6581,'Available','2025-04-29 06:38:35.656622',227,179),(6582,'Available','2025-04-29 06:38:35.656622',241,179),(6583,'Available','2025-04-29 06:38:35.656622',255,179),(6584,'Available','2025-04-29 06:38:35.656622',17,179),(6585,'Available','2025-04-29 06:38:35.656622',269,179),(6586,'Available','2025-04-29 06:38:35.656622',283,179),(6587,'Available','2025-04-29 06:38:35.656622',297,179),(6588,'Available','2025-04-29 06:38:35.656622',311,179),(6589,'Available','2025-04-29 06:38:35.656622',325,179),(6590,'Available','2025-04-29 06:38:35.656622',339,179),(6591,'Available','2025-04-29 06:38:35.656622',353,179),(6592,'Available','2025-04-29 06:38:35.656622',367,179),(6593,'Available','2025-04-29 06:38:35.656622',381,179),(6594,'Available','2025-04-29 06:38:35.656622',395,179),(6595,'Available','2025-04-29 06:38:35.656622',31,179),(6596,'Available','2025-04-29 06:38:35.656622',409,179),(6597,'Available','2025-04-29 06:38:35.656622',421,179),(6598,'Available','2025-04-29 06:38:35.656622',433,179),(6599,'Available','2025-04-29 06:38:35.656622',445,179),(6600,'Available','2025-04-29 06:38:35.656622',452,179),(6601,'Available','2025-04-29 06:38:35.656622',459,179),(6602,'Available','2025-04-29 06:38:35.656622',466,179),(6603,'Available','2025-04-29 06:38:35.656622',473,179),(6604,'Available','2025-04-29 06:38:35.656622',480,179),(6605,'Available','2025-04-29 06:38:35.656622',487,179),(6606,'Available','2025-04-29 06:38:35.656622',45,179),(6607,'Available','2025-04-29 06:38:35.656622',494,179),(6608,'Available','2025-04-29 06:38:35.656622',501,179),(6609,'Available','2025-04-29 06:38:35.656622',508,179),(6610,'Available','2025-04-29 06:38:35.656622',515,179),(6611,'Available','2025-04-29 06:38:35.656622',522,179),(6612,'Available','2025-04-29 06:38:35.656622',59,179),(6613,'Available','2025-04-29 06:38:35.656622',73,179),(6614,'Available','2025-04-29 06:38:35.656622',87,179),(6615,'Available','2025-04-29 06:38:35.656622',101,179),(6616,'Available','2025-04-29 06:38:35.656622',115,179),(6617,'Available','2025-04-29 06:38:35.659906',3,180),(6618,'Available','2025-04-29 06:38:35.659906',129,180),(6619,'Available','2025-04-29 06:38:35.659906',143,180),(6620,'Available','2025-04-29 06:38:35.659906',157,180),(6621,'Available','2025-04-29 06:38:35.659906',171,180),(6622,'Available','2025-04-29 06:38:35.659906',185,180),(6623,'Available','2025-04-29 06:38:35.659906',199,180),(6624,'Available','2025-04-29 06:38:35.659906',213,180),(6625,'Available','2025-04-29 06:38:35.659906',227,180),(6626,'Available','2025-04-29 06:38:35.659906',241,180),(6627,'Available','2025-04-29 06:38:35.659906',255,180),(6628,'Available','2025-04-29 06:38:35.659906',17,180),(6629,'Available','2025-04-29 06:38:35.659906',269,180),(6630,'Available','2025-04-29 06:38:35.659906',283,180),(6631,'Available','2025-04-29 06:38:35.659906',297,180),(6632,'Available','2025-04-29 06:38:35.659906',311,180),(6633,'Available','2025-04-29 06:38:35.659906',325,180),(6634,'Available','2025-04-29 06:38:35.659906',339,180),(6635,'Available','2025-04-29 06:38:35.659906',353,180),(6636,'Available','2025-04-29 06:38:35.659906',367,180),(6637,'Available','2025-04-29 06:38:35.659906',381,180),(6638,'Available','2025-04-29 06:38:35.659906',395,180),(6639,'Available','2025-04-29 06:38:35.659906',31,180),(6640,'Available','2025-04-29 06:38:35.659906',409,180),(6641,'Available','2025-04-29 06:38:35.659906',421,180),(6642,'Available','2025-04-29 06:38:35.659906',433,180),(6643,'Available','2025-04-29 06:38:35.659906',445,180),(6644,'Available','2025-04-29 06:38:35.659906',452,180),(6645,'Available','2025-04-29 06:38:35.659906',459,180),(6646,'Available','2025-04-29 06:38:35.659906',466,180),(6647,'Available','2025-04-29 06:38:35.659906',473,180),(6648,'Available','2025-04-29 06:38:35.659906',480,180),(6649,'Available','2025-04-29 06:38:35.659906',487,180),(6650,'Available','2025-04-29 06:38:35.659906',45,180),(6651,'Available','2025-04-29 06:38:35.659906',494,180),(6652,'Available','2025-04-29 06:38:35.659906',501,180),(6653,'Available','2025-04-29 06:38:35.659906',508,180),(6654,'Available','2025-04-29 06:38:35.659906',515,180),(6655,'Available','2025-04-29 06:38:35.659906',522,180),(6656,'Available','2025-04-29 06:38:35.659906',59,180),(6657,'Available','2025-04-29 06:38:35.659906',73,180),(6658,'Available','2025-04-29 06:38:35.659906',87,180),(6659,'Available','2025-04-29 06:38:35.659906',101,180),(6660,'Available','2025-04-29 06:38:35.659906',115,180);
/*!40000 ALTER TABLE `booking_seattrip` ENABLE KEYS */;
UNLOCK TABLES;

--
-- Table structure for table `booking_trip`
--

DROP TABLE IF EXISTS `booking_trip`;
/*!40101 SET @saved_cs_client     = @@character_set_client */;
/*!50503 SET character_set_client = utf8mb4 */;
CREATE TABLE `booking_trip` (
  `id` bigint NOT NULL AUTO_INCREMENT,
  `trip_date` date NOT NULL,
  `available_seats` int NOT NULL,
  `status` varchar(10) NOT NULL,
  `created_at` datetime(6) NOT NULL,
  `updated_at` datetime(6) NOT NULL,
  `schedule_id` bigint NOT NULL,
  PRIMARY KEY (`id`),
  UNIQUE KEY `booking_trip_schedule_id_trip_date_36027b26_uniq` (`schedule_id`,`trip_date`),
  CONSTRAINT `booking_trip_schedule_id_6254748a_fk_booking_schedule_id` FOREIGN KEY (`schedule_id`) REFERENCES `booking_schedule` (`id`)
) ENGINE=InnoDB AUTO_INCREMENT=181 DEFAULT CHARSET=utf8mb3;
/*!40101 SET character_set_client = @saved_cs_client */;

--
-- Dumping data for table `booking_trip`
--

LOCK TABLES `booking_trip` WRITE;
/*!40000 ALTER TABLE `booking_trip` DISABLE KEYS */;
INSERT INTO `booking_trip` VALUES (1,'2025-03-29',44,'Scheduled','2025-03-29 05:24:45.301922','2025-03-29 05:24:45.302393',1),(2,'2025-03-30',44,'Scheduled','2025-03-29 05:24:45.316904','2025-03-29 05:24:45.316904',1),(3,'2025-03-29',32,'Scheduled','2025-03-29 05:24:45.331332','2025-03-29 05:24:45.331332',2),(4,'2025-03-30',32,'Scheduled','2025-03-29 05:24:45.339162','2025-03-29 05:24:45.339162',2),(5,'2025-03-29',32,'Scheduled','2025-03-29 05:24:45.346245','2025-03-29 05:24:45.346245',3),(6,'2025-03-30',32,'Scheduled','2025-03-29 05:24:45.356465','2025-03-29 05:24:45.356465',3),(7,'2025-03-29',44,'Scheduled','2025-03-29 05:24:45.361798','2025-03-29 05:24:45.361798',4),(8,'2025-03-30',44,'Scheduled','2025-03-29 05:24:45.371970','2025-03-29 05:24:45.372971',4),(9,'2025-03-29',44,'Scheduled','2025-03-29 05:24:45.378729','2025-03-29 05:24:45.379737',5),(10,'2025-03-30',44,'Scheduled','2025-03-29 05:24:45.387156','2025-03-29 05:24:45.387469',5),(11,'2025-03-29',32,'Scheduled','2025-03-29 05:24:45.394627','2025-03-29 05:24:45.394627',6),(12,'2025-03-30',32,'Scheduled','2025-03-29 05:24:45.402204','2025-03-29 05:24:45.402204',6),(13,'2025-03-29',32,'Scheduled','2025-03-29 05:24:45.407719','2025-03-29 05:24:45.407719',7),(14,'2025-03-30',32,'Scheduled','2025-03-29 05:24:45.416618','2025-03-29 05:24:45.416618',7),(15,'2025-03-29',29,'Scheduled','2025-03-29 05:24:45.422908','2025-03-29 05:24:45.422908',8),(16,'2025-03-30',29,'Scheduled','2025-03-29 05:24:45.430434','2025-03-29 05:24:45.430434',8),(17,'2025-03-29',44,'Scheduled','2025-03-29 05:24:45.436347','2025-03-29 05:24:45.436347',9),(18,'2025-03-30',44,'Scheduled','2025-03-29 05:24:45.443323','2025-03-29 05:24:45.443323',9),(19,'2025-03-31',44,'Scheduled','2025-03-31 01:25:41.200061','2025-03-31 01:25:41.200061',1),(20,'2025-04-01',44,'Scheduled','2025-03-31 01:25:41.244741','2025-03-31 01:25:41.244741',1),(21,'2025-03-31',32,'Scheduled','2025-03-31 01:25:41.258762','2025-03-31 01:25:41.258762',2),(22,'2025-04-01',32,'Scheduled','2025-03-31 01:25:41.289268','2025-03-31 01:25:41.289268',2),(23,'2025-03-31',32,'Scheduled','2025-03-31 01:25:41.300894','2025-03-31 01:25:41.300894',3),(24,'2025-04-01',32,'Scheduled','2025-03-31 01:25:41.318553','2025-03-31 01:25:41.318553',3),(25,'2025-03-31',44,'Scheduled','2025-03-31 01:25:41.329839','2025-03-31 01:25:41.329839',4),(26,'2025-04-01',44,'Scheduled','2025-03-31 01:25:41.350427','2025-03-31 01:25:41.350427',4),(27,'2025-03-31',44,'Scheduled','2025-03-31 01:25:41.363084','2025-03-31 01:25:41.363972',5),(28,'2025-04-01',44,'Scheduled','2025-03-31 01:25:41.376086','2025-03-31 01:25:41.376086',5),(29,'2025-03-31',32,'Scheduled','2025-03-31 01:25:41.390621','2025-03-31 01:25:41.390621',6),(30,'2025-04-01',32,'Scheduled','2025-03-31 01:25:41.409877','2025-03-31 01:25:41.409877',6),(31,'2025-03-31',32,'Scheduled','2025-03-31 01:25:41.425227','2025-03-31 01:25:41.425227',7),(32,'2025-04-01',32,'Scheduled','2025-03-31 01:25:41.442900','2025-03-31 01:25:41.442900',7),(33,'2025-03-31',29,'Scheduled','2025-03-31 01:25:41.460681','2025-03-31 01:25:41.460681',8),(34,'2025-04-01',29,'Scheduled','2025-03-31 01:25:41.483408','2025-03-31 01:25:41.483408',8),(35,'2025-03-31',44,'Scheduled','2025-03-31 01:25:41.495691','2025-03-31 01:25:41.495691',9),(36,'2025-04-01',44,'Scheduled','2025-03-31 01:25:41.515838','2025-03-31 01:25:41.515838',9),(37,'2025-04-02',44,'Scheduled','2025-04-01 07:31:54.748420','2025-04-01 07:31:54.748420',1),(38,'2025-04-02',32,'Scheduled','2025-04-01 07:31:54.824817','2025-04-01 07:31:54.824817',2),(39,'2025-04-02',32,'Scheduled','2025-04-01 07:31:54.861493','2025-04-01 07:31:54.861493',3),(40,'2025-04-02',44,'Scheduled','2025-04-01 07:31:54.882805','2025-04-01 07:31:54.882805',4),(41,'2025-04-02',44,'Scheduled','2025-04-01 07:31:54.901820','2025-04-01 07:31:54.901820',5),(42,'2025-04-02',32,'Scheduled','2025-04-01 07:31:54.921445','2025-04-01 07:31:54.921445',6),(43,'2025-04-02',32,'Scheduled','2025-04-01 07:31:54.934338','2025-04-01 07:31:54.934338',7),(44,'2025-04-02',29,'Scheduled','2025-04-01 07:31:54.951018','2025-04-01 07:31:54.951018',8),(45,'2025-04-02',44,'Scheduled','2025-04-01 07:31:54.965038','2025-04-01 07:31:54.965038',9),(46,'2025-04-03',44,'Scheduled','2025-04-02 14:38:53.112837','2025-04-02 14:38:53.112837',1),(47,'2025-04-04',44,'Scheduled','2025-04-02 14:38:53.131072','2025-04-02 14:38:53.131072',1),(48,'2025-04-05',44,'Scheduled','2025-04-02 14:38:53.136073','2025-04-02 14:38:53.136073',1),(49,'2025-04-06',44,'Scheduled','2025-04-02 14:38:53.143585','2025-04-02 14:38:53.144584',1),(50,'2025-04-07',44,'Scheduled','2025-04-02 14:38:53.153462','2025-04-02 14:38:53.153462',1),(51,'2025-04-08',44,'Scheduled','2025-04-02 14:38:53.163973','2025-04-02 14:38:53.164974',1),(52,'2025-04-09',44,'Scheduled','2025-04-02 14:38:53.171485','2025-04-02 14:38:53.171485',1),(53,'2025-04-03',32,'Scheduled','2025-04-02 14:38:53.182996','2025-04-02 14:38:53.182996',2),(54,'2025-04-04',32,'Scheduled','2025-04-02 14:38:53.200954','2025-04-02 14:38:53.200954',2),(55,'2025-04-05',32,'Scheduled','2025-04-02 14:38:53.206955','2025-04-02 14:38:53.206955',2),(56,'2025-04-06',32,'Scheduled','2025-04-02 14:38:53.213032','2025-04-02 14:38:53.213032',2),(57,'2025-04-07',32,'Scheduled','2025-04-02 14:38:53.218393','2025-04-02 14:38:53.218393',2),(58,'2025-04-08',32,'Scheduled','2025-04-02 14:38:53.224298','2025-04-02 14:38:53.224298',2),(59,'2025-04-09',32,'Scheduled','2025-04-02 14:38:53.228297','2025-04-02 14:38:53.229975',2),(60,'2025-04-03',32,'Scheduled','2025-04-02 14:38:53.240150','2025-04-02 14:38:53.241101',3),(61,'2025-04-04',32,'Scheduled','2025-04-02 14:38:53.248941','2025-04-02 14:38:53.248941',3),(62,'2025-04-05',32,'Scheduled','2025-04-02 14:38:53.256458','2025-04-02 14:38:53.256458',3),(63,'2025-04-06',32,'Scheduled','2025-04-02 14:38:53.265012','2025-04-02 14:38:53.265012',3),(64,'2025-04-07',32,'Scheduled','2025-04-02 14:38:53.272345','2025-04-02 14:38:53.272345',3),(65,'2025-04-08',32,'Scheduled','2025-04-02 14:38:53.276385','2025-04-02 14:38:53.276385',3),(66,'2025-04-09',32,'Scheduled','2025-04-02 14:38:53.286908','2025-04-02 14:38:53.286908',3),(67,'2025-04-03',44,'Scheduled','2025-04-02 14:38:53.294429','2025-04-02 14:38:53.294429',4),(68,'2025-04-04',44,'Scheduled','2025-04-02 14:38:53.304963','2025-04-02 14:38:53.304963',4),(69,'2025-04-05',44,'Scheduled','2025-04-02 14:38:53.315490','2025-04-02 14:38:53.316490',4),(70,'2025-04-06',44,'Scheduled','2025-04-02 14:38:53.322041','2025-04-02 14:38:53.322041',4),(71,'2025-04-07',44,'Scheduled','2025-04-02 14:38:53.328634','2025-04-02 14:38:53.328634',4),(72,'2025-04-08',44,'Scheduled','2025-04-02 14:38:53.335144','2025-04-02 14:38:53.335144',4),(73,'2025-04-09',44,'Scheduled','2025-04-02 14:38:53.346665','2025-04-02 14:38:53.346665',4),(74,'2025-04-03',44,'Scheduled','2025-04-02 14:38:53.353175','2025-04-02 14:38:53.353175',5),(75,'2025-04-04',44,'Scheduled','2025-04-02 14:38:53.363295','2025-04-02 14:38:53.363295',5),(76,'2025-04-05',44,'Scheduled','2025-04-02 14:38:53.372811','2025-04-02 14:38:53.372811',5),(77,'2025-04-06',44,'Scheduled','2025-04-02 14:38:53.379812','2025-04-02 14:38:53.379812',5),(78,'2025-04-07',44,'Scheduled','2025-04-02 14:38:53.387037','2025-04-02 14:38:53.387037',5),(79,'2025-04-08',44,'Scheduled','2025-04-02 14:38:53.393896','2025-04-02 14:38:53.393896',5),(80,'2025-04-09',44,'Scheduled','2025-04-02 14:38:53.416846','2025-04-02 14:38:53.416846',5),(81,'2025-04-03',32,'Scheduled','2025-04-02 14:38:53.424395','2025-04-02 14:38:53.425392',6),(82,'2025-04-04',32,'Scheduled','2025-04-02 14:38:53.436414','2025-04-02 14:38:53.436414',6),(83,'2025-04-05',32,'Scheduled','2025-04-02 14:38:53.442366','2025-04-02 14:38:53.442366',6),(84,'2025-04-06',32,'Scheduled','2025-04-02 14:38:53.452904','2025-04-02 14:38:53.452904',6),(85,'2025-04-07',32,'Scheduled','2025-04-02 14:38:53.461414','2025-04-02 14:38:53.461414',6),(86,'2025-04-08',32,'Scheduled','2025-04-02 14:38:53.468414','2025-04-02 14:38:53.468414',6),(87,'2025-04-09',32,'Scheduled','2025-04-02 14:38:53.473925','2025-04-02 14:38:53.473925',6),(88,'2025-04-03',32,'Scheduled','2025-04-02 14:38:53.479925','2025-04-02 14:38:53.479925',7),(89,'2025-04-04',32,'Scheduled','2025-04-02 14:38:53.492409','2025-04-02 14:38:53.492409',7),(90,'2025-04-05',32,'Scheduled','2025-04-02 14:38:53.501928','2025-04-02 14:38:53.501928',7),(91,'2025-04-06',32,'Scheduled','2025-04-02 14:38:53.508927','2025-04-02 14:38:53.508927',7),(92,'2025-04-07',32,'Scheduled','2025-04-02 14:38:53.521169','2025-04-02 14:38:53.521169',7),(93,'2025-04-08',32,'Scheduled','2025-04-02 14:38:53.528679','2025-04-02 14:38:53.528679',7),(94,'2025-04-09',32,'Scheduled','2025-04-02 14:38:53.534216','2025-04-02 14:38:53.534216',7),(95,'2025-04-03',29,'Scheduled','2025-04-02 14:38:53.546746','2025-04-02 14:38:53.546746',8),(96,'2025-04-04',29,'Scheduled','2025-04-02 14:38:53.555271','2025-04-02 14:38:53.556271',8),(97,'2025-04-05',29,'Scheduled','2025-04-02 14:38:53.560816','2025-04-02 14:38:53.560816',8),(98,'2025-04-06',29,'Scheduled','2025-04-02 14:38:53.569819','2025-04-02 14:38:53.569819',8),(99,'2025-04-07',29,'Scheduled','2025-04-02 14:38:53.576213','2025-04-02 14:38:53.577212',8),(100,'2025-04-08',29,'Scheduled','2025-04-02 14:38:53.583371','2025-04-02 14:38:53.583371',8),(101,'2025-04-09',29,'Scheduled','2025-04-02 14:38:53.588370','2025-04-02 14:38:53.588370',8),(102,'2025-04-03',44,'Scheduled','2025-04-02 14:38:53.598885','2025-04-02 14:38:53.598885',9),(103,'2025-04-04',44,'Scheduled','2025-04-02 14:38:53.609112','2025-04-02 14:38:53.609112',9),(104,'2025-04-05',44,'Scheduled','2025-04-02 14:38:53.616917','2025-04-02 14:38:53.616917',9),(105,'2025-04-06',44,'Scheduled','2025-04-02 14:38:53.623998','2025-04-02 14:38:53.623998',9),(106,'2025-04-07',44,'Scheduled','2025-04-02 14:38:53.633214','2025-04-02 14:38:53.633214',9),(107,'2025-04-08',44,'Scheduled','2025-04-02 14:38:53.641727','2025-04-02 14:38:53.641727',9),(108,'2025-04-09',44,'Scheduled','2025-04-02 14:38:53.647750','2025-04-02 14:38:53.648726',9),(109,'2025-04-29',44,'Scheduled','2025-04-29 06:38:35.088953','2025-04-29 06:38:35.088953',1),(110,'2025-04-30',44,'Scheduled','2025-04-29 06:38:35.129734','2025-04-29 06:38:35.129734',1),(111,'2025-05-01',44,'Scheduled','2025-04-29 06:38:35.142564','2025-04-29 06:38:35.142564',1),(112,'2025-05-02',44,'Scheduled','2025-04-29 06:38:35.153984','2025-04-29 06:38:35.154806',1),(113,'2025-05-03',44,'Scheduled','2025-04-29 06:38:35.165496','2025-04-29 06:38:35.165496',1),(114,'2025-05-04',44,'Scheduled','2025-04-29 06:38:35.175921','2025-04-29 06:38:35.175921',1),(115,'2025-05-05',44,'Scheduled','2025-04-29 06:38:35.184645','2025-04-29 06:38:35.184645',1),(116,'2025-05-06',44,'Scheduled','2025-04-29 06:38:35.190039','2025-04-29 06:38:35.190039',1),(117,'2025-04-29',32,'Scheduled','2025-04-29 06:38:35.192078','2025-04-29 06:38:35.192078',2),(118,'2025-04-30',32,'Scheduled','2025-04-29 06:38:35.207427','2025-04-29 06:38:35.207427',2),(119,'2025-05-01',32,'Scheduled','2025-04-29 06:38:35.213515','2025-04-29 06:38:35.215199',2),(120,'2025-05-02',32,'Scheduled','2025-04-29 06:38:35.219443','2025-04-29 06:38:35.219443',2),(121,'2025-05-03',32,'Scheduled','2025-04-29 06:38:35.220613','2025-04-29 06:38:35.225381',2),(122,'2025-05-04',32,'Scheduled','2025-04-29 06:38:35.233136','2025-04-29 06:38:35.233136',2),(123,'2025-05-05',32,'Scheduled','2025-04-29 06:38:35.238855','2025-04-29 06:38:35.238855',2),(124,'2025-05-06',32,'Scheduled','2025-04-29 06:38:35.241357','2025-04-29 06:38:35.241357',2),(125,'2025-04-29',32,'Scheduled','2025-04-29 06:38:35.250073','2025-04-29 06:38:35.250073',3),(126,'2025-04-30',32,'Scheduled','2025-04-29 06:38:35.256418','2025-04-29 06:38:35.256418',3),(127,'2025-05-01',32,'Scheduled','2025-04-29 06:38:35.264874','2025-04-29 06:38:35.264874',3),(128,'2025-05-02',32,'Scheduled','2025-04-29 06:38:35.272258','2025-04-29 06:38:35.272258',3),(129,'2025-05-03',32,'Scheduled','2025-04-29 06:38:35.277417','2025-04-29 06:38:35.277417',3),(130,'2025-05-04',32,'Scheduled','2025-04-29 06:38:35.284357','2025-04-29 06:38:35.284357',3),(131,'2025-05-05',32,'Scheduled','2025-04-29 06:38:35.292060','2025-04-29 06:38:35.292060',3),(132,'2025-05-06',32,'Scheduled','2025-04-29 06:38:35.297593','2025-04-29 06:38:35.297593',3),(133,'2025-04-29',44,'Scheduled','2025-04-29 06:38:35.302792','2025-04-29 06:38:35.302792',4),(134,'2025-04-30',44,'Scheduled','2025-04-29 06:38:35.309695','2025-04-29 06:38:35.309695',4),(135,'2025-05-01',44,'Scheduled','2025-04-29 06:38:35.318800','2025-04-29 06:38:35.318800',4),(136,'2025-05-02',44,'Scheduled','2025-04-29 06:38:35.327102','2025-04-29 06:38:35.327102',4),(137,'2025-05-03',44,'Scheduled','2025-04-29 06:38:35.333763','2025-04-29 06:38:35.333763',4),(138,'2025-05-04',44,'Scheduled','2025-04-29 06:38:35.340483','2025-04-29 06:38:35.340483',4),(139,'2025-05-05',44,'Scheduled','2025-04-29 06:38:35.347476','2025-04-29 06:38:35.347476',4),(140,'2025-05-06',44,'Scheduled','2025-04-29 06:38:35.357961','2025-04-29 06:38:35.357961',4),(141,'2025-04-29',44,'Scheduled','2025-04-29 06:38:35.363799','2025-04-29 06:38:35.363799',5),(142,'2025-04-30',44,'Scheduled','2025-04-29 06:38:35.372222','2025-04-29 06:38:35.372222',5),(143,'2025-05-01',44,'Scheduled','2025-04-29 06:38:35.380669','2025-04-29 06:38:35.380669',5),(144,'2025-05-02',44,'Scheduled','2025-04-29 06:38:35.409176','2025-04-29 06:38:35.409176',5),(145,'2025-05-03',44,'Scheduled','2025-04-29 06:38:35.414505','2025-04-29 06:38:35.414505',5),(146,'2025-05-04',44,'Scheduled','2025-04-29 06:38:35.419321','2025-04-29 06:38:35.419321',5),(147,'2025-05-05',44,'Scheduled','2025-04-29 06:38:35.427809','2025-04-29 06:38:35.427809',5),(148,'2025-05-06',44,'Scheduled','2025-04-29 06:38:35.436172','2025-04-29 06:38:35.436172',5),(149,'2025-04-29',32,'Scheduled','2025-04-29 06:38:35.441740','2025-04-29 06:38:35.441740',6),(150,'2025-04-30',32,'Scheduled','2025-04-29 06:38:35.449203','2025-04-29 06:38:35.449203',6),(151,'2025-05-01',32,'Scheduled','2025-04-29 06:38:35.456988','2025-04-29 06:38:35.456988',6),(152,'2025-05-02',32,'Scheduled','2025-04-29 06:38:35.464481','2025-04-29 06:38:35.464481',6),(153,'2025-05-03',32,'Scheduled','2025-04-29 06:38:35.469862','2025-04-29 06:38:35.469862',6),(154,'2025-05-04',32,'Scheduled','2025-04-29 06:38:35.475617','2025-04-29 06:38:35.475617',6),(155,'2025-05-05',32,'Scheduled','2025-04-29 06:38:35.478150','2025-04-29 06:38:35.478150',6),(156,'2025-05-06',32,'Scheduled','2025-04-29 06:38:35.488158','2025-04-29 06:38:35.488158',6),(157,'2025-04-29',32,'Scheduled','2025-04-29 06:38:35.495681','2025-04-29 06:38:35.495681',7),(158,'2025-04-30',32,'Scheduled','2025-04-29 06:38:35.501232','2025-04-29 06:38:35.501232',7),(159,'2025-05-01',32,'Scheduled','2025-04-29 06:38:35.504524','2025-04-29 06:38:35.504524',7),(160,'2025-05-02',32,'Scheduled','2025-04-29 06:38:35.518479','2025-04-29 06:38:35.523492',7),(161,'2025-05-03',32,'Scheduled','2025-04-29 06:38:35.531984','2025-04-29 06:38:35.531984',7),(162,'2025-05-04',32,'Scheduled','2025-04-29 06:38:35.539856','2025-04-29 06:38:35.539856',7),(163,'2025-05-05',32,'Scheduled','2025-04-29 06:38:35.548225','2025-04-29 06:38:35.548225',7),(164,'2025-05-06',32,'Scheduled','2025-04-29 06:38:35.552767','2025-04-29 06:38:35.553769',7),(165,'2025-04-29',29,'Scheduled','2025-04-29 06:38:35.559683','2025-04-29 06:38:35.559683',8),(166,'2025-04-30',29,'Scheduled','2025-04-29 06:38:35.571741','2025-04-29 06:38:35.571741',8),(167,'2025-05-01',29,'Scheduled','2025-04-29 06:38:35.577623','2025-04-29 06:38:35.577623',8),(168,'2025-05-02',29,'Scheduled','2025-04-29 06:38:35.582441','2025-04-29 06:38:35.582441',8),(169,'2025-05-03',29,'Scheduled','2025-04-29 06:38:35.586994','2025-04-29 06:38:35.586994',8),(170,'2025-05-04',29,'Scheduled','2025-04-29 06:38:35.589565','2025-04-29 06:38:35.589565',8),(171,'2025-05-05',29,'Scheduled','2025-04-29 06:38:35.599716','2025-04-29 06:38:35.599716',8),(172,'2025-05-06',29,'Scheduled','2025-04-29 06:38:35.606347','2025-04-29 06:38:35.606347',8),(173,'2025-04-29',44,'Scheduled','2025-04-29 06:38:35.611990','2025-04-29 06:38:35.611990',9),(174,'2025-04-30',44,'Scheduled','2025-04-29 06:38:35.622729','2025-04-29 06:38:35.622729',9),(175,'2025-05-01',44,'Scheduled','2025-04-29 06:38:35.623699','2025-04-29 06:38:35.623699',9),(176,'2025-05-02',44,'Scheduled','2025-04-29 06:38:35.634073','2025-04-29 06:38:35.634073',9),(177,'2025-05-03',44,'Scheduled','2025-04-29 06:38:35.637109','2025-04-29 06:38:35.637109',9),(178,'2025-05-04',44,'Scheduled','2025-04-29 06:38:35.645440','2025-04-29 06:38:35.645440',9),(179,'2025-05-05',44,'Scheduled','2025-04-29 06:38:35.651850','2025-04-29 06:38:35.651850',9),(180,'2025-05-06',44,'Scheduled','2025-04-29 06:38:35.659906','2025-04-29 06:38:35.659906',9);
/*!40000 ALTER TABLE `booking_trip` ENABLE KEYS */;
UNLOCK TABLES;

--
-- Table structure for table `django_admin_log`
--

DROP TABLE IF EXISTS `django_admin_log`;
/*!40101 SET @saved_cs_client     = @@character_set_client */;
/*!50503 SET character_set_client = utf8mb4 */;
CREATE TABLE `django_admin_log` (
  `id` int NOT NULL AUTO_INCREMENT,
  `action_time` datetime(6) NOT NULL,
  `object_id` longtext,
  `object_repr` varchar(200) NOT NULL,
  `action_flag` smallint unsigned NOT NULL,
  `change_message` longtext NOT NULL,
  `content_type_id` int DEFAULT NULL,
  `user_id` int NOT NULL,
  PRIMARY KEY (`id`),
  KEY `django_admin_log_content_type_id_c4bce8eb_fk_django_co` (`content_type_id`),
  KEY `django_admin_log_user_id_c564eba6_fk_auth_user_id` (`user_id`),
  CONSTRAINT `django_admin_log_content_type_id_c4bce8eb_fk_django_co` FOREIGN KEY (`content_type_id`) REFERENCES `django_content_type` (`id`),
  CONSTRAINT `django_admin_log_user_id_c564eba6_fk_auth_user_id` FOREIGN KEY (`user_id`) REFERENCES `auth_user` (`id`),
  CONSTRAINT `django_admin_log_chk_1` CHECK ((`action_flag` >= 0))
) ENGINE=InnoDB AUTO_INCREMENT=73 DEFAULT CHARSET=utf8mb3;
/*!40101 SET character_set_client = @saved_cs_client */;

--
-- Dumping data for table `django_admin_log`
--

LOCK TABLES `django_admin_log` WRITE;
/*!40000 ALTER TABLE `django_admin_log` DISABLE KEYS */;
INSERT INTO `django_admin_log` VALUES (1,'2025-03-26 22:22:16.020029','2','Bến xe trung tâm Đà Nẵng - Đà Nẵng',1,'[{\"added\": {}}]',8,1),(2,'2025-03-26 22:25:01.360450','3','Đường tránh Huế - Thừa Thiên Huế',1,'[{\"added\": {}}]',8,1),(3,'2025-03-26 22:27:42.078343','4','Bến xe Đồng Hới - Quảng Bình',1,'[{\"added\": {}}]',8,1),(4,'2025-03-26 22:31:55.325746','5','Bến xe Quảng Ngãi - Quảng Ngãi',1,'[{\"added\": {}}]',8,1),(5,'2025-03-26 22:33:03.690788','6','Bến xe Đô Lương - Nghệ An',1,'[{\"added\": {}}]',8,1),(6,'2025-03-26 22:33:44.779694','7','Bến xe Con Cuông - Nghệ An',1,'[{\"added\": {}}]',8,1),(7,'2025-03-26 22:34:41.940395','8','Bến Xe Yên Thành - Nghệ An',1,'[{\"added\": {}}]',8,1),(8,'2025-03-26 22:48:05.790236','8','Bến Xe Yên Thành - Nghệ An',3,'',8,1),(9,'2025-03-26 22:48:05.790236','7','Bến xe Con Cuông - Nghệ An',3,'',8,1),(10,'2025-03-26 22:48:05.790236','6','Bến xe Đô Lương - Nghệ An',3,'',8,1),(11,'2025-03-26 22:48:05.790236','5','Bến xe Quảng Ngãi - Quảng Ngãi',3,'',8,1),(12,'2025-03-26 22:48:05.790236','4','Bến xe Đồng Hới - Quảng Bình',3,'',8,1),(13,'2025-03-26 22:48:05.790236','3','Đường tránh Huế - Thừa Thiên Huế',3,'',8,1),(14,'2025-03-26 22:48:05.790236','2','Bến xe trung tâm Đà Nẵng - Đà Nẵng',3,'',8,1),(15,'2025-03-26 22:59:11.808711','9','Bến xe trung tâm Đà Nẵng - DNANG',1,'[{\"added\": {}}]',8,1),(16,'2025-03-26 22:59:44.309270','10','Đường tránh Huế - TTTHUE',1,'[{\"added\": {}}]',8,1),(17,'2025-03-26 23:00:19.173568','11','Bến xe Đồng Hới - QBINH',1,'[{\"added\": {}}]',8,1),(18,'2025-03-26 23:01:26.654932','12','Bến xe Quảng Ngãi - QNGAI',1,'[{\"added\": {}}]',8,1),(19,'2025-03-26 23:01:57.730893','13','Bến xe Đô Lương - NAN',1,'[{\"added\": {}}]',8,1),(20,'2025-03-26 23:02:26.192530','14','Bến xe Con Cuông - NAN',1,'[{\"added\": {}}]',8,1),(21,'2025-03-26 23:03:47.464066','15','Bến xe Miền Tây - HCMINH',1,'[{\"added\": {}}]',8,1),(22,'2025-03-26 23:04:15.558671','16','Bến Xe Miền Đông - HCMINH',1,'[{\"added\": {}}]',8,1),(23,'2025-03-26 23:05:13.832102','17','Bến xe Nước Ngầm - HNOI',1,'[{\"added\": {}}]',8,1),(24,'2025-03-26 23:12:23.839948','1','43A-23412 - Sitting',1,'[{\"added\": {}}]',7,1),(25,'2025-03-26 23:12:50.876020','2','43A-55443 - Sleeper',1,'[{\"added\": {}}]',7,1),(26,'2025-03-26 23:13:40.147700','3','37A-35213 - SleeperVIP',1,'[{\"added\": {}}]',7,1),(27,'2025-03-26 23:13:58.851638','1','43A-23412 - Sitting',2,'[{\"changed\": {\"fields\": [\"Total seats\"]}}]',7,1),(28,'2025-03-26 23:14:24.043818','4','43A-99889 - SleeperVIP',1,'[{\"added\": {}}]',7,1),(29,'2025-03-26 23:14:34.940155','5','37A-35453 - Sitting',1,'[{\"added\": {}}]',7,1),(30,'2025-03-27 04:55:18.735694','5','37A-35453 - Sitting',2,'[{\"changed\": {\"fields\": [\"Total seats\"]}}]',7,1),(31,'2025-03-27 08:02:08.006908','5','37A-35453 - Sitting',2,'[]',7,1),(32,'2025-03-27 08:10:26.164209','4','43A-99889 - SleeperVIP',2,'[{\"changed\": {\"fields\": [\"Total seats\", \"Surcharge\"]}}]',7,1),(33,'2025-03-27 08:10:35.907752','3','37A-35213 - SleeperVIP',2,'[{\"changed\": {\"fields\": [\"Total seats\", \"Surcharge\"]}}]',7,1),(34,'2025-03-27 08:14:56.656356','2','43A-55443 - Sleeper',2,'[{\"changed\": {\"fields\": [\"Total seats\", \"Surcharge\"]}}]',7,1),(35,'2025-03-27 08:15:17.748275','1','43A-23412 - Sitting',2,'[{\"changed\": {\"fields\": [\"Total seats\"]}}]',7,1),(36,'2025-03-27 08:16:14.608126','6','37A-12123 - Sleeper',1,'[{\"added\": {}}]',7,1),(37,'2025-03-27 08:17:27.532724','1','43A-23412 - Sitting',2,'[{\"changed\": {\"fields\": [\"Total seats\"]}}]',7,1),(38,'2025-03-27 08:17:33.553786','1','43A-23412 - Sitting',2,'[{\"changed\": {\"fields\": [\"Total seats\"]}}]',7,1),(39,'2025-03-27 08:46:16.395877','7','43A-99999 - SleeperVIP',1,'[{\"added\": {}}]',7,1),(40,'2025-03-28 01:55:24.664799','1','Đà Nẵng - Nghệ An (Bến xe trung tâm Đà Nẵng - Đà Nẵng to Bến xe Đô Lương - Nghệ An)',1,'[{\"added\": {}}]',11,1),(41,'2025-03-28 01:56:32.181727','2','Đà Nẵng - Nghệ An (Bến xe trung tâm Đà Nẵng - Đà Nẵng to Bến xe Con Cuông - Nghệ An)',1,'[{\"added\": {}}]',11,1),(42,'2025-03-28 01:59:21.339589','3','Đà Nẵng - Hà Nội (Bến xe trung tâm Đà Nẵng - Đà Nẵng to Bến xe Nước Ngầm - Hà Nội)',1,'[{\"added\": {}}]',11,1),(43,'2025-03-28 02:01:36.060609','4','Đà Nẵng - Sài Gòn (Bến xe trung tâm Đà Nẵng - Đà Nẵng to Bến Xe Miền Đông - Hồ Chí Minh)',1,'[{\"added\": {}}]',11,1),(44,'2025-03-28 02:02:34.943605','4','Đà Nẵng - Thành Phố Hồ Chí Minh (Bến xe trung tâm Đà Nẵng - Đà Nẵng to Bến Xe Miền Đông - Hồ Chí Minh)',2,'[{\"changed\": {\"fields\": [\"Route name\"]}}]',11,1),(45,'2025-03-28 02:04:25.211983','5','Thành Phố Hồ Chí Minh - Đà Nẵng (Bến Xe Miền Đông - Hồ Chí Minh to Bến xe trung tâm Đà Nẵng - Đà Nẵng)',1,'[{\"added\": {}}]',11,1),(46,'2025-03-28 02:05:46.893116','6','Đà Nẵng - Thừa Thiên Huế (Bến xe trung tâm Đà Nẵng - Đà Nẵng to Đường tránh Huế - Thừa Thiên Huế)',1,'[{\"added\": {}}]',11,1),(47,'2025-03-28 02:06:16.165613','7','Thừa Thiên Huế - Đà Nẵng (Đường tránh Huế - Thừa Thiên Huế to Bến xe trung tâm Đà Nẵng - Đà Nẵng)',1,'[{\"added\": {}}]',11,1),(48,'2025-03-28 02:07:46.959098','8','Hà Nội - Đà Nẵng (Bến xe Nước Ngầm - Hà Nội to Bến xe trung tâm Đà Nẵng - Đà Nẵng)',1,'[{\"added\": {}}]',11,1),(49,'2025-03-28 02:09:30.953715','9','Đà Nãng - Quảng Ngãi (Bến xe trung tâm Đà Nẵng - Đà Nẵng to Bến xe Quảng Ngãi - Quảng Ngãi)',1,'[{\"added\": {}}]',11,1),(50,'2025-03-28 02:10:12.816566','10','Quãng Ngãi - Đà Nẵng (Bến xe Quảng Ngãi - Quảng Ngãi to Bến xe trung tâm Đà Nẵng - Đà Nẵng)',1,'[{\"added\": {}}]',11,1),(51,'2025-03-28 02:13:19.411141','1','Đà Nẵng - Nghệ An (Bến xe trung tâm Đà Nẵng - Đà Nẵng to Bến xe Đô Lương - Nghệ An) - 18:00:00',1,'[{\"added\": {}}]',12,1),(52,'2025-03-28 02:14:30.902407','2','Đà Nẵng - Nghệ An (Bến xe trung tâm Đà Nẵng - Đà Nẵng to Bến xe Con Cuông - Nghệ An) - 19:00:00',1,'[{\"added\": {}}]',12,1),(53,'2025-03-28 02:15:56.485220','3','Hà Nội - Đà Nẵng (Bến xe Nước Ngầm - Hà Nội to Bến xe trung tâm Đà Nẵng - Đà Nẵng) - 20:00:00',1,'[{\"added\": {}}]',12,1),(54,'2025-03-28 02:16:40.039416','4','Thừa Thiên Huế - Đà Nẵng (Đường tránh Huế - Thừa Thiên Huế to Bến xe trung tâm Đà Nẵng - Đà Nẵng) - 06:00:00',1,'[{\"added\": {}}]',12,1),(55,'2025-03-28 02:17:03.588801','5','Đà Nẵng - Thừa Thiên Huế (Bến xe trung tâm Đà Nẵng - Đà Nẵng to Đường tránh Huế - Thừa Thiên Huế) - 14:00:00',1,'[{\"added\": {}}]',12,1),(56,'2025-03-28 02:18:08.766508','6','Đà Nẵng - Thành Phố Hồ Chí Minh (Bến xe trung tâm Đà Nẵng - Đà Nẵng to Bến Xe Miền Đông - Hồ Chí Minh) - 17:00:00',1,'[{\"added\": {}}]',12,1),(57,'2025-03-28 02:18:49.208105','7','Thành Phố Hồ Chí Minh - Đà Nẵng (Bến Xe Miền Đông - Hồ Chí Minh to Bến xe trung tâm Đà Nẵng - Đà Nẵng) - 20:00:00',1,'[{\"added\": {}}]',12,1),(58,'2025-03-28 02:20:16.353379','3','Hà Nội - Đà Nẵng (Bến xe Nước Ngầm - Hà Nội to Bến xe trung tâm Đà Nẵng - Đà Nẵng) - 20:00:00',2,'[{\"changed\": {\"fields\": [\"Bus\"]}}]',12,1),(59,'2025-03-28 02:21:11.682732','8','29A-87877 - SleeperVIP',1,'[{\"added\": {}}]',7,1),(60,'2025-03-28 02:21:39.537983','9','29A-90901 - Sleeper',1,'[{\"added\": {}}]',7,1),(61,'2025-03-28 02:22:09.324683','10','43D-95454 - Sitting',1,'[{\"added\": {}}]',7,1),(62,'2025-03-28 02:22:30.088342','11','43A-99882 - SleeperVIP',1,'[{\"added\": {}}]',7,1),(63,'2025-03-28 02:22:44.758474','12','43A-23466 - Sleeper',1,'[{\"added\": {}}]',7,1),(64,'2025-03-28 02:23:15.482141','13','75C-66666 - Sitting',1,'[{\"added\": {}}]',7,1),(65,'2025-03-28 02:23:49.072282','14','75A-90999 - Sleeper',1,'[{\"added\": {}}]',7,1),(66,'2025-03-28 02:24:19.474041','3','Hà Nội - Đà Nẵng (Bến xe Nước Ngầm - Hà Nội to Bến xe trung tâm Đà Nẵng - Đà Nẵng) - 20:00:00',2,'[{\"changed\": {\"fields\": [\"Bus\"]}}]',12,1),(67,'2025-03-28 02:24:34.871858','2','Đà Nẵng - Nghệ An (Bến xe trung tâm Đà Nẵng - Đà Nẵng to Bến xe Con Cuông - Nghệ An) - 19:00:00',2,'[{\"changed\": {\"fields\": [\"Bus\"]}}]',12,1),(68,'2025-03-28 02:24:40.929344','1','Đà Nẵng - Nghệ An (Bến xe trung tâm Đà Nẵng - Đà Nẵng to Bến xe Đô Lương - Nghệ An) - 18:00:00',2,'[{\"changed\": {\"fields\": [\"Bus\"]}}]',12,1),(69,'2025-03-28 02:25:21.870291','8','Đà Nẵng - Thừa Thiên Huế (Bến xe trung tâm Đà Nẵng - Đà Nẵng to Đường tránh Huế - Thừa Thiên Huế) - 07:00:00',1,'[{\"added\": {}}]',12,1),(70,'2025-03-28 02:34:40.288184','9','Đà Nãng - Quảng Ngãi (Bến xe trung tâm Đà Nẵng - Đà Nẵng to Bến xe Quảng Ngãi - Quảng Ngãi) - 13:00:00',1,'[{\"added\": {}}]',12,1),(71,'2025-03-28 05:16:09.327723','9','Đà Nãng - Quảng Ngãi (Bến xe trung tâm Đà Nẵng - Đà Nẵng to Bến xe Quảng Ngãi - Quảng Ngãi)',2,'[]',11,1),(72,'2025-03-29 06:16:21.136909','1','Đà Nẵng - Nghệ An (Bến xe trung tâm Đà Nẵng - Đà Nẵng to Bến xe Đô Lương - Nghệ An)',2,'[{\"changed\": {\"fields\": [\"Estimated duration minutes\"]}}]',11,1);
/*!40000 ALTER TABLE `django_admin_log` ENABLE KEYS */;
UNLOCK TABLES;

--
-- Table structure for table `django_content_type`
--

DROP TABLE IF EXISTS `django_content_type`;
/*!40101 SET @saved_cs_client     = @@character_set_client */;
/*!50503 SET character_set_client = utf8mb4 */;
CREATE TABLE `django_content_type` (
  `id` int NOT NULL AUTO_INCREMENT,
  `app_label` varchar(100) NOT NULL,
  `model` varchar(100) NOT NULL,
  PRIMARY KEY (`id`),
  UNIQUE KEY `django_content_type_app_label_model_76bd3d3b_uniq` (`app_label`,`model`)
) ENGINE=InnoDB AUTO_INCREMENT=17 DEFAULT CHARSET=utf8mb3;
/*!40101 SET character_set_client = @saved_cs_client */;

--
-- Dumping data for table `django_content_type`
--

LOCK TABLES `django_content_type` WRITE;
/*!40000 ALTER TABLE `django_content_type` DISABLE KEYS */;
INSERT INTO `django_content_type` VALUES (1,'admin','logentry'),(3,'auth','group'),(2,'auth','permission'),(4,'auth','user'),(9,'booking','booking'),(7,'booking','bus'),(8,'booking','busstation'),(10,'booking','cancellationrequest'),(15,'booking','pricelist'),(11,'booking','route'),(12,'booking','schedule'),(13,'booking','seat'),(16,'booking','seattrip'),(14,'booking','trip'),(5,'contenttypes','contenttype'),(6,'sessions','session');
/*!40000 ALTER TABLE `django_content_type` ENABLE KEYS */;
UNLOCK TABLES;

--
-- Table structure for table `django_migrations`
--

DROP TABLE IF EXISTS `django_migrations`;
/*!40101 SET @saved_cs_client     = @@character_set_client */;
/*!50503 SET character_set_client = utf8mb4 */;
CREATE TABLE `django_migrations` (
  `id` bigint NOT NULL AUTO_INCREMENT,
  `app` varchar(255) NOT NULL,
  `name` varchar(255) NOT NULL,
  `applied` datetime(6) NOT NULL,
  PRIMARY KEY (`id`)
) ENGINE=InnoDB AUTO_INCREMENT=25 DEFAULT CHARSET=utf8mb3;
/*!40101 SET character_set_client = @saved_cs_client */;

--
-- Dumping data for table `django_migrations`
--

LOCK TABLES `django_migrations` WRITE;
/*!40000 ALTER TABLE `django_migrations` DISABLE KEYS */;
INSERT INTO `django_migrations` VALUES (1,'contenttypes','0001_initial','2025-03-25 15:10:43.549047'),(2,'auth','0001_initial','2025-03-25 15:10:43.831686'),(3,'admin','0001_initial','2025-03-25 15:10:43.907949'),(4,'admin','0002_logentry_remove_auto_add','2025-03-25 15:10:43.921759'),(5,'admin','0003_logentry_add_action_flag_choices','2025-03-25 15:10:43.926351'),(6,'contenttypes','0002_remove_content_type_name','2025-03-25 15:10:43.983568'),(7,'auth','0002_alter_permission_name_max_length','2025-03-25 15:10:44.024780'),(8,'auth','0003_alter_user_email_max_length','2025-03-25 15:10:44.072958'),(9,'auth','0004_alter_user_username_opts','2025-03-25 15:10:44.078264'),(10,'auth','0005_alter_user_last_login_null','2025-03-25 15:10:44.140950'),(11,'auth','0006_require_contenttypes_0002','2025-03-25 15:10:44.142946'),(12,'auth','0007_alter_validators_add_error_messages','2025-03-25 15:10:44.148460'),(13,'auth','0008_alter_user_username_max_length','2025-03-25 15:10:44.201315'),(14,'auth','0009_alter_user_last_name_max_length','2025-03-25 15:10:44.261214'),(15,'auth','0010_alter_group_name_max_length','2025-03-25 15:10:44.313678'),(16,'auth','0011_update_proxy_permissions','2025-03-25 15:10:44.318208'),(17,'auth','0012_alter_user_first_name_max_length','2025-03-25 15:10:44.360970'),(18,'booking','0001_initial','2025-03-25 15:10:44.920662'),(19,'sessions','0001_initial','2025-03-25 15:10:44.945645'),(20,'booking','0002_remove_busstation_city','2025-03-26 22:15:10.043502'),(21,'booking','0003_remove_busstation_contact_number','2025-03-26 22:20:05.996764'),(22,'booking','0004_alter_busstation_province','2025-03-26 22:58:03.144620'),(23,'booking','0005_alter_bus_bus_type','2025-03-26 23:11:44.381368'),(24,'booking','0006_remove_seat_seat_type_bus_surcharge_route_base_price_and_more','2025-03-27 04:51:06.058363');
/*!40000 ALTER TABLE `django_migrations` ENABLE KEYS */;
UNLOCK TABLES;

--
-- Table structure for table `django_session`
--

DROP TABLE IF EXISTS `django_session`;
/*!40101 SET @saved_cs_client     = @@character_set_client */;
/*!50503 SET character_set_client = utf8mb4 */;
CREATE TABLE `django_session` (
  `session_key` varchar(40) NOT NULL,
  `session_data` longtext NOT NULL,
  `expire_date` datetime(6) NOT NULL,
  PRIMARY KEY (`session_key`),
  KEY `django_session_expire_date_a5c62663` (`expire_date`)
) ENGINE=InnoDB DEFAULT CHARSET=utf8mb3;
/*!40101 SET character_set_client = @saved_cs_client */;

--
-- Dumping data for table `django_session`
--

LOCK TABLES `django_session` WRITE;
/*!40000 ALTER TABLE `django_session` DISABLE KEYS */;
INSERT INTO `django_session` VALUES ('47wanwa7f1yd895c27edyrw3tsm9miab','eyJvdHAiOjU5NjIwMCwiX3Nlc3Npb25fZXhwaXJ5IjozMDB9:1u0F0b:Bl65xaMSm9t7OykuYt83R9PjL6hczb2pqUQQd8-ODKw','2025-04-03 07:34:05.921352'),('6yj3g02s87nwuqf1wxpgb78yskjbxy4x','.eJxVjcsOwiAURP-FtSGXV8Eu3fsNhMfFogaa0iYa479LExe6nTNz5kWs29bJbg0XmyMZCSOH38y7cMOyg3h15VJpqGVdsqd7hX5po-ca8X76dv8Ek2tTXw8AJgXgkRsJhqdg2CDcwLURiQmPMsoY9VGBNJhUSBiSlgDKKO0Z96FL6zqTUUMXyf7QsLVci8XHnJcnGQXA-wMN-EJD:1u0CCd:YjQNQhwnYZEtn5JFIH2vQ8BBO1lxA0lw-gVF0nlDERM','2025-04-03 04:34:19.842324'),('el6kazbb0qcztzldavjb4dc9vh8q0a4w','eyJvdHAiOjc4ODMzNiwiX3Nlc3Npb25fZXhwaXJ5IjozMDB9:1u0EJz:U1txXFI1-EDtZ_58LZMQoH274IVtmSHMyHaRPILiWn4','2025-04-03 06:50:03.844219'),('gzh7jfha2bx2gmsfbljzkuik5tmhr9b9','eyJvdHAiOjI5MzQyOCwiX3Nlc3Npb25fZXhwaXJ5Ijo2MH0:1u9eom:XjWVh1ISmhyLBFh6r2kTs2iWdSdfIJDcuhytLBP9CqM','2025-04-29 06:52:48.990136'),('ix53njwa5ck4yz1upfj0x68ewoctz3wq','eyJvdHAiOjcwNzMwMCwiX3Nlc3Npb25fZXhwaXJ5Ijo2MH0:1u9eni:l0VzYULrxNFqYCctAL03xnJ8jJe37_pSwomQEZD8Mls','2025-04-29 06:51:42.317472'),('ljbm57nwn85bck5cxx0i7c3dvhlu3ihz','eyJvdHAiOjgzOTA3MiwiX3Nlc3Npb25fZXhwaXJ5Ijo2MH0:1u9edI:4pkdX6qiHm4uE45gXUtDqukLQNteVsU80XFL20AHgU4','2025-04-29 06:40:56.110118'),('mjzxbzi78lz4axnc0n04nsta8ju649me','eyJvdHAiOjcwNDA1OCwiX3Nlc3Npb25fZXhwaXJ5IjozMDB9:1u0EQy:1NS8mrJhxg2kMlIbsGi-IvM3GGkUapYgXTUBIeavIjc','2025-04-03 06:57:16.547583');
/*!40000 ALTER TABLE `django_session` ENABLE KEYS */;
UNLOCK TABLES;
/*!40103 SET TIME_ZONE=@OLD_TIME_ZONE */;

/*!40101 SET SQL_MODE=@OLD_SQL_MODE */;
/*!40014 SET FOREIGN_KEY_CHECKS=@OLD_FOREIGN_KEY_CHECKS */;
/*!40014 SET UNIQUE_CHECKS=@OLD_UNIQUE_CHECKS */;
/*!40101 SET CHARACTER_SET_CLIENT=@OLD_CHARACTER_SET_CLIENT */;
/*!40101 SET CHARACTER_SET_RESULTS=@OLD_CHARACTER_SET_RESULTS */;
/*!40101 SET COLLATION_CONNECTION=@OLD_COLLATION_CONNECTION */;
/*!40111 SET SQL_NOTES=@OLD_SQL_NOTES */;

-- Dump completed on 2025-04-29 18:54:07
